"Taxa"	"joans14"	"joans21"	"joans29"	"joans41"	"joans44"	"joans49"	"joans51"	"joans56"	"joans57"
"Metabolism|Global and overview maps|Metabolic pathways"	0.140684047366636	0.153236852788402	0.151637555485069	0.143955825844712	0.153377652194824	0.155598450950925	0.158456188089441	0.1529110636119	0.145068180949667
"Metabolism|Global and overview maps|Biosynthesis of secondary metabolites"	0.0567661442043346	0.0679496466055252	0.0658611766836287	0.0602468427550938	0.0654958524827371	0.0663982917470587	0.0661617134762814	0.0665703228477788	0.0603536338698683
"Metabolism|Global and overview maps|Biosynthesis of antibiotics"	0.0437602890957551	0.0514933992581437	0.0511945354615292	0.0483155172565729	0.0514127445899912	0.0524356168317366	0.0521105781739441	0.0514318547494152	0.0467797604464062
"Metabolism|Global and overview maps|Microbial metabolism in diverse environments"	0.0567763241702746	0.0472478481787683	0.0492358688479763	0.051007978208352	0.0474721050390368	0.0476419341473352	0.0452516222922459	0.0483153897858334	0.0538759496527958
"Environmental Information Processing|Membrane transport|ABC transporters"	0.0545720796310756	0.0433474978919608	0.0509361807659069	0.0595699559527951	0.0447478528097778	0.0411294896331309	0.036129067224057	0.046849099937429	0.0524134856390781
"Environmental Information Processing|Signal transduction|Two-component system"	0.0423310486139428	0.0366694738961857	0.0366439722853499	0.0451496695166371	0.0362584695479844	0.0328229110351621	0.0325805151834711	0.0351117055363597	0.0411818174559254
"Metabolism|Global and overview maps|Biosynthesis of amino acids"	0.0226216829168871	0.0321210864826744	0.0329634189793331	0.0296243252071661	0.0316781690087099	0.0319588884749767	0.0308475920341306	0.0322378073780444	0.0268094132515703
"Metabolism|Global and overview maps|Carbon metabolism"	0.0242467692861311	0.0251906925453767	0.0255407288609546	0.025094347127877	0.0259184529652071	0.0265424730775994	0.026862396907833	0.0255683131027891	0.0247109757148408
"Cellular Processes|Cellular community - prokaryotes|Quorum sensing"	0.0220495155188215	0.0242238738796503	0.0238220505948405	0.0270832709777968	0.0222885132332501	0.0203883814252646	0.0185409637753174	0.0233308212391444	0.0235911521575751
"Metabolism|Nucleotide metabolism|Purine metabolism"	0.0144999968787576	0.0162008599562734	0.0159298609393409	0.0149259987332201	0.0167279013247762	0.0171884759230547	0.017813325220166	0.0163273555918806	0.0150598726919613
"Metabolism|Carbohydrate metabolism|Amino sugar and nucleotide sugar metabolism"	0.0159168960809203	0.0160507801002617	0.015324308111423	0.0144275842138943	0.0146555982940244	0.0145286216184598	0.0150459116028816	0.0154793082763425	0.0152042370777852
"Environmental Information Processing|Membrane transport|Phosphotransferase system (PTS)"	0.0245796781908657	0.0147755417710031	0.0147079562215307	0.0147172353015685	0.0105457355755115	0.0094138508728962	0.00695286946371785	0.0143292604815085	0.0192194490649382
"Genetic Information Processing|Translation|Ribosome"	0.00824997599910407	0.0139321506631499	0.013321405600929	0.0113196910090103	0.0144601567904037	0.0152025013629583	0.0160388911534016	0.0138189784995708	0.0103609068638061
"Metabolism|Nucleotide metabolism|Pyrimidine metabolism"	0.0107668837899697	0.0125350934158514	0.0122553966419188	0.0107820013255431	0.012940290096338	0.0135021155153865	0.0142699238403031	0.0125827731220656	0.0112364658275153
"Metabolism|Carbohydrate metabolism|Glycolysis / Gluconeogenesis"	0.0128451296777446	0.0112191099312481	0.0113745924436846	0.0120583238394331	0.011007671104534	0.0108923999045646	0.0108696910456201	0.0113437827096304	0.0121692946941554
"Metabolism|Carbohydrate metabolism|Starch and sucrose metabolism"	0.00903255122291349	0.0134852349352691	0.0124840139494847	0.0110190204462485	0.0110281274564806	0.0104701058078181	0.0104263544696456	0.0126429962540049	0.0105998125644778
"Metabolism|Carbohydrate metabolism|Pyruvate metabolism"	0.0107155700642747	0.0101700189268559	0.0107766314698852	0.0108776277874729	0.0107682224771904	0.0112215789654227	0.0110191445774192	0.0106613175830556	0.0111424497815834
"Metabolism|Carbohydrate metabolism|Fructose and mannose metabolism"	0.0149400697751779	0.00996195295640629	0.00950254670803663	0.00945557308263017	0.00854057893968971	0.00808837622082688	0.0081537628578061	0.00961523978442365	0.0122562995874711
"Metabolism|Carbohydrate metabolism|Glyoxylate and dicarboxylate metabolism"	0.00900596091983314	0.00911796833276426	0.00881160231426302	0.00825482886419773	0.00869587866699546	0.00878403056846423	0.0088245580954116	0.00898604703926843	0.00895542863514064
"Metabolism|Amino acid metabolism|Cysteine and methionine metabolism"	0.00626495365575958	0.00942005948915842	0.00948440253045707	0.00858696229795618	0.00934862328126765	0.00949107011619816	0.00946237671242397	0.00945247221774921	0.00764164479535896
"Metabolism|Energy metabolism|Carbon fixation pathways in prokaryotes"	0.00710081711773635	0.00905937820414845	0.00875838693460632	0.0077725048716256	0.00873366255674432	0.008998821636455	0.0092358769185014	0.00884699881269141	0.00776051303053409
"Metabolism|Amino acid metabolism|Glycine, serine and threonine metabolism"	0.00653034841689078	0.00862964053418403	0.00835382397708826	0.00763503348826767	0.00857112410409689	0.00873794790975851	0.0089229756510315	0.00855512902632579	0.00731900672026767
"Metabolism|Carbohydrate metabolism|Propanoate metabolism"	0.0088632758181309	0.00720883284398057	0.00747215197748406	0.00765594901517023	0.00711143548179299	0.00730081314434941	0.00708270575632116	0.0073908964011229	0.00850237342714625
"Metabolism|Energy metabolism|Methane metabolism"	0.00753073008161122	0.00715222922717081	0.00753179126866412	0.00731168523993336	0.00744884063519567	0.0077113572735464	0.00774102151015909	0.00740354292884949	0.00738208726311595
"Metabolism|Energy metabolism|Oxidative phosphorylation"	0.00663721116408796	0.00711913119036837	0.00655239404127984	0.00728216367318066	0.00779471579192039	0.00777256999245468	0.00840334938626164	0.00693632265412117	0.0066020421931259
"Genetic Information Processing|Translation|Aminoacyl-tRNA biosynthesis"	0.00379397565873905	0.00741101781759282	0.00739511075328416	0.00620634779324158	0.00772736103881121	0.00806345443220728	0.00823753284590906	0.00746777768828029	0.00526860684848811
"Metabolism|Carbohydrate metabolism|Butanoate metabolism"	0.00910798930563439	0.00547901657542336	0.00649970617639932	0.00701424774784944	0.00631820254119313	0.00668946967733209	0.00617802219577624	0.00613887519912693	0.00800600618216561
"Metabolism|Amino acid metabolism|Alanine, aspartate and glutamate metabolism"	0.00650201040787664	0.006452113932058	0.00659158018476935	0.00633119249154968	0.00688468456030144	0.00706131776098991	0.00743394986748141	0.00664708994768129	0.00679238036121583
"Cellular Processes|Cellular community - prokaryotes|Biofilm formation - Escherichia coli"	0.00970440733389844	0.00642040557045741	0.00630865084333524	0.00688584690940196	0.00617466723565852	0.00574913909598731	0.00528856642232492	0.00612372424402736	0.00799572367369178
"Metabolism|Carbohydrate metabolism|Galactose metabolism"	0.00769325442199906	0.00671577566303344	0.00655478061300101	0.00605680021159217	0.00629364722430599	0.00599354498229832	0.00699584632435833	0.00647807640243224	0.00698658022851738
"Metabolism|Global and overview maps|Fatty acid metabolism"	0.00583430433273455	0.00638337445021214	0.00635846692812816	0.00655282082836941	0.00687888479979512	0.00705929670872716	0.00737516419218388	0.0064896027265378	0.00599168195801801
"Metabolism|Carbohydrate metabolism|Citrate cycle (TCA cycle)"	0.00551691719861127	0.00689900153358231	0.00629013368651716	0.00561648334375317	0.00643760305130503	0.00655045933871679	0.0067777603096559	0.00652198179961839	0.00566265197610739
"Environmental Information Processing|Membrane transport|Bacterial secretion system"	0.007591479517694	0.00605342690112234	0.00561105460393675	0.00594319574785151	0.00614823839174375	0.00616398352773425	0.00619873668105212	0.00584794097248846	0.00656398122342654
"Metabolism|Metabolism of cofactors and vitamins|Porphyrin and chlorophyll metabolism"	0.00400231816428987	0.00839900637463479	0.00723920927427226	0.00584342632032586	0.00596221392887891	0.00578487045651274	0.00513773824981817	0.00744812546468364	0.00585793276366763
"Metabolism|Global and overview maps|2-Oxocarboxylic acid metabolism"	0.00535274325509573	0.00640299446935654	0.00693536762722757	0.00635814874400164	0.00621519247072028	0.00621585295918906	0.00534035471927006	0.0065467873328418	0.00591543243878776
"Metabolism|Carbohydrate metabolism|Pentose phosphate pathway"	0.00687148647597423	0.00592915675551193	0.00594002107815241	0.00639839464570118	0.00588036839471744	0.00571248744425688	0.00581782750447853	0.00590053131373676	0.0063148698340475
"Human Diseases|Drug resistance: Antimicrobial|beta-Lactam resistance"	0.00870093028995845	0.00513450892770247	0.0052163685163142	0.00572820338144137	0.0054854398827964	0.00543642906097211	0.00586283853568699	0.00535183520054065	0.00712093636350216
"Metabolism|Glycan biosynthesis and metabolism|Peptidoglycan biosynthesis"	0.00366631841416879	0.00611928649973778	0.00628419765950171	0.00575464807600805	0.00662404440655285	0.00693562886111942	0.00711549271264341	0.00637049274417233	0.00492908690806792
"Metabolism|Amino acid metabolism|Phenylalanine, tyrosine and tryptophan biosynthesis"	0.00405787689818417	0.0066399379305069	0.00646378993476374	0.00556958025764106	0.00626820601245143	0.00650614601935485	0.00618742601398524	0.00653353413504747	0.00519490841492638
"Genetic Information Processing|Replication and repair|Homologous recombination"	0.0042782509382787	0.00591191447122456	0.00573586895431209	0.00518226477705741	0.00643582441551189	0.00679512021996006	0.00738646184641066	0.00601501588800913	0.00490698417839888
"Cellular Processes|Cellular community - prokaryotes|Biofilm formation - Vibrio cholerae"	0.0072094216157461	0.00600057886984913	0.00549031692928877	0.00607231231327625	0.00557023108210198	0.00523496555325754	0.00516898662916275	0.00557947155255438	0.00623758151417463
"Cellular Processes|Cellular community - prokaryotes|Biofilm formation - Pseudomonas aeruginosa"	0.00468590742400178	0.00549489393797963	0.00457281283554668	0.00671277023517164	0.00545973492391797	0.00481371189515229	0.00455702941589457	0.00492309008824904	0.00514659047628574
"Metabolism|Glycan biosynthesis and metabolism|Lipopolysaccharide biosynthesis"	0.00561031094569647	0.00503440172418962	0.00483525379685416	0.00415058236670812	0.00509153522866147	0.00534477078917626	0.00535448015720901	0.00494665794948345	0.00491496645125545
"Metabolism|Amino acid metabolism|Valine, leucine and isoleucine degradation"	0.00358158357751047	0.00499959105167087	0.00548633876976376	0.00509063526079172	0.00511498146145056	0.00541633452996643	0.0049379632573285	0.0053411433426267	0.00474247763474603
"Genetic Information Processing|Replication and repair|Mismatch repair"	0.00368021938947939	0.00500487685448049	0.00487214395595763	0.00456098425900775	0.00542898115814695	0.00571080284855789	0.00605482423770491	0.00507672206003664	0.00420363822428178
"Cellular Processes|Cell growth and death|Cell cycle - Caulobacter"	0.00262326804365685	0.00545231474398814	0.00499083489314217	0.00567664392319643	0.00557794734874272	0.00533605173501001	0.00545359887527247	0.00521375322637321	0.00395920560936518
"Metabolism|Lipid metabolism|Fatty acid biosynthesis"	0.0037904081548176	0.00523824533420237	0.00468787630353001	0.00456553452369275	0.00528928855406238	0.00531000979297407	0.00611824235650459	0.00501207213922466	0.00416044090202563
"Metabolism|Amino acid metabolism|Lysine biosynthesis"	0.00305943342251098	0.00490728629997021	0.0052827086634094	0.00485435029442252	0.00537313438089538	0.00554429079123651	0.00553864237815569	0.00512209770654611	0.00390236160417494
"Metabolism|Energy metabolism|Sulfur metabolism"	0.00735094475510394	0.00405805349264225	0.00435243466746318	0.00500654155989093	0.00426823411372567	0.00422069172076752	0.00386820501589411	0.0042359046582065	0.0058862566493569
"Genetic Information Processing|Folding, sorting and degradation|RNA degradation"	0.00327457600216939	0.00448242039380258	0.00433546353154007	0.00419696169272819	0.00511259716225673	0.00532629976208432	0.00583614545836756	0.00457615791114377	0.00374418848188002
"Metabolism|Metabolism of cofactors and vitamins|Folate biosynthesis"	0.00436388639414576	0.00469949095117062	0.00435898979649076	0.00397592246702326	0.00442571681419407	0.00464153737773143	0.00452454120206177	0.00459781238319318	0.00448212088103638
"Metabolism|Amino acid metabolism|Arginine and proline metabolism"	0.0045780824170756	0.00440824076281505	0.00454680438822844	0.00414349713244453	0.00419430694105508	0.00417431561943076	0.00386324997302899	0.00441851488232791	0.00481354801372618
"Metabolism|Energy metabolism|Carbon fixation in photosynthetic organisms"	0.0044007479249566	0.00417823032808031	0.00414057531133817	0.00437350924447529	0.00435898113821764	0.0044073401111634	0.00446699795531535	0.00420162945327262	0.00419825866717446
"Human Diseases|Drug resistance: Antimicrobial|Cationic antimicrobial peptide (CAMP) resistance"	0.00687112420918087	0.00383175029989952	0.00348748380476958	0.00347477381278896	0.00378417602815218	0.0038955667768512	0.00434174566953156	0.00366600657472204	0.00525035399194353
"Metabolism|Metabolism of cofactors and vitamins|Nicotinate and nicotinamide metabolism"	0.00502310642614877	0.00393270917770093	0.00396112726960535	0.00390085468377824	0.00420303802571387	0.00434921868847651	0.00449604389020858	0.00402969449002214	0.00442434672132478
"Genetic Information Processing|Replication and repair|DNA replication"	0.00293723914162858	0.00406283484010062	0.00396061170169612	0.00379508679649227	0.00458431079368295	0.00483550377842899	0.0052054044230293	0.00416341537598661	0.00339245487339326
"Genetic Information Processing|Folding, sorting and degradation|Protein export"	0.0030161164832239	0.0044880846436802	0.00425823250365569	0.00367637781731648	0.00436756565174343	0.00449565115280875	0.00459383470322216	0.00432759559872689	0.00352688041367297
"Metabolism|Metabolism of cofactors and vitamins|Biotin metabolism"	0.00415400474180311	0.00404778138092933	0.00373922389241538	0.00372211633775181	0.00422458924514414	0.00425961447317572	0.00471552887027403	0.00394024903280272	0.0038570067983628
"Metabolism|Metabolism of cofactors and vitamins|Pantothenate and CoA biosynthesis"	0.00371455989538497	0.00414898931317199	0.00427064938892698	0.00376344366236913	0.00405022580250281	0.00418278360055053	0.00391210953043704	0.00419990526595831	0.00389621575027685
"Metabolism|Metabolism of terpenoids and polyketides|Terpenoid backbone biosynthesis"	0.00250333064303622	0.00439537178941055	0.00428729818128173	0.00364404096337812	0.00436436478699004	0.00453493230676657	0.00445961248814323	0.00434650164841488	0.00323582573057099
"Metabolism|Energy metabolism|Nitrogen metabolism"	0.00398983152844625	0.00390078224492407	0.00394514638178139	0.00419907316349042	0.00398676935953505	0.00387108192939299	0.00379405092127344	0.00395014385166119	0.00403879375059603
"Metabolism|Metabolism of other amino acids|Selenocompound metabolism"	0.00404499646917027	0.00360384014704475	0.00369040410382302	0.00384633191236202	0.0037038659529252	0.00370063267769227	0.0036206497662643	0.00366266500787828	0.00377983318037523
"Metabolism|Amino acid metabolism|Arginine biosynthesis"	0.00355014872749119	0.00379264272390058	0.00393119484353517	0.00371130840671132	0.00369849364522222	0.00366165571753623	0.00351770136085147	0.0038442703196559	0.00371794790111896
"Metabolism|Lipid metabolism|Fatty acid degradation"	0.00433858017798311	0.00276184711110359	0.0035659860150089	0.0043301550621191	0.00355127280233522	0.00375640015105786	0.0032731215438909	0.00329622679963748	0.00417203602852875
"Metabolism|Carbohydrate metabolism|Pentose and glucuronate interconversions"	0.00614574608126287	0.00259639191810393	0.00320952679373072	0.00421470976047372	0.00299813192380695	0.00277598967630448	0.00285152636189482	0.00296051879038394	0.00480154965251256
"Metabolism|Amino acid metabolism|Histidine metabolism"	0.00201882643607223	0.00411704094752144	0.00419997112991466	0.00346698430205943	0.0039040192564186	0.00393017846539385	0.00364014920948917	0.00401395170999458	0.0030800015853935
"Cellular Processes|Cell motility|Bacterial chemotaxis"	0.00558255618362991	0.00290350172441282	0.00275628950505406	0.00530214217256874	0.00333121013309529	0.00267041364159924	0.00240734867165719	0.00284977065892529	0.00449786919597478
"Metabolism|Metabolism of cofactors and vitamins|One carbon pool by folate"	0.00223121104825967	0.00368348535118056	0.00367035363155967	0.00304086264539356	0.00402530506598922	0.00416617299370613	0.0046331518514215	0.00373102865855477	0.00280141571407976
"Metabolism|Lipid metabolism|Glycerophospholipid metabolism"	0.0047647436794981	0.00316037512655885	0.00288673069449801	0.00325072413073131	0.00321300101048194	0.00320186660741621	0.00341477141155828	0.0030141520769736	0.00380823214232672
"Metabolism|Metabolism of cofactors and vitamins|Thiamine metabolism"	0.00234242423102823	0.00343355349337425	0.00340080915189558	0.00300518290249784	0.00346215445250981	0.00352932757959915	0.00359467333071457	0.00341498119760996	0.00277362534472866
"Metabolism|Amino acid metabolism|Phenylalanine metabolism"	0.00329335862749725	0.00279404307498942	0.00313562934644899	0.00309142313809028	0.00292131705716095	0.00303400876471765	0.00273177731675998	0.00297141832106469	0.00344533292660705
"Metabolism|Lipid metabolism|Glycerolipid metabolism"	0.00319994471466122	0.00336795924852852	0.00315960952957969	0.00293597507537328	0.00274714892123502	0.00264909852002175	0.00256801791081087	0.00319877804607802	0.00330208051377882
"Cellular Processes|Cell motility|Flagellar assembly"	0.00711742523141192	0.00204790797438737	0.00167048127505475	0.00386210570428559	0.00227053930496223	0.00181945121601505	0.00150260914739467	0.00190218675101712	0.00450375969403259
"Metabolism|Amino acid metabolism|Valine, leucine and isoleucine biosynthesis"	0.00256834130658766	0.00270882341581992	0.0030416992097721	0.00285396225269835	0.00273068121390903	0.00272243258957849	0.00227097738178159	0.00280864393931872	0.00271180597716328
"Metabolism|Xenobiotics biodegradation and metabolism|Benzoate degradation"	0.00262140810963633	0.00215286392007552	0.00299716985708983	0.00297987693768813	0.00268398511239098	0.00293460310788757	0.00218492032324094	0.00263620890651159	0.00289349336409178
"Metabolism|Metabolism of cofactors and vitamins|Riboflavin metabolism"	0.00262986806519956	0.00260761717826118	0.0026041749772601	0.00213255222251493	0.00273966979998482	0.00283725680511197	0.00313937429747597	0.00265328385490585	0.00248723198122624
"Genetic Information Processing|Replication and repair|Base excision repair"	0.00221350967878985	0.00268196710307901	0.00261692501346935	0.00239502287693672	0.00265815372113709	0.00270465770616329	0.0026718312873604	0.00262425098767288	0.00234870560471711
"Metabolism|Metabolism of other amino acids|beta-Alanine metabolism"	0.00299858478019069	0.00235956336958829	0.00249726002571324	0.00234976392795564	0.0021714004691487	0.00230278904401491	0.00187520056760097	0.00248599624846516	0.00302886997507902
"Metabolism|Global and overview maps|Degradation of aromatic compounds"	0.00366180517058642	0.00204706822483465	0.00229793851905176	0.00262584432369598	0.00194335076242788	0.00188199077133224	0.00155300056273223	0.00214513032147769	0.00376985684540918
"Metabolism|Amino acid metabolism|Tyrosine metabolism"	0.00346472078549563	0.00185894097990042	0.00218141710693509	0.0026642035646329	0.00204639163670832	0.00209909656948816	0.00188280716800372	0.00209662985285289	0.00320299699292061
"Metabolism|Xenobiotics biodegradation and metabolism|Drug metabolism - other enzymes"	0.00236645700728645	0.00233654932412014	0.00225347111044181	0.00207635200209203	0.00240486410769457	0.00251199570963682	0.00273190472352132	0.00235140389661117	0.00232155158942256
"Genetic Information Processing|Replication and repair|Nucleotide excision repair"	0.00169564209867091	0.00239498601630034	0.00238442871727782	0.00217369494673444	0.00255881316839244	0.00267118642197945	0.00280991721028573	0.00241660595771106	0.00206311457285956
"Metabolism|Biosynthesis of other secondary metabolites|Streptomycin biosynthesis"	0.0014085331963236	0.00213743290298212	0.00219706229104399	0.00228532424475732	0.0024606498736697	0.00249155709551531	0.0027378321997681	0.00218653333231343	0.00178916009065017
"Metabolism|Metabolism of other amino acids|Glutathione metabolism"	0.00320989963707536	0.00213399066659871	0.00184066586764954	0.00194797266963497	0.00199142343301392	0.00199439713652648	0.00192950629627423	0.00197494681339833	0.00255344787607401
"Genetic Information Processing|Folding, sorting and degradation|Sulfur relay system"	0.00266015883662192	0.00221584153943169	0.00188791820565432	0.00245137652272264	0.00204977260865104	0.00191097487394519	0.00181248624783336	0.00203509623035495	0.00235784615352161
"Metabolism|Amino acid metabolism|Lysine degradation"	0.00390984805769232	0.00147234379164115	0.00183304912963562	0.00212364823903974	0.0016794283173804	0.00181312671047557	0.00146120139712793	0.00169996997391557	0.00284829573810144
"Metabolism|Metabolism of cofactors and vitamins|Ubiquinone and other terpenoid-quinone biosynthesis"	0.0035731218182105	0.00211172726974942	0.00149730447492344	0.00156408403292529	0.00170071961454838	0.00163211384048797	0.00181242122615843	0.00178901718783587	0.00260992016342721
"Metabolism|Carbohydrate metabolism|C5-Branched dibasic acid metabolism"	0.00191393260621613	0.0019458381481309	0.00216795139712367	0.00197303718337595	0.00199103349233421	0.00203210935431194	0.00174468084573817	0.00204034024077359	0.0019452792205972
"Human Diseases|Drug resistance: Antimicrobial|Vancomycin resistance"	0.00109615719351024	0.00228403019317266	0.00214192410535423	0.0019563739144987	0.0020912314619828	0.00209490480327714	0.0021479612207412	0.00214997206793622	0.00166159450424227
"Metabolism|Energy metabolism|Photosynthesis"	0.00116022949561482	0.00202517479294524	0.00194869448037907	0.00177847780618031	0.00213133423829627	0.00221327194655588	0.00235890833182364	0.00203025967269754	0.00152853647087357
"Metabolism|Biosynthesis of other secondary metabolites|Monobactam biosynthesis"	0.00200468564498104	0.00151388280493237	0.00154642450321601	0.00159584661786302	0.00172032663079808	0.00181540898348522	0.00191789395245004	0.00159936654590719	0.00174047138835918
"Metabolism|Biosynthesis of other secondary metabolites|Prodigiosin biosynthesis"	0.00181027187678091	0.00161091769449542	0.0014415807466634	0.00178431967307147	0.00166113347353183	0.0015883224877506	0.00172762547754474	0.00155555637393306	0.00165005284097722
"Metabolism|Carbohydrate metabolism|Ascorbate and aldarate metabolism"	0.00371167250509611	0.00105912749263755	0.00126660510980443	0.00172037403617016	0.00118066884853734	0.00108671003979741	0.00101864508125258	0.00117336184657478	0.00249663875852235
"Metabolism|Metabolism of cofactors and vitamins|Vitamin B6 metabolism"	0.00161954257723316	0.00161746080538278	0.00149308866905679	0.0014021136092846	0.00158330680844546	0.00160476329057676	0.00166714158408729	0.00156829159334872	0.00149277751668938
"Metabolism|Glycan biosynthesis and metabolism|Other glycan degradation"	0.000578345233614036	0.00124978597467389	0.00121867011981389	0.000992341033550744	0.00187918584063153	0.00190259293844438	0.00342134293833924	0.00132333115232468	0.00100460402636177
"Metabolism|Lipid metabolism|Biosynthesis of unsaturated fatty acids"	0.00206942169611543	0.00135005263792254	0.00123619554707803	0.00165141056995435	0.00138007714891562	0.00129700424607583	0.00132540624436934	0.00130222024806382	0.00171252844621992
"Metabolism|Lipid metabolism|Sphingolipid metabolism"	0.000833064860933585	0.00140034184009129	0.00127843079181151	0.000953619197866961	0.00163249072665847	0.00160831093598299	0.00270250846256004	0.00134462728956253	0.00111667076497835
"Metabolism|Biosynthesis of other secondary metabolites|Novobiocin biosynthesis"	0.000770034291595288	0.00162872606072109	0.00156046909283867	0.00134980095296509	0.00151523721002196	0.00159187285392034	0.00150456617648567	0.00161235049589287	0.00119029833645165
"Human Diseases|Infectious diseases: Bacterial|Pertussis"	0.00312224937030317	0.000774015708382159	0.00113576609185512	0.0013541473016794	0.00112928703562014	0.00112975149554053	0.001130565499716	0.000933851244347467	0.00188315642162665
"Metabolism|Amino acid metabolism|Tryptophan metabolism"	0.00220068742382987	0.00090314497832635	0.00127071725279307	0.00153633849777753	0.00116246417644642	0.00127152447312664	0.000961979861008598	0.00113668916569168	0.00181893324168171
"Cellular Processes|Cell growth and death|Necroptosis"	0.000904861507945551	0.00142033640632409	0.00130465058396765	0.00124993974036953	0.00149215468034278	0.00151707913256483	0.00171354039642038	0.00138689682077248	0.00114302281559045
"Human Diseases|Drug resistance: Antineoplastic|Antifolate resistance"	0.000746196916274632	0.00135614299784261	0.00134582547716582	0.00115841549922991	0.00149368818717127	0.00155812292622687	0.0017102250564603	0.00138049268392228	0.00100460958694893
"Genetic Information Processing|Transcription|RNA polymerase"	0.000762568267550508	0.00144032489499212	0.00139915323636841	0.00109813891434461	0.00134659672143615	0.00137644508325954	0.00134679093343649	0.00139850327859532	0.0010084226422504
"Metabolism|Biosynthesis of other secondary metabolites|Tropane, piperidine and pyridine alkaloid biosynthesis"	0.000997955591856282	0.00130012472926074	0.00130140965651253	0.00119061495766181	0.00126361015267707	0.00131963465816059	0.00123079439164842	0.00130992679322793	0.00115342006345254
"Metabolism|Metabolism of other amino acids|Taurine and hypotaurine metabolism"	0.0013966516920654	0.000989718143553888	0.00112006235294812	0.00126441788633228	0.00119232846268108	0.00125929226400932	0.00123691799606051	0.00110310996807113	0.00129004787988742
"Organismal Systems|Endocrine system|Glucagon signaling pathway"	0.000872847802992384	0.0014942583236784	0.00127789383533114	0.000993532605630679	0.00120482939290492	0.00120415669628411	0.00120681249278764	0.00133739731426582	0.00103249371084917
"Human Diseases|Cardiovascular diseases|Fluid shear stress and atherosclerosis"	0.00104907182669439	0.00105642010411798	0.000987916051246367	0.000980680728019297	0.00123597891047071	0.00127950111288312	0.00157318934627793	0.00106113084766957	0.00106321311738294
"Cellular Processes|Transport and catabolism|Peroxisome"	0.00130754591151102	0.000957791803110056	0.00102670147474242	0.00100329210149877	0.0011631736000726	0.0011900830909297	0.00139526941875231	0.00100852137053035	0.00111432922315094
"Metabolism|Metabolism of other amino acids|Cyanoamino acid metabolism"	0.00086615833107617	0.00110890161797128	0.00118399017871172	0.00117407790876305	0.00120183777773168	0.00118304659886441	0.00130339077276186	0.001130835266835	0.00101311548009858
"Metabolism|Metabolism of terpenoids and polyketides|Polyketide sugar unit biosynthesis"	0.000779627293178363	0.000830180182201499	0.000994303208839535	0.00114164937103602	0.00134368879779088	0.00142624606727955	0.00169430495225238	0.00101933945182714	0.000890317374116581
"Human Diseases|Infectious diseases: Bacterial|Legionellosis"	0.000913574384808172	0.00121198095291939	0.00117000944963794	0.00105027293096633	0.0011740932479656	0.00119709619132142	0.00113964557037025	0.00117875305717746	0.000989639000996444
"Metabolism|Xenobiotics biodegradation and metabolism|Chloroalkane and chloroalkene degradation"	0.00162896099965223	0.000788193932605996	0.000959834178635619	0.00162350654603719	0.000916817335302047	0.000838537625140512	0.000685228093260633	0.000913640359012159	0.00155721896698626
"Metabolism|Metabolism of other amino acids|D-Glutamine and D-glutamate metabolism"	0.000821792711107046	0.00108210983394934	0.00114337932264116	0.000988571782411259	0.00120525757691943	0.00125743584471783	0.00131479516629802	0.00112706581285997	0.000934573290042406
"Human Diseases|Cancers: Overview|Central carbon metabolism in cancer"	0.00100550594041702	0.00117631789979205	0.00107220227976911	0.000853401540007059	0.00101281948124904	0.0010239741508919	0.00106963194033921	0.00109393975294013	0.00104370127036403
"Metabolism|Carbohydrate metabolism|Inositol phosphate metabolism"	0.00108667050129486	0.000928104104428123	0.000983418258198078	0.00123291132470836	0.00103040335936844	0.000951875947240309	0.00104676234162845	0.000937575347517324	0.00111618355200113
"Human Diseases|Drug resistance: Antineoplastic|Platinum drug resistance"	0.000920505959534935	0.00117401150741649	0.00102534191370775	0.00109616817213746	0.0010718533385997	0.00102229178840609	0.000886566795370132	0.00106690853811994	0.000970562609122767
"Organismal Systems|Aging|Longevity regulating pathway - worm"	0.00115022905830406	0.000963963514883262	0.000897728376693727	0.00100873258193103	0.00102685232717477	0.0010489056548616	0.0010708569333856	0.0009475492530843	0.00103193344566056
"Environmental Information Processing|Signal transduction|MAPK signaling pathway - plant"	0.000668479647202462	0.00121624056501329	0.0010773943643413	0.00101049175106593	0.00106537680524476	0.00102158334840603	0.000911750000506257	0.00110555145890208	0.000858518779647812
"Metabolism|Xenobiotics biodegradation and metabolism|Aminobenzoate degradation"	0.00138601762950468	0.000746160895570214	0.000945719521287543	0.00108527656057701	0.00082194621917917	0.000868333447858438	0.000626842499008042	0.000864101636635612	0.00123848888710983
"Human Diseases|Infectious diseases: Bacterial|Tuberculosis"	0.000846876119194193	0.000941559149794368	0.000858303909440589	0.000941587554322633	0.000988561216225619	0.000991233745062687	0.00103418428347076	0.000909536843764168	0.000875657597056124
"Metabolism|Metabolism of terpenoids and polyketides|Biosynthesis of siderophore group nonribosomal peptides"	0.00314370377624754	0.000392891044261897	0.000340762677544949	0.00104058636394949	0.000513552778132712	0.000463008656094107	0.0004955020751803	0.000406824231859122	0.00136237386168591
"Organismal Systems|Endocrine system|PPAR signaling pathway"	0.000637258977643705	0.00065820622820971	0.000888045916086484	0.00105281228746963	0.00102617817011505	0.00110271122903599	0.00118188690786518	0.000843163208091123	0.00075951980219888
"Human Diseases|Infectious diseases: Bacterial|Salmonella infection"	0.00130874511676111	0.00066690627711044	0.00076251296382799	0.000909964942978867	0.000874178242024501	0.000880497521222285	0.000884304602420885	0.000723462696207567	0.0010613343976158
"Organismal Systems|Immune system|NOD-like receptor signaling pathway"	0.000521748715572332	0.000811340140616364	0.000759526791407138	0.000752947365600719	0.00102518293741721	0.00107808781046844	0.00140011278933598	0.000839880333485524	0.000670274335136869
"Metabolism|Xenobiotics biodegradation and metabolism|Nitrotoluene degradation"	0.00137176830868497	0.000783698995352866	0.000742058599807869	0.00102840781308924	0.000696081879177549	0.000676737056849104	0.000489749676916302	0.00071707965442534	0.001053869278926
"Genetic Information Processing|Folding, sorting and degradation|Protein processing in endoplasmic reticulum"	0.000218707921581377	0.00107648098657706	0.00098025416944179	0.000710145962024489	0.000889598398848897	0.000906628928592105	0.000855394196682654	0.00100953557274946	0.000585856712023758
"Metabolism|Biosynthesis of other secondary metabolites|Isoquinoline alkaloid biosynthesis"	0.000374817756893073	0.000824951391808318	0.000837102576221155	0.000740696986414838	0.000802926416378176	0.000837708322341976	0.000784288806376673	0.000845586510393002	0.000622600789388164
"Organismal Systems|Aging|Longevity regulating pathway - multiple species"	0.000962278989824357	0.00063276647290996	0.000556405505795748	0.000594209873887043	0.000730891320897897	0.000775156296597664	0.000960352873264309	0.00063678736452973	0.000789230853971691
"Metabolism|Metabolism of other amino acids|D-Alanine metabolism"	0.000626211819397039	0.000805563763595729	0.000750950104236807	0.00070320314897238	0.00072396599188878	0.000710926410300942	0.000716395929078529	0.000768165329083056	0.000660678635546345
"Human Diseases|Endocrine and metabolic diseases|Insulin resistance"	0.000446229785637697	0.000767415224186198	0.000673534805668909	0.000600523675554144	0.000755673555057004	0.00077004929192159	0.000849157686746083	0.000721223765049392	0.000571598393916626
"Metabolism|Glycan biosynthesis and metabolism|Glycosphingolipid biosynthesis - globo and isoglobo series"	0.000178904789219847	0.000824603671755135	0.00067801191895021	0.000418328212821158	0.000793582345205274	0.000796296621689414	0.00121335582508169	0.000744832852688789	0.000463636301782457
"Metabolism|Xenobiotics biodegradation and metabolism|Caprolactam degradation"	0.00081128854037068	0.000569485128389039	0.000747659489069441	0.000708485469874041	0.00063231741866396	0.000688578946878657	0.000535694698344782	0.000660028170058135	0.000726958727987313
"Metabolism|Metabolism of terpenoids and polyketides|Geraniol degradation"	0.0011947851254138	0.000560354007051813	0.000623702152173095	0.000689772905096616	0.00053267884002797	0.000562471712276652	0.000409066070828484	0.000591880799022925	0.000912934950635449
"Human Diseases|Cancers: Overview|Pathways in cancer"	0.0009989603495282	0.000534714488233808	0.000516760549590061	0.000671338694140881	0.000633847497200624	0.000664186512732981	0.000667804665815083	0.000554638237631643	0.000823018875029361
"Metabolism|Glycan biosynthesis and metabolism|Glycosaminoglycan degradation"	0.000289391246353262	0.00061890686889261	0.000584427673289595	0.000421381371032479	0.000804097298017577	0.000847168395700561	0.00129945847108835	0.000638466479109014	0.00044271717606772
"Genetic Information Processing|Translation|RNA transport"	0.000562377784811186	0.000738246992633981	0.000700063795511182	0.000572202545467646	0.0006583773333227	0.000660935244061838	0.000698113739236989	0.000708349646221945	0.000621119259802614
"Environmental Information Processing|Signal transduction|HIF-1 signaling pathway"	0.000590039301001198	0.000652108224622079	0.000637652118064456	0.000570657223121891	0.000649416215332128	0.000684511809598359	0.000703486723907988	0.000662975336658983	0.000657623603386455
"Cellular Processes|Transport and catabolism|Lysosome"	0.000145069963782555	0.000467116783734252	0.000467979061311301	0.000354304008436945	0.000858642682398548	0.000945733168621822	0.00166011073807096	0.000538834005330502	0.000344996497918336
"Metabolism|Xenobiotics biodegradation and metabolism|Naphthalene degradation"	0.00115852438716141	0.000360197967650948	0.000552985437018471	0.00094187221511051	0.00048344837139631	0.000445399584692447	0.000391504562690661	0.000471862227892513	0.000958169730996381
"Metabolism|Metabolism of terpenoids and polyketides|Limonene and pinene degradation"	0.00108719100796672	0.000587028712138518	0.000615728709280443	0.000557592827652408	0.000460598222888169	0.000484261113581341	0.000356543611557685	0.000593959240331356	0.000940113971448097
"Metabolism|Metabolism of terpenoids and polyketides|Biosynthesis of ansamycins"	0.000518789967743977	0.000650780305863172	0.000651117445879139	0.000748415200358169	0.000584983931746275	0.000581291135395096	0.00055489403826032	0.000647059355968389	0.000631900701867307
"Organismal Systems|Environmental adaptation|Plant-pathogen interaction"	0.000782713904943899	0.000517651274601333	0.00050689414835315	0.000762899997184262	0.000600323653866999	0.000585945021130961	0.00061549946994337	0.0005312543092582	0.000644516608355785
"Organismal Systems|Endocrine system|Insulin signaling pathway"	0.000560789547795212	0.000686566989995484	0.000580802749290468	0.000547354763768089	0.000624954957613161	0.000630030773846489	0.000668700255399096	0.000637191074904726	0.000603700856169233
"Metabolism|Lipid metabolism|Synthesis and degradation of ketone bodies"	0.000872566137095738	0.000511114209465162	0.000542242974408347	0.000685729550865858	0.000551505449099837	0.000552085739094166	0.000506953459527976	0.000548481848591429	0.0007450317401949
"Organismal Systems|Environmental adaptation|Thermogenesis"	0.00040930769516369	0.000578246284281788	0.000513644783962754	0.000570494388060117	0.000699976005511304	0.000687612863837978	0.000845721829175319	0.000559215402294404	0.000457698289893998
"Human Diseases|Infectious diseases: Bacterial|Epithelial cell signaling in Helicobacter pylori infection"	0.000465488045504125	0.000670578224829474	0.000600930383813625	0.000516194502886262	0.000622573474721682	0.00063358946343107	0.000646677682012855	0.000631366465693712	0.000516131464481963
"Cellular Processes|Cell growth and death|Ferroptosis"	0.000405475807072968	0.000489838083003494	0.000500853475873174	0.000472799930310096	0.000681278242525309	0.00070789384957051	0.000968310352568183	0.000525251347822746	0.000441639349614138
"Metabolism|Metabolism of other amino acids|Phosphonate and phosphinate metabolism"	0.00122947296038891	0.000314319205252124	0.000401599935398366	0.000520673663421183	0.000426565404782313	0.000427293499903179	0.000512815148638646	0.000360426979385137	0.000792050825316723
"Metabolism|Xenobiotics biodegradation and metabolism|Drug metabolism - cytochrome P450"	0.00125672787092002	0.00038728777450012	0.000390097824110656	0.000631453984757081	0.000396851513751756	0.000356117940617881	0.000309875739618804	0.000382655094176499	0.000834991196019869
"Metabolism|Biosynthesis of other secondary metabolites|Neomycin, kanamycin and gentamicin biosynthesis"	0.000426117932867008	0.000600851243989185	0.000560418928056865	0.000595916123930695	0.000552985695628574	0.000568720657363572	0.000551116529848247	0.000561861392741488	0.000495163081127288
"Metabolism|Xenobiotics biodegradation and metabolism|Metabolism of xenobiotics by cytochrome P450"	0.00125462730409016	0.000344957150495456	0.000368372730071692	0.000583618387551328	0.000360174220003545	0.000327349035822071	0.000289143946415067	0.000352507016717441	0.000820211743066817
"Metabolism|Biosynthesis of other secondary metabolites|Acarbose and validamycin biosynthesis"	0.000448079358193781	0.000360395941260441	0.000459194982374179	0.000511897320078302	0.000597483503625075	0.000642983656030985	0.000744405131850739	0.000459510587105604	0.000452717803273269
"Metabolism|Biosynthesis of other secondary metabolites|Phenylpropanoid biosynthesis"	0.00053245257495261	0.000491250080405607	0.000496243575979223	0.000558909898797136	0.000493226462233602	0.000454849073823004	0.000570537002994405	0.000482071670123062	0.000544783425069089
"Metabolism|Biosynthesis of other secondary metabolites|Phenazine biosynthesis"	0.000549942683894096	0.00046400593314953	0.000484301524562267	0.000453333163125527	0.000477617342716121	0.000501453871466819	0.000473590366088718	0.000489541680722149	0.000524733679106537
"Organismal Systems|Nervous system|GABAergic synapse"	0.000697210584719158	0.000367622586136414	0.000407817440987887	0.000372684690669436	0.000461483403768141	0.000467703432501953	0.000614987546514484	0.000385068992837788	0.000575092905946096
"Metabolism|Metabolism of cofactors and vitamins|Retinol metabolism"	0.000733112604192826	0.000342653370015352	0.000371851306032744	0.000466625161205704	0.000435860203921104	0.000462490421437462	0.00054080074969105	0.000386343995999046	0.000553767441498965
"Organismal Systems|Endocrine system|Adipocytokine signaling pathway"	0.000272409122429874	0.000414776765130628	0.000426677501023365	0.000376181108691275	0.000561376249874511	0.000578284360078998	0.000774439532284841	0.000441319290014131	0.000332484627112744
"Metabolism|Xenobiotics biodegradation and metabolism|Styrene degradation"	0.000528926698359513	0.000270952268319495	0.000497763753117261	0.000587621954343897	0.000422991191697965	0.000496508729318507	0.000337904929433013	0.000438207434070101	0.000543888557599319
"Organismal Systems|Nervous system|Glutamatergic synapse"	0.000434021347948349	0.000363419489555889	0.000398594686947558	0.000347273210746357	0.000451051886686478	0.00045932584407615	0.00058835204888626	0.0003796342721356	0.000440970315481694
"Environmental Information Processing|Signal transduction|AMPK signaling pathway"	0.000286839391474623	0.000468710926714273	0.000398363397118279	0.000316055449324635	0.000462027635071955	0.000472861437954748	0.000576445130083505	0.000437027517188097	0.000338395019841993
"Environmental Information Processing|Signal transduction|Phosphatidylinositol signaling system"	0.000487501857806685	0.000407473661357562	0.00035488650822556	0.000422598963664858	0.000410023847658087	0.000392069636589048	0.000420035937566484	0.000370991390325776	0.000445556967921689
"Metabolism|Metabolism of terpenoids and polyketides|Biosynthesis of vancomycin group antibiotics"	0.000295333770321957	0.000253724758385404	0.000389002658928888	0.000421044135185929	0.0004536346725013	0.00050746196222174	0.000517205578830128	0.000365855046251468	0.000320546768622097
"Human Diseases|Neurodegenerative diseases|Alzheimer's disease"	0.000424961031430697	0.000416952283760911	0.000329536504255337	0.00041479813366202	0.000403790322087893	0.000388755134223267	0.000367087796826742	0.000369840973227808	0.000398581423678887
"Metabolism|Lipid metabolism|Steroid hormone biosynthesis"	0.000551862049522137	0.000168534922874255	0.000226848603130797	0.000284951148641093	0.000397840713416434	0.00044441376571044	0.00074090799485972	0.000248245843223793	0.000382179814554214
"Metabolism|Biosynthesis of other secondary metabolites|Carbapenem biosynthesis"	0.000294151028743287	0.000424742591175039	0.000449722836403987	0.000411535028725168	0.000388582184377948	0.000368260826727831	0.000311676231897888	0.000420070396668239	0.000359083875025424
"Human Diseases|Endocrine and metabolic diseases|Type II diabetes mellitus"	0.000291992113355905	0.000375475193962511	0.000361474111304812	0.000287676153521427	0.00034406467805379	0.000388866159933241	0.000358677547233172	0.000384042927111093	0.00034036863620563
"Metabolism|Xenobiotics biodegradation and metabolism|Atrazine degradation"	0.000150038286133578	0.000543602396787319	0.000400302132307284	0.000397206101851182	0.000342893347606765	0.000276265378828695	0.000200668455792613	0.0004354419700399	0.000274594774784034
"Metabolism|Metabolism of cofactors and vitamins|Lipoic acid metabolism"	0.00040036358286123	0.0003195411780456	0.000226783257880691	0.000248214090545217	0.000346786178060296	0.000366826394617934	0.00047258603849111	0.000297492348461399	0.000330034217840006
"Metabolism|Glycan biosynthesis and metabolism|Various types of N-glycan biosynthesis"	1.19063719333762e-05	0.000328719162810102	0.000260250661243962	0.000114332083014591	0.000456294398948884	0.000510116438721771	0.000850875891948003	0.000333146407467505	0.000141494801909373
"Cellular Processes|Cell growth and death|Apoptosis - fly"	0.000152479214481657	0.000392025979363369	0.000276839914049797	0.000364873754474317	0.000379482501522043	0.00036395747609327	0.000405615286764653	0.000340990085203325	0.000242987685477948
"Human Diseases|Cancers: Overview|MicroRNAs in cancer"	0.000515407685799078	0.000190044894693438	0.000220095649569289	0.000279294817396223	0.000306099084281096	0.000323650915947529	0.000459788037820199	0.000218791305435737	0.00038447866908835
"Organismal Systems|Endocrine system|Thyroid hormone synthesis"	0.000272871468076803	0.000225687124746368	0.000178592732630235	0.000247997623892855	0.000359876339940157	0.000399023199896209	0.000536204410441362	0.000257662757723712	0.000252584048121313
"Metabolism|Metabolism of terpenoids and polyketides|Zeatin biosynthesis"	0.000146856801284946	0.000299309946674021	0.0002748661639356	0.000225419591990735	0.000355500429717386	0.000388267142306783	0.000470170157946583	0.000306642546839102	0.000204609948358211
"Metabolism|Metabolism of terpenoids and polyketides|Nonribosomal peptide structures"	0.000596147479075165	0.000182974256075291	0.0002006378706821	0.00063265152449261	0.000229009205724024	0.000151356344781242	0.000147752932204386	0.000190683998044732	0.000326006935428007
"Metabolism|Xenobiotics biodegradation and metabolism|Chlorocyclohexane and chlorobenzene degradation"	0.000573049469457471	0.000254761731252379	0.000209135158801494	0.000359495887866285	0.000260867857285474	0.000217493532540751	0.000179418657996148	0.000214441065651329	0.000368890006150426
"Human Diseases|Endocrine and metabolic diseases|Type I diabetes mellitus"	0.000416313159377722	0.000256969545260467	0.000251307477958287	0.000232736845110434	0.000275055329267226	0.000286963131934762	0.000321376793892127	0.000257004205373997	0.000335199528254666
"Metabolism|Lipid metabolism|alpha-Linolenic acid metabolism"	0.00053714707317232	0.000243971521295857	0.000240631400538409	0.00029366095412729	0.000224464376280393	0.000226653635345523	0.000156672341061459	0.000243364579090042	0.000413004819998592
"Genetic Information Processing|Translation|Ribosome biogenesis in eukaryotes"	0.000278152469205997	0.000294691654245287	0.000264809959014203	0.000266303739047995	0.000300011973060439	0.000306047164185292	0.000312611625463412	0.000281661064170999	0.000267131670556382
"Metabolism|Glycan biosynthesis and metabolism|Glycosphingolipid biosynthesis - ganglio series"	3.04090997558618e-06	0.000209666880830373	0.000177595405146693	9.23652203029668e-05	0.000408777721326358	0.000469816577469638	0.000823059542868266	0.000244745294533929	0.000100414511541327
"Human Diseases|Cancers: Specific types|Renal cell carcinoma"	0.000266128573283299	0.000175814829461915	0.000254715855254531	0.000276577940852487	0.000300650183483558	0.000350730621513099	0.000339875694299675	0.000242263634946667	0.000285889884994979
"Human Diseases|Endocrine and metabolic diseases|Cushing's syndrome"	0.000266128573283299	0.000175814829461915	0.000254715855254531	0.000276577940852487	0.000300650183483558	0.000350730621513099	0.000339875694299675	0.000242263634946667	0.000285889884994979
"Metabolism|Xenobiotics biodegradation and metabolism|Ethylbenzene degradation"	0.000438073548906955	0.000243668594137535	0.00023949629234883	0.000285196731057549	0.00022252526704331	0.000222719766691899	0.000152056737705336	0.000242065700568625	0.000397687929683252
"Human Diseases|Infectious diseases: Viral|Human papillomavirus infection"	0.000283590172528241	0.000256381343448571	0.000254221960520249	0.00022953358795065	0.000272201316715778	0.000298516603130515	0.000303625323804077	0.000264691146490834	0.000266586108161987
"Human Diseases|Cancers: Overview|Viral carcinogenesis"	0.000283098859981319	0.000256381343448571	0.000254190237476333	0.00022953358795065	0.000272201316715778	0.000298516603130515	0.000303625323804077	0.000264691146490834	0.000266586108161987
"Environmental Information Processing|Signal transduction|PI3K-Akt signaling pathway"	0.000159092006040738	0.000275484834559095	0.000218315681099989	0.000209462690899853	0.00030542144475042	0.00033152452922074	0.000428822666485185	0.000269127095513699	0.00020305724515645
"Metabolism|Biosynthesis of other secondary metabolites|Glucosinolate biosynthesis"	0.000146089587087485	0.000279969952991308	0.00030907110345115	0.000286798075416597	0.000284911725710862	0.000272603085249438	0.000220231559872521	0.00028273523030298	0.000206706792825658
"Human Diseases|Neurodegenerative diseases|Huntington's disease"	0.000402803938323397	0.000239318428976918	0.000156292923951313	0.000336455481852183	0.00023143070775548	0.000195025544382728	0.000165659195553871	0.000190921701772961	0.000309969655567751
"Metabolism|Lipid metabolism|Arachidonic acid metabolism"	0.000261762051089302	0.000156806789184973	0.000124671393775766	0.000150427990848033	0.000278001985286496	0.000310569177257858	0.000464515228406543	0.00018678832805296	0.000203537711628982
"Human Diseases|Cancers: Overview|Proteoglycans in cancer"	0.000146787741157875	0.000253468266119052	0.000242846076971943	0.000209588954848444	0.0002650853120875	0.000278162932268937	0.000294500813875603	0.000251978376686439	0.000186647738918406
"Metabolism|Xenobiotics biodegradation and metabolism|Xylene degradation"	0.000535740458540001	8.44672413260446e-05	0.000115732061839683	0.000256184299463405	0.000134858936463056	0.000146600278017322	0.000131466384717953	0.000127763764974985	0.000515255539281102
"Metabolism|Glycan biosynthesis and metabolism|N-Glycan biosynthesis"	7.04557095265831e-05	0.000270255680588014	0.000188739777026252	0.000128437095077243	0.000283235895264712	0.000299201947000823	0.000428538042502004	0.000238576638283125	0.000110683747655835
"Human Diseases|Immune diseases|Primary immunodeficiency"	0.000274897954986395	0.000236316034589646	0.000175450012966501	0.000169527097666394	0.000206725927619023	0.000202705314632176	0.000252392071267795	0.000199874096111606	0.000229727359826251
"Human Diseases|Cancers: Specific types|Prostate cancer"	0.000158428982240043	0.000228838505949046	0.000185139144989937	0.000190323602820485	0.00021457883247453	0.000221844269545204	0.000253465673102457	0.000214161283710899	0.000184744241979687
"Organismal Systems|Endocrine system|Estrogen signaling pathway"	0.000158428982240043	0.000228838505949046	0.000185139144989937	0.000190323602820485	0.00021457883247453	0.000221844269545204	0.000253465673102457	0.000214161283710899	0.000184744241979687
"Organismal Systems|Endocrine system|Progesterone-mediated oocyte maturation"	0.000158428982240043	0.000228838505949046	0.000185139144989937	0.000190323602820485	0.00021457883247453	0.000221844269545204	0.000253465673102457	0.000214161283710899	0.000184744241979687
"Organismal Systems|Immune system|Antigen processing and presentation"	0.000158428982240043	0.000228838505949046	0.000185139144989937	0.000190323602820485	0.00021457883247453	0.000221844269545204	0.000253465673102457	0.000214161283710899	0.000184744241979687
"Organismal Systems|Immune system|IL-17 signaling pathway"	0.000158428982240043	0.000228838505949046	0.000185139144989937	0.000190323602820485	0.00021457883247453	0.000221844269545204	0.000253465673102457	0.000214161283710899	0.000184744241979687
"Organismal Systems|Immune system|Th17 cell differentiation"	0.000158428982240043	0.000228838505949046	0.000185139144989937	0.000190323602820485	0.00021457883247453	0.000221844269545204	0.000253465673102457	0.000214161283710899	0.000184744241979687
"Metabolism|Biosynthesis of other secondary metabolites|Penicillin and cephalosporin biosynthesis"	0.000164547387380816	0.000197686432409969	0.000269614824418309	0.00019281353158694	0.000216616353301028	0.000206946325662995	0.000201451054800902	0.000216220809702069	0.000185163157371559
"Organismal Systems|Excretory system|Proximal tubule bicarbonate reclamation"	0.000260408384990158	0.000122618847197993	0.000200378599861979	0.000175698726238024	0.000223446371083786	0.000225675380256125	0.000277700216679221	0.000163623571332115	0.000198421948798721
"Organismal Systems|Digestive system|Protein digestion and absorption"	0.000119736251667422	0.000120090698514905	0.000130837790798304	0.000154711830610046	0.000264122652650063	0.000278612577040168	0.000477188373853397	0.000168144732791154	0.000123200971008545
"Metabolism|Xenobiotics biodegradation and metabolism|Toluene degradation"	0.00043422606128382	0.000122811929675781	0.000146333210541322	0.000230033083549669	0.000172215300540643	0.000164911807081182	0.000136995906200858	0.000144437640875234	0.000274254747538832
"Organismal Systems|Digestive system|Carbohydrate digestion and absorption"	0.00027250768297526	0.000182505290683703	0.000154949963001708	0.000132932371968681	0.000181315153943443	0.000218933451232789	0.000249672132531164	0.000188446854392631	0.000243226047757399
"Metabolism|Metabolism of terpenoids and polyketides|Insect hormone biosynthesis"	0.0004254013279032	0.000148390457301803	0.000157006572862541	0.0001773295145873	0.000119676100593535	0.000124310786088095	0.000104318495879009	0.000160786849730874	0.000401401918095606
"Human Diseases|Cancers: Overview|Chemical carcinogenesis"	0.000689744045170341	0.000102513102802759	6.96572910165018e-05	0.000191489846294136	9.0770052051555e-05	6.97994148003805e-05	4.99479156333007e-05	8.11915263780299e-05	0.000395045305237598
"Metabolism|Xenobiotics biodegradation and metabolism|Fluorobenzoate degradation"	0.000302593060597987	0.000129815858057562	0.000139806338451243	0.000192300499460515	0.000154102373980084	0.000153283105439385	0.000125532912358575	0.000129439571153888	0.000203282464386057
"Cellular Processes|Cell growth and death|Apoptosis"	2.39669997074875e-06	0.000144335848049945	9.98641422478166e-05	9.47690532597582e-05	0.000248808361166043	0.000279284469415148	0.000426659983489717	0.000161384985971246	4.87495753395097e-05
"Human Diseases|Cancers: Specific types|Hepatocellular carcinoma"	0.00056481316609358	8.90894239960746e-05	5.5103166435997e-05	0.000156355296180085	8.35930676324197e-05	6.40855691652166e-05	5.6120296932992e-05	6.87462813295514e-05	0.000337055235172823
"Human Diseases|Infectious diseases: Bacterial|Staphylococcus aureus infection"	7.52018311501031e-05	0.000213795793689989	0.000177079663012322	0.000166434212955517	0.000170311821841495	0.000157692155281794	0.000195023477247951	0.000185979704992332	0.000107520941835795
"Genetic Information Processing|Folding, sorting and degradation|Proteasome"	1.10076949811391e-05	0.000215087988826006	0.000194588574598612	0.00014768632337112	0.000172690220987309	0.000169489618706059	0.000131535021070688	0.000189144433958315	8.97360443807824e-05
"Metabolism|Metabolism of terpenoids and polyketides|Tetracycline biosynthesis"	1.53791758372837e-05	0.000195102632365502	0.000194777759296875	0.000141479835565167	0.00016844719432378	0.000166306050006732	0.000137001987364701	0.00018596096011836	9.46699102725992e-05
"Metabolism|Metabolism of terpenoids and polyketides|Biosynthesis of type II polyketide backbone"	1.40402453342314e-05	0.000195101420454884	0.000193573437193297	0.000141249958176529	0.000166265460284451	0.000162862477347648	0.000132298483549405	0.000184695405817339	9.29366879431976e-05
"Human Diseases|Infectious diseases: Bacterial|Bacterial invasion of epithelial cells"	0.000795518738478357	1.43485463068084e-06	3.05118004211014e-07	6.62470433370477e-05	2.55039419491135e-07	2.80354113036445e-07	1.62532924505976e-07	1.35778642250964e-07	0.000414808092256075
"Metabolism|Xenobiotics biodegradation and metabolism|Dioxin degradation"	0.000378543448491522	5.69480844415563e-05	5.38778940294954e-05	0.00013878274471567	7.64454634951601e-05	7.08368793548462e-05	7.99406834841762e-05	6.40713724543957e-05	0.000339753935906768
"Environmental Information Processing|Signal transduction|FoxO signaling pathway"	0.000390464527045136	6.47548336031842e-05	6.07829136766329e-05	0.000132154526032916	8.53581621861048e-05	8.29028438099437e-05	9.28162508882901e-05	6.50526740036613e-05	0.000233521055674727
"Organismal Systems|Aging|Longevity regulating pathway"	0.000390464527045136	6.46509122676572e-05	6.05406649776374e-05	0.000131487761436261	8.5188135906444e-05	8.27953201673286e-05	9.25840609961387e-05	6.50526740036613e-05	0.000233282494174332
"Metabolism|Metabolism of terpenoids and polyketides|Biosynthesis of enediyne antibiotics"	0.00034342111452892	9.40222334719231e-05	6.63438436982376e-05	0.000186557185724402	9.2139130129049e-05	6.94521990096608e-05	4.97195955726852e-05	7.79231991991029e-05	0.000160996451631023
"Metabolism|Lipid metabolism|Ether lipid metabolism"	0.000270512088877743	7.099422765818e-05	9.18895457899311e-05	0.000123704375873088	0.000100327649734108	9.99772946571904e-05	7.57818053005261e-05	7.80347268102754e-05	0.000166474213192645
"Environmental Information Processing|Signal transduction|MAPK signaling pathway - fly"	0.000260747644442029	6.39533809524342e-05	5.70274820595858e-05	0.000120297290557825	8.27389478303784e-05	7.89951668128537e-05	8.72602784689532e-05	6.3425341240984e-05	0.000169240612910478
"Organismal Systems|Digestive system|Mineral absorption"	9.91417398527751e-06	0.000119379549697748	8.2010244317423e-05	0.000145970712025886	0.00015124874321432	0.000139480181217633	0.000168322745316694	0.000113184884661896	5.1398129503315e-05
"Metabolism|Metabolism of terpenoids and polyketides|Carotenoid biosynthesis"	3.30206021612949e-06	9.38588349629947e-05	7.01050431414512e-05	8.81891792782946e-05	0.000153598502449724	0.000166207230658995	0.000237856431186041	0.000109873529658166	3.3614776871895e-05
"Metabolism|Biosynthesis of other secondary metabolites|Betalain biosynthesis"	0.000130912728282156	7.25643308989186e-05	0.000106834560170104	0.000124576889815559	0.000109618371444142	0.000114750767450855	7.96024346925697e-05	9.48127057056911e-05	0.00011368616201345
"Human Diseases|Neurodegenerative diseases|Parkinson's disease"	1.01194698830482e-05	0.000163644927054364	8.72095316383844e-05	0.000185708981262789	0.00013910038857135	0.000109638274253181	7.19788665669321e-05	0.000117868150578102	6.01175445937324e-05
"Human Diseases|Endocrine and metabolic diseases|Non-alcoholic fatty liver disease (NAFLD)"	1.01194698830482e-05	0.000163644927054364	8.72095316383844e-05	0.000185708981262789	0.000139081496762499	0.000109620353646078	7.19788665669321e-05	0.000117868150578102	6.01175445937324e-05
"Organismal Systems|Endocrine system|Prolactin signaling pathway"	0.000152046036208145	0.000136161860564537	0.000116934839724135	8.77493722410678e-05	7.42714075185396e-05	7.26461245726709e-05	4.83264562197768e-05	0.000119010529218691	0.00013627498682175
"Human Diseases|Infectious diseases: Parasitic|Amoebiasis"	6.8330812958345e-06	9.35029815581233e-05	6.90108865176548e-05	9.07667528501936e-05	0.000135960569940281	0.000146483554473295	0.000194788523190417	9.72881462613999e-05	4.05617031064725e-05
"Organismal Systems|Immune system|RIG-I-like receptor signaling pathway"	1.27596667257148e-05	0.000131245567168348	0.000133837482440976	0.000129371230894986	9.44072069755914e-05	8.88963235710488e-05	6.14921759378374e-05	0.000134575921980451	8.08376903423099e-05
"Metabolism|Lipid metabolism|Secondary bile acid biosynthesis"	0.000140725997499877	4.70823970186085e-05	8.35108638715375e-05	0.000124604068177792	8.10808250774611e-05	6.04484420142887e-05	0.000107813506588964	6.590407219106e-05	0.000118534724307372
"Organismal Systems|Endocrine system|Renin-angiotensin system"	0.000122955059283465	7.05601125053192e-05	4.61362647236953e-05	7.05303891754464e-05	9.96467349665139e-05	0.000101015350746847	0.000139650610634456	6.8844008968229e-05	8.57665709314436e-05
"Human Diseases|Neurodegenerative diseases|Amyotrophic lateral sclerosis (ALS)"	0.000263817883426741	5.33834427500856e-05	3.7371476080991e-05	8.90010698631617e-05	4.70848648487844e-05	3.77362297877321e-05	3.00868345251317e-05	4.0722580361078e-05	0.000159682800346441
"Metabolism|Metabolism of other amino acids|D-Arginine and D-ornithine metabolism"	1.62676612730966e-05	0.000130306710135924	0.000114676496626159	8.88993697044316e-05	7.73770706927251e-05	5.99495903173169e-05	4.67752066069749e-05	0.00011535874740697	8.44775143074455e-05
"Organismal Systems|Circulatory system|Cardiac muscle contraction"	8.41226980951578e-06	0.000123221977712191	6.57823387869886e-05	0.000138517314206963	0.000105030624023609	8.34782840222766e-05	5.54126705950067e-05	8.89480897924922e-05	4.53863254501783e-05
"Metabolism|Lipid metabolism|Primary bile acid biosynthesis"	1.15287122027553e-05	4.64976790282268e-05	8.60309959381318e-05	0.000134577207493355	8.70448572290829e-05	6.68368824376621e-05	0.00010270754029394	7.19579083901862e-05	5.42986509817065e-05
"Cellular Processes|Cell growth and death|Meiosis - yeast"	1.88846458526035e-06	4.99022417861855e-05	4.2681336849926e-05	4.74139987758146e-05	0.000102302383525025	0.000120449193934288	0.000184676653387224	6.37126190030195e-05	2.97342202772654e-05
"Human Diseases|Cancers: Overview|Choline metabolism in cancer"	0.000192958742800507	4.881668246072e-05	3.48197897849049e-05	7.33397532181608e-05	4.87729829111305e-05	3.79606115430355e-05	4.92231514699425e-05	3.71280971629866e-05	0.000105418779535393
"Metabolism|Metabolism of terpenoids and polyketides|Type I polyketide structures"	3.86478118585501e-05	6.83957512326802e-05	4.81798055345074e-05	0.000149493922900665	6.53948059873628e-05	4.75223779317925e-05	3.96878865655918e-05	5.26599289661948e-05	6.07316466762611e-05
"Metabolism|Glycan biosynthesis and metabolism|Lipoarabinomannan (LAM) biosynthesis"	4.48671426074719e-06	8.65976488946476e-05	5.65529587805023e-05	0.000115242035613003	8.35715230713151e-05	6.49853346212366e-05	4.64844164087091e-05	7.22787018911259e-05	3.76224504486074e-05
"Metabolism|Biosynthesis of other secondary metabolites|Flavonoid biosynthesis"	1.62712041913339e-06	4.80027764184405e-05	3.39580765556209e-05	1.96281127993844e-05	9.07009237095059e-05	0.000109599616943574	0.000175124803490577	5.49658118028001e-05	1.81255619978805e-05
"Metabolism|Biosynthesis of other secondary metabolites|Stilbenoid, diarylheptanoid and gingerol biosynthesis"	1.62712041913339e-06	4.80027764184405e-05	3.39580765556209e-05	1.96281127993844e-05	9.07009237095059e-05	0.000109599616943574	0.000175124803490577	5.49658118028001e-05	1.81255619978805e-05
"Environmental Information Processing|Signal transduction|Phospholipase D signaling pathway"	0.000138188826244701	4.74515196850807e-05	3.31546183706191e-05	6.5451892172323e-05	4.62603723339216e-05	3.65170771014657e-05	4.54345863963389e-05	3.61708876598842e-05	8.67525515709812e-05
"Metabolism|Biosynthesis of other secondary metabolites|Flavone and flavonol biosynthesis"	0.000128266736852242	1.80334202102261e-05	3.96239528777196e-05	7.07350855336204e-05	3.57397537741936e-05	2.53504591791052e-05	4.60532066089993e-05	2.7578016120468e-05	8.96498279362987e-05
"Metabolism|Metabolism of terpenoids and polyketides|Sesquiterpenoid and triterpenoid biosynthesis"	4.16871251933701e-06	8.14743270531666e-05	4.36047658191922e-05	9.22317282064215e-05	6.93707221015886e-05	5.47879040684974e-05	3.57970473728263e-05	5.91271259451389e-05	3.00587490497896e-05
"Human Diseases|Infectious diseases: Parasitic|African trypanosomiasis"	0.000148132311903723	4.12391805080495e-05	2.33577968122929e-05	6.03094564686689e-05	3.51336749847852e-05	2.80431415422144e-05	1.85751913721115e-05	2.97445985022581e-05	8.1482688817183e-05
"Human Diseases|Cancers: Specific types|Bladder cancer"	0.000127880656421247	3.18296896596433e-06	1.99105359269645e-05	5.32072511000365e-05	2.06865306920587e-05	3.1212684069402e-05	1.79643108225228e-05	2.20702390874065e-05	8.63681696828031e-05
"Environmental Information Processing|Signaling molecules and interaction|Neuroactive ligand-receptor interaction"	2.24862251973454e-06	4.7327287737515e-05	3.51145257020161e-05	6.98798224435625e-05	5.10575423672072e-05	3.76998371702316e-05	4.46081009468952e-05	4.07882073698274e-05	2.59475391929797e-05
"Human Diseases|Infectious diseases: Viral|HTLV-I infection"	2.24862251973454e-06	4.7327287737515e-05	3.51145257020161e-05	6.98798224435625e-05	5.10575423672072e-05	3.76998371702316e-05	4.46081009468952e-05	4.07882073698274e-05	2.59475391929797e-05
"Organismal Systems|Digestive system|Cholesterol metabolism"	2.24862251973454e-06	4.7327287737515e-05	3.51145257020161e-05	6.98798224435625e-05	5.10575423672072e-05	3.76998371702316e-05	4.46081009468952e-05	4.07882073698274e-05	2.59475391929797e-05
"Metabolism|Lipid metabolism|Linoleic acid metabolism"	0.00021142241855659	3.86140981082659e-07	1.13510818957897e-06	1.76897084622666e-05	1.93910923708339e-06	3.96458969437156e-06	4.61560335612378e-06	1.29887852141669e-06	7.93532132457474e-05
"Metabolism|Xenobiotics biodegradation and metabolism|Furfural degradation"	6.25736781860927e-06	4.71502646101049e-05	3.27024207991608e-05	6.18380756731606e-05	4.17584542846818e-05	3.17055188166147e-05	2.24759815602549e-05	3.60413360291233e-05	2.16762397139267e-05
"Human Diseases|Neurodegenerative diseases|Prion diseases"	0.00013193682399832	1.17201209701199e-05	1.20559102533433e-05	3.04492100315692e-05	9.61026316260297e-06	6.41002392379572e-06	6.42005051798605e-06	9.62820995387515e-06	8.061149806354e-05
"Human Diseases|Substance dependence|Alcoholism"	2.11898711515404e-06	4.34044778051096e-05	2.91102186626274e-05	6.18636315769412e-05	4.37757559825558e-05	3.45541887858475e-05	2.65276951782968e-05	3.62863733202225e-05	1.95620430324027e-05
"Human Diseases|Substance dependence|Amphetamine addiction"	2.11898711515404e-06	4.34044778051096e-05	2.91102186626274e-05	6.18636315769412e-05	4.37757559825558e-05	3.45541887858475e-05	2.65276951782968e-05	3.62863733202225e-05	1.95620430324027e-05
"Human Diseases|Substance dependence|Cocaine addiction"	2.11898711515404e-06	4.34044778051096e-05	2.91102186626274e-05	6.18636315769412e-05	4.37757559825558e-05	3.45541887858475e-05	2.65276951782968e-05	3.62863733202225e-05	1.95620430324027e-05
"Organismal Systems|Nervous system|Dopaminergic synapse"	2.11898711515404e-06	4.34044778051096e-05	2.91102186626274e-05	6.18636315769412e-05	4.37757559825558e-05	3.45541887858475e-05	2.65276951782968e-05	3.62863733202225e-05	1.95620430324027e-05
"Organismal Systems|Nervous system|Serotonergic synapse"	2.11898711515404e-06	4.34044778051096e-05	2.91102186626274e-05	6.18636315769412e-05	4.37757559825558e-05	3.45541887858475e-05	2.65276951782968e-05	3.62863733202225e-05	1.95620430324027e-05
"Metabolism|Xenobiotics biodegradation and metabolism|Steroid degradation"	8.73164631281585e-05	9.53394530634988e-06	1.54335492564807e-05	3.55225906531508e-05	1.16832343595463e-05	7.39733121729522e-06	8.59434300806088e-06	1.04470792546818e-05	6.87175439788278e-05
"Organismal Systems|Endocrine system|Thyroid hormone signaling pathway"	2.54270591136176e-06	4.12800046491532e-05	2.21775729677965e-05	4.62855860005412e-05	3.56599019220206e-05	2.86949881098912e-05	1.96554272036921e-05	3.00140145034412e-05	1.53275764003887e-05
"Cellular Processes|Cell growth and death|Apoptosis - multiple species"	2.16417682531343e-06	4.09657904647427e-05	2.18023829095961e-05	4.73613889531566e-05	3.50254136101158e-05	2.75260525094615e-05	1.83430014799601e-05	2.94670376445255e-05	1.5029421019048e-05
"Cellular Processes|Cell growth and death|p53 signaling pathway"	2.16417682531343e-06	4.09657904647427e-05	2.18023829095961e-05	4.73613889531566e-05	3.50254136101158e-05	2.75260525094615e-05	1.83430014799601e-05	2.94670376445255e-05	1.5029421019048e-05
"Human Diseases|Cancers: Specific types|Colorectal cancer"	2.16417682531343e-06	4.09657904647427e-05	2.18023829095961e-05	4.73613889531566e-05	3.50254136101158e-05	2.75260525094615e-05	1.83430014799601e-05	2.94670376445255e-05	1.5029421019048e-05
"Human Diseases|Cancers: Specific types|Small cell lung cancer"	2.16417682531343e-06	4.09657904647427e-05	2.18023829095961e-05	4.73613889531566e-05	3.50254136101158e-05	2.75260525094615e-05	1.83430014799601e-05	2.94670376445255e-05	1.5029421019048e-05
"Human Diseases|Cardiovascular diseases|Viral myocarditis"	2.16417682531343e-06	4.09657904647427e-05	2.18023829095961e-05	4.73613889531566e-05	3.50254136101158e-05	2.75260525094615e-05	1.83430014799601e-05	2.94670376445255e-05	1.5029421019048e-05
"Human Diseases|Infectious diseases: Parasitic|Toxoplasmosis"	2.16417682531343e-06	4.09657904647427e-05	2.18023829095961e-05	4.73613889531566e-05	3.50254136101158e-05	2.75260525094615e-05	1.83430014799601e-05	2.94670376445255e-05	1.5029421019048e-05
"Human Diseases|Infectious diseases: Viral|Hepatitis B"	2.16417682531343e-06	4.09657904647427e-05	2.18023829095961e-05	4.73613889531566e-05	3.50254136101158e-05	2.75260525094615e-05	1.83430014799601e-05	2.94670376445255e-05	1.5029421019048e-05
"Human Diseases|Infectious diseases: Viral|Herpes simplex infection"	2.16417682531343e-06	4.09657904647427e-05	2.18023829095961e-05	4.73613889531566e-05	3.50254136101158e-05	2.75260525094615e-05	1.83430014799601e-05	2.94670376445255e-05	1.5029421019048e-05
"Human Diseases|Infectious diseases: Viral|Human cytomegalovirus infection"	2.16417682531343e-06	4.09657904647427e-05	2.18023829095961e-05	4.73613889531566e-05	3.50254136101158e-05	2.75260525094615e-05	1.83430014799601e-05	2.94670376445255e-05	1.5029421019048e-05
"Human Diseases|Infectious diseases: Viral|Influenza A"	2.16417682531343e-06	4.09657904647427e-05	2.18023829095961e-05	4.73613889531566e-05	3.50254136101158e-05	2.75260525094615e-05	1.83430014799601e-05	2.94670376445255e-05	1.5029421019048e-05
"Human Diseases|Infectious diseases: Viral|Kaposi's sarcoma-associated herpesvirus infection"	2.16417682531343e-06	4.09657904647427e-05	2.18023829095961e-05	4.73613889531566e-05	3.50254136101158e-05	2.75260525094615e-05	1.83430014799601e-05	2.94670376445255e-05	1.5029421019048e-05
"Metabolism|Chemical structure transformation maps|Biosynthesis of terpenoids and steroids"	3.07442548301105e-06	4.09969668654008e-05	2.18508326493952e-05	4.61158641032107e-05	3.46853610507943e-05	2.77050025718138e-05	1.79538069940683e-05	2.98316888838026e-05	1.50293745248948e-05
"Metabolism|Lipid metabolism|Steroid biosynthesis"	2.08435625966851e-06	4.07371635265833e-05	2.18023829095961e-05	4.61158641032107e-05	3.46853610507943e-05	2.74768988442661e-05	1.7918425677169e-05	2.96600883006134e-05	1.50293745248948e-05
"Human Diseases|Infectious diseases: Parasitic|Chagas disease (American trypanosomiasis)"	0.000144529595311808	2.04193641846206e-07	0	1.22296675534918e-05	6.9556205315764e-08	8.69944622925613e-08	0	4.29506854035913e-08	6.60358316665967e-05
"Environmental Information Processing|Signal transduction|MAPK signaling pathway - yeast"	0.000129716882603108	6.97531315222983e-07	3.51318291805158e-06	1.11904708784359e-05	2.44918807606566e-06	3.80015335447487e-06	5.32378252718554e-06	1.62733276267733e-06	6.40418812638532e-05
"Genetic Information Processing|Transcription|Basal transcription factors"	2.95483122607165e-07	1.36573384852111e-05	2.04117600208385e-05	3.95639284150352e-05	1.66555584491808e-05	1.13391361397793e-05	1.09914272279858e-05	1.62046363218954e-05	1.4402298580999e-05
"Genetic Information Processing|Replication and repair|Non-homologous end-joining"	2.77914167955801e-08	1.62394406983523e-05	2.21415310881898e-05	3.68563223045693e-05	1.52910300841574e-05	1.06806818330984e-05	1.04640244729562e-05	1.49337195026502e-05	1.54269770255534e-05
"Human Diseases|Infectious diseases: Bacterial|Pathogenic Escherichia coli infection"	7.34212416049382e-05	2.4238212367813e-08	0	4.99947070396898e-06	0	2.67824457795814e-08	0	0	5.10790393034724e-05
"Human Diseases|Infectious diseases: Bacterial|Shigellosis"	3.20242575623437e-05	1.44096172526648e-07	0	1.92881313923038e-06	0	4.7263139611026e-08	0	6.39671816799136e-08	8.3154144799388e-05
"Cellular Processes|Transport and catabolism|Autophagy - yeast"	1.62116597974217e-07	8.62200680422328e-06	1.26817193924151e-05	1.88051862242115e-05	7.65839582084087e-06	5.48696406556975e-06	4.83728941982071e-06	7.75777636501309e-06	8.09518691340894e-06
"Human Diseases|Immune diseases|Rheumatoid arthritis"	1.43919836977111e-07	3.3180597843263e-06	5.71764607891075e-06	2.98225619594896e-06	8.7436689023003e-06	5.15601467206618e-06	2.27203337800905e-05	4.72705981504081e-06	4.18277830692839e-06
"Organismal Systems|Development|Osteoclast differentiation"	1.43919836977111e-07	3.3180597843263e-06	5.71764607891075e-06	2.98225619594896e-06	8.7436689023003e-06	5.15601467206618e-06	2.27203337800905e-05	4.72705981504081e-06	4.18277830692839e-06
"Metabolism|Metabolism of terpenoids and polyketides|Biosynthesis of 12-, 14- and 16-membered macrolides"	3.51763559217644e-05	1.64932955758845e-06	1.50194193377217e-06	9.20399389545335e-06	1.722932967229e-06	1.07523642615084e-06	1.11451148232669e-06	1.31381696504254e-06	4.22811187756617e-06
"Metabolism|Xenobiotics biodegradation and metabolism|Polycyclic aromatic hydrocarbon degradation"	7.65114738879654e-06	1.07979216247576e-06	6.78296357187435e-06	1.47478731509394e-05	6.03593292795686e-06	4.05005720516818e-06	3.44415006691235e-06	5.50551871065446e-06	4.31664427300474e-06
"Organismal Systems|Digestive system|Bile secretion"	4.75397037072195e-07	1.61669492301554e-06	7.15815363007472e-06	1.41354094490914e-05	6.98213608590636e-06	5.43404009082804e-06	5.22095557494707e-06	6.05249556957012e-06	4.31398713214573e-06
"Human Diseases|Infectious diseases: Bacterial|Vibrio cholerae infection"	1.32754726673704e-05	5.33759100523086e-07	0	9.48425315791629e-07	5.66754265535855e-08	7.37383749831356e-07	1.50370596821855e-07	8.21039843897573e-07	6.72158565321769e-06
"Metabolism|Metabolism of terpenoids and polyketides|Biosynthesis of type II polyketide products"	5.64189265900752e-06	4.84764247356259e-09	2.42248698995512e-07	4.34601586824397e-07	3.77836177023903e-08	1.05357415382912e-08	0	0	3.79161318576692e-06
"Environmental Information Processing|Signal transduction|Notch signaling pathway"	7.42545108596479e-06	5.93836203011419e-09	0	7.20465334667207e-07	0	0	0	0	3.00091862824107e-07
"Environmental Information Processing|Signal transduction|Wnt signaling pathway"	7.42545108596479e-06	5.93836203011419e-09	0	7.20465334667207e-07	0	0	0	0	3.00091862824107e-07
"Human Diseases|Cancers: Specific types|Chronic myeloid leukemia"	7.42545108596479e-06	5.93836203011419e-09	0	7.20465334667207e-07	0	0	0	0	3.00091862824107e-07
"Metabolism|Glycan biosynthesis and metabolism|Glycosphingolipid biosynthesis - lacto and neolacto series"	2.77914167955801e-08	5.09214544082291e-07	1.45349219397307e-06	3.05499415194771e-07	1.2581944694896e-06	1.0214746048433e-06	2.11292801857769e-06	3.75376275726439e-07	2.26633425375397e-07
"Environmental Information Processing|Signal transduction|cAMP signaling pathway"	4.56976751780982e-07	5.42841122569889e-07	3.75190058200366e-07	1.69721897330429e-07	9.74540871226286e-07	1.38398288565987e-06	1.77680550803471e-06	5.46976858915669e-07	2.98201875493944e-07
"Environmental Information Processing|Signal transduction|cGMP-PKG signaling pathway"	4.56976751780982e-07	5.42841122569889e-07	3.75190058200366e-07	1.69721897330429e-07	9.74540871226286e-07	1.38398288565987e-06	1.77680550803471e-06	5.46976858915669e-07	2.98201875493944e-07
"Organismal Systems|Circulatory system|Adrenergic signaling in cardiomyocytes"	4.56976751780982e-07	5.42841122569889e-07	3.75190058200366e-07	1.69721897330429e-07	9.74540871226286e-07	1.38398288565987e-06	1.77680550803471e-06	5.46976858915669e-07	2.98201875493944e-07
"Organismal Systems|Digestive system|Gastric acid secretion"	4.56976751780982e-07	5.42841122569889e-07	3.75190058200366e-07	1.69721897330429e-07	9.74540871226286e-07	1.38398288565987e-06	1.77680550803471e-06	5.46976858915669e-07	2.98201875493944e-07
"Organismal Systems|Digestive system|Pancreatic secretion"	4.56976751780982e-07	5.42841122569889e-07	3.75190058200366e-07	1.69721897330429e-07	9.74540871226286e-07	1.38398288565987e-06	1.77680550803471e-06	5.46976858915669e-07	2.98201875493944e-07
"Organismal Systems|Digestive system|Salivary secretion"	4.56976751780982e-07	5.42841122569889e-07	3.75190058200366e-07	1.69721897330429e-07	9.74540871226286e-07	1.38398288565987e-06	1.77680550803471e-06	5.46976858915669e-07	2.98201875493944e-07
"Organismal Systems|Endocrine system|Aldosterone synthesis and secretion"	4.56976751780982e-07	5.42841122569889e-07	3.75190058200366e-07	1.69721897330429e-07	9.74540871226286e-07	1.38398288565987e-06	1.77680550803471e-06	5.46976858915669e-07	2.98201875493944e-07
"Organismal Systems|Endocrine system|Insulin secretion"	4.56976751780982e-07	5.42841122569889e-07	3.75190058200366e-07	1.69721897330429e-07	9.74540871226286e-07	1.38398288565987e-06	1.77680550803471e-06	5.46976858915669e-07	2.98201875493944e-07
"Organismal Systems|Excretory system|Aldosterone-regulated sodium reabsorption"	4.56976751780982e-07	5.42841122569889e-07	3.75190058200366e-07	1.69721897330429e-07	9.74540871226286e-07	1.38398288565987e-06	1.77680550803471e-06	5.46976858915669e-07	2.98201875493944e-07
"Organismal Systems|Excretory system|Endocrine and other factor-regulated calcium reabsorption"	4.56976751780982e-07	5.42841122569889e-07	3.75190058200366e-07	1.69721897330429e-07	9.74540871226286e-07	1.38398288565987e-06	1.77680550803471e-06	5.46976858915669e-07	2.98201875493944e-07
"Human Diseases|Cardiovascular diseases|Dilated cardiomyopathy (DCM)"	0	2.42483116229663e-07	1.61499132663675e-07	1.52749707597386e-06	4.15619794726294e-07	1.79206071025141e-07	3.86983153585657e-07	9.384406893161e-08	1.59041000263437e-07
"Human Diseases|Cardiovascular diseases|Hypertrophic cardiomyopathy (HCM)"	0	2.42483116229663e-07	1.61499132663675e-07	1.52749707597386e-06	4.15619794726294e-07	1.79206071025141e-07	3.86983153585657e-07	9.384406893161e-08	1.59041000263437e-07
"Metabolism|Glycan biosynthesis and metabolism|Glycosaminoglycan biosynthesis - chondroitin sulfate / dermatan sulfate"	3.09643011141856e-08	0	0	1.46850637520037e-09	0	7.87718993517101e-10	0	0	1.37659531335317e-06
"Organismal Systems|Endocrine system|Parathyroid hormone synthesis, secretion and action"	0	2.07842671053996e-07	4.84497397991024e-08	4.84919706658367e-07	1.03904948681573e-07	7.1682428410056e-08	7.73966307171312e-08	6.25627126210732e-08	0
"Metabolism|Glycan biosynthesis and metabolism|Mannose type O-glycan biosynthesis"	1.8420285291213e-08	0	2.90698438794614e-07	0	0	0	0	0	2.38561500395155e-07
"Metabolism|Glycan biosynthesis and metabolism|Other types of O-glycan biosynthesis"	1.8420285291213e-08	0	2.90698438794614e-07	0	0	0	0	0	2.38561500395155e-07
"Cellular Processes|Cellular community - eukaryotes|Focal adhesion"	4.91312546921862e-07	0	3.1723043916079e-08	0	0	0	0	0	0
"Environmental Information Processing|Signaling molecules and interaction|ECM-receptor interaction"	4.91312546921862e-07	0	3.1723043916079e-08	0	0	0	0	0	0
"Human Diseases|Endocrine and metabolic diseases|AGE-RAGE signaling pathway in diabetic complications"	4.91312546921862e-07	0	3.1723043916079e-08	0	0	0	0	0	0
"Organismal Systems|Endocrine system|Relaxin signaling pathway"	4.91312546921862e-07	0	3.1723043916079e-08	0	0	0	0	0	0
"Organismal Systems|Immune system|Platelet activation"	4.91312546921862e-07	0	3.1723043916079e-08	0	0	0	0	0	0
"Human Diseases|Immune diseases|Systemic lupus erythematosus"	4.22100310005175e-07	5.19606677634991e-08	0	1.81927584353412e-10	0	0	0	0	5.42431788074477e-11
"Cellular Processes|Transport and catabolism|Endocytosis"	7.71983799877223e-09	2.30936301171107e-08	0	8.08199511097278e-09	5.66754265535855e-08	1.1947071401676e-08	0	1.04271187701789e-08	0
"Organismal Systems|Endocrine system|Oxytocin signaling pathway"	0	0	0	0	1.13350853107171e-07	0	0	0	0
"Organismal Systems|Nervous system|Synaptic vesicle cycle"	0	0	0	0	1.88918088511951e-08	1.7920607102514e-08	0	0	0
"Metabolism|Biosynthesis of other secondary metabolites|Staurosporine biosynthesis"	0	0	0	0	2.83377132767927e-08	0	0	0	0
