"ID"	"W1"	"C1"	"W2"	"C2"	"C3"	"W4"	"C4"	"W6"	"C6"	"W7"	"C7"	"C8"	"W9"	"W10"	"C10"	"C29"	"C30"	"W33"	"C38"	"C39"	"W42"	"C42"	"W43"	"C43"	"C46"	"C48"	"C51"	"W52"	"C52"	"W54"	"C55"	"W57"	"C59"	"W60"	"C61"	"W63"	"C65"	"W68"	"C68"	"W73"	"C74"	"C75"	"C77"	"C82"	"W83"	"W84"	"W85"	"C86"	"W87"	"C87"	"C88"	"C89"	"C90"	"C91"	"C92"	"W93"	"W94"	"W95"	"C95"	"W96"	"W97"	"C99"	"W100"	"W101"	"C103"	"W104"	"C105"	"C106"	"W107"	"C107"	"W108"	"C108"	"W109"	"W111"	"C111"	"W112"	"C113"	"W114"	"C114"	"C116"	"C117"	"C118"	"C119"	"W120"	"C120"	"W121"	"C121"	"W122"	"W123"	"C123"	"C125"	"W126"	"W127"	"C128"	"C129"	"C137"	"W139"	"W140"	"C141"	"C142"	"C143"	"W144"	"C144"	"W150"	"C151"	"W152"	"C152"	"W153"	"W154"	"C154"	"C156"	"C157"	"C159"	"W164"	"W170"	"C174"	"C177"	"C178"	"W181"	"W185"	"W187"	"W188"	"W189"	"W197"	"C200"	"C201"	"W221"	"W227"	"W228"	"W247"	"W251"	"W262"	"W265"	"W269"	"W280"	"W282"	"W318"	"C416"
"txid604330"	7	0	1	0	0	7	0	0	1	14	0	0	12	8	2	1	0	0	0	1	3	0	18	1	0	0	0	3	0	6	2	16	3	3	1	10	1	0	1	11	0	1	1	1	1	6	0	5	5	0	1	4	3	1	0	40	6	4	0	11	8	2	15	16	1	2	0	0	2	0	7	1	5	0	0	2	0	1	2	0	1	0	1	5	1	0	2	9	3	1	0	8	4	1	1	0	1	5	1	3	43	8	0	41	2	7	0	24	4	0	3	2	3	3	3	0	1	0	13	24	2	2	5	1	1	0	2	1	1	0	0	3	7	1	6	3	2	0
"txid2003188"	2	2	1	2	0	1	1	6	2	2	3	3	0	9	5	1	2	2	3	0	3	3	1	2	3	6	2	0	2	1	2	1	0	1	5	4	4	0	0	1	1	1	2	4	3	1	10	0	1	2	6	16	2	9	8	0	2	2	1	2	0	19	1	1	9	1	1	4	1	7	1	4	1	4	11	1	0	1	7	2	8	2	2	0	2	4	6	2	1	0	0	4	0	4	1	2	7	5	2	2	10	1	1	10	11	1	1	3	5	4	7	2	23	2	2	4	0	6	14	12	0	3	1	4	5	0	1	1	0	0	1	0	2	0	0	0	1	4
"txid1871031"	1	1	0	2	0	0	0	1	0	1	1	1	1	3	4	1	12	2	3	0	0	1	0	0	0	2	0	0	1	0	1	1	0	0	2	0	4	0	0	2	1	0	0	2	2	1	0	0	0	1	2	4	2	3	3	1	0	0	3	1	0	0	4	1	2	1	0	0	1	1	0	0	2	0	0	0	0	0	1	0	6	0	2	0	0	2	1	2	0	1	1	1	0	1	0	1	1	1	1	0	3	0	0	0	0	0	0	1	1	0	2	0	7	2	0	0	0	0	1	1	1	1	0	0	2	0	0	1	0	0	0	0	0	0	0	0	0	1
"txid147207"	0	12	0	8	0	4	1	4	5	5	40	4	4	12	49	4	22	8	6	25	34	1	1	2	1	5	10	1	7	0	16	1	1	1	20	5	8	1	5	2	6	4	8	17	18	1	5	1	0	19	8	33	4	26	90	3	0	4	5	1	1	7	3	1	10	2	6	4	1	11	4	24	2	11	12	0	1	8	12	5	17	9	8	1	4	18	53	6	0	8	5	2	5	29	6	1	6	8	2	7	38	3	1	14	10	3	1	2	7	2	39	3	49	11	9	6	4	2	16	80	3	1	5	2	0	2	3	0	1	0	0	2	1	0	0	0	3	5
"txid1871016"	1	0	0	0	0	0	0	0	0	3	0	0	0	0	1	1	2	0	0	0	1	0	3	1	0	0	0	2	0	0	0	5	1	1	1	1	0	0	0	1	0	0	0	0	2	0	0	1	1	1	0	2	0	2	1	2	0	6	0	1	1	2	2	0	1	1	0	0	0	0	1	1	0	0	0	0	0	0	1	0	0	0	0	2	0	1	1	1	1	1	0	2	3	1	0	1	0	0	1	1	5	1	0	2	2	2	0	1	2	0	1	0	0	0	0	0	0	1	2	8	0	0	1	0	0	0	3	3	2	0	0	0	0	0	2	0	2	0
"txid742742"	1	8	0	3	0	0	1	0	1	1	13	4	0	0	12	1	2	1	5	12	16	2	0	2	1	2	3	1	1	0	6	1	1	1	2	1	3	1	3	2	2	0	8	0	1	0	2	0	0	3	6	9	4	12	24	0	0	0	2	0	1	6	0	1	5	0	1	1	1	2	0	4	0	2	1	0	2	2	9	1	4	5	2	0	3	13	8	1	0	3	3	0	0	3	1	0	3	4	4	0	3	0	1	3	13	0	1	0	1	0	2	4	15	5	2	4	0	0	4	12	1	0	1	0	0	1	3	1	0	0	0	0	1	2	0	1	1	5
"txid1870987"	7	4	4	4	1	7	0	4	2	18	18	3	1	21	12	3	3	1	6	12	20	1	6	1	0	4	4	4	1	1	7	6	4	8	11	21	3	1	0	8	4	1	7	6	5	6	5	3	6	10	5	16	4	13	22	16	3	8	5	6	3	5	7	6	6	2	1	1	6	7	18	8	3	3	3	1	1	1	5	0	8	2	3	10	0	5	14	30	4	1	5	9	8	6	4	1	4	13	3	6	122	10	1	43	3	10	2	11	6	0	19	1	24	2	11	6	6	2	29	82	5	2	10	2	0	2	5	1	1	1	1	2	22	3	5	3	13	3
"txid1411144"	14	4	7	1	1	7	0	1	0	1	22	9	1	13	43	4	14	14	4	12	17	13	0	9	3	8	31	0	7	4	25	0	9	2	6	3	21	4	13	2	5	5	20	12	33	0	16	0	0	0	66	49	40	15	40	0	0	0	20	0	0	5	0	0	1	0	3	29	0	9	0	22	0	2	6	0	19	32	89	14	19	29	21	0	48	42	13	1	0	12	7	0	0	12	4	0	8	6	18	9	18	7	15	5	17	8	8	12	8	14	5	5	24	13	68	0	0	0	10	9	10	10	1	8	0	0	5	10	8	0	0	8	4	2	0	2	7	9
"txid246787"	0	0	3	0	0	3	0	0	0	1	0	0	3	9	0	0	0	0	0	0	0	0	0	0	0	0	0	0	0	0	0	0	0	1	0	0	0	3	0	0	0	0	0	0	0	0	0	0	0	0	0	0	0	0	0	39	0	0	1	0	5	0	1	0	0	2	0	1	0	0	0	0	0	0	0	0	0	0	0	0	0	0	0	1	0	0	0	1	1	0	2	1	0	0	0	0	0	14	0	27	27	2	0	6	0	19	0	324	9	0	0	0	0	0	1595	0	0	0	111	44	86	153	3	4	1	0	0	0	0	0	1	0	0	0	0	1	0	0
"txid272559"	2	0	47	0	0	14	0	0	0	37	0	0	9	23	0	0	0	0	0	0	0	0	0	0	0	0	0	0	0	0	0	0	0	0	0	0	0	0	0	1	0	0	0	0	0	0	0	0	0	0	0	0	0	0	0	0	0	0	0	0	0	0	0	0	0	1	0	0	0	0	0	1	0	0	0	0	0	0	0	0	0	0	0	0	0	0	0	0	0	0	0	0	0	0	0	0	0	0	0	0	49	0	0	0	0	5	0	0	24	0	0	0	0	0	123	0	0	0	11	10	0	0	0	0	0	0	0	0	0	0	0	0	0	0	0	0	0	0
"txid1912896"	3	1	2	0	0	7	0	0	0	1	0	0	1	15	0	2	1	1	0	1	1	1	0	1	1	0	5	0	0	0	1	0	0	4	0	2	0	0	0	0	2	0	0	0	1	0	0	0	0	0	2	4	1	1	2	6	0	0	1	0	0	0	1	0	0	0	0	1	0	0	0	4	0	0	0	0	0	3	21	3	1	3	5	0	9	11	0	3	0	3	0	1	0	0	7	0	0	1	2	3	9	3	0	0	0	8	0	14	4	0	0	0	5	0	23	0	0	0	8	13	4	4	1	8	0	2	0	0	0	0	0	3	3	0	0	1	3	2
"txid1903262"	11	14	18	11	3	8	2	2	3	4	46	34	5	9	111	18	54	72	51	84	93	79	4	54	37	71	133	12	39	11	130	4	24	34	18	7	68	31	52	8	17	13	49	45	118	3	74	21	4	28	174	154	89	54	164	50	9	4	61	12	21	23	10	11	19	15	23	72	19	29	17	68	11	25	44	17	60	77	50	54	47	69	51	10	140	142	49	14	14	30	25	13	5	49	61	4	27	8	67	13	38	9	34	11	95	14	60	9	51	60	54	36	130	76	27	0	0	0	16	18	20	5	12	41	0	0	17	46	24	0	1	20	8	6	5	19	37	34
"txid28116"	3	2	7	0	0	10	0	0	0	1	0	2	6	11	0	3	1	1	3	4	2	4	1	4	1	2	7	1	1	1	10	0	0	24	0	3	2	3	0	2	1	1	1	0	2	0	1	0	0	1	3	4	5	1	7	71	4	1	5	4	1	0	4	0	0	1	0	7	0	1	1	7	0	0	0	4	0	4	33	1	2	1	3	0	7	21	0	3	2	1	0	1	0	3	7	0	0	12	0	15	25	4	0	3	1	20	5	31	17	0	0	0	6	1	65	0	0	0	26	28	6	16	2	7	0	5	0	5	1	0	0	2	0	0	1	11	5	1
"txid1236512"	3	1	1	0	1	2	0	0	0	0	0	1	2	2	1	2	2	2	0	4	3	4	1	2	5	0	9	1	1	4	4	1	1	0	0	1	0	2	1	0	0	2	1	0	2	1	0	5	0	0	2	2	0	2	2	11	2	0	4	2	2	1	3	1	1	2	0	2	1	0	2	1	4	0	2	1	0	1	2	0	0	0	0	1	1	0	3	3	2	0	0	5	0	0	1	0	0	3	1	9	12	1	2	2	2	19	6	6	26	0	0	0	1	3	4	0	0	0	4	7	2	2	0	5	0	0	0	2	1	0	0	1	1	0	0	3	0	1
"txid818"	25	0	5	0	0	43	0	0	0	11	0	1	16	18	0	1	0	0	1	0	0	0	8	0	0	1	2	5	0	3	0	0	2	21	0	6	0	14	0	1	0	0	0	0	0	1	0	1	0	0	0	0	0	0	0	65	2	0	1	1	1	0	5	9	0	10	0	0	1	0	1	0	0	0	0	20	0	0	0	0	0	0	0	1	0	0	0	3	1	0	0	1	10	0	0	0	0	1	1	0	51	0	0	4	0	21	0	1	1	0	0	0	0	0	25	0	0	0	3	0	1	7	2	4	2	41	1	2	2	0	0	12	4	0	1	7	3	0
"txid820"	24	2	15	1	1	25	2	0	0	5	8	5	15	36	13	17	6	5	10	24	21	23	1	13	10	16	33	4	4	6	14	2	5	11	1	5	6	12	7	1	2	1	7	7	12	3	5	15	5	1	21	16	11	6	27	111	18	0	38	13	14	19	8	9	8	10	3	15	13	5	10	11	31	0	23	7	5	11	31	3	4	14	2	6	9	18	5	4	6	1	0	28	6	6	13	0	5	14	6	45	54	18	12	13	13	32	32	49	16	9	3	5	14	25	72	0	0	0	20	83	33	49	6	19	0	0	9	17	19	3	1	14	8	0	2	21	15	8
"txid657309"	1	0	2	0	0	2	0	0	0	0	0	0	0	5	0	1	1	1	0	0	0	0	0	0	0	1	0	0	0	0	0	0	0	0	1	0	1	0	0	0	0	0	0	0	0	0	0	0	0	1	0	0	2	1	2	0	0	0	0	0	0	0	0	0	0	0	0	1	0	0	0	1	0	0	0	0	0	2	13	1	0	1	2	0	6	4	0	0	0	1	0	0	0	0	1	0	0	0	0	3	2	1	0	0	0	7	0	6	4	0	0	0	0	0	12	0	0	0	10	5	2	2	0	1	0	1	1	0	0	0	0	0	0	0	0	0	1	1
"txid1841865"	1	0	1	0	0	0	0	0	0	0	0	2	0	1	2	1	2	1	1	2	1	3	0	1	0	0	8	0	0	0	2	1	0	1	0	0	3	0	1	0	1	1	2	0	2	0	1	0	0	1	5	4	2	1	8	1	1	0	2	0	2	0	1	0	0	0	0	1	0	0	1	2	0	0	0	0	1	1	1	0	2	0	1	1	3	3	0	2	1	2	1	0	0	1	0	0	0	0	2	1	0	1	2	1	2	0	0	0	2	1	0	1	8	0	1	0	0	0	0	0	0	0	1	1	0	0	0	1	0	0	0	0	0	0	0	0	1	0
"txid435590"	1	15	0	2	1	7	0	0	0	0	0	1	3	49	0	5	2	3	2	5	3	4	9	3	2	1	16	0	1	0	7	0	5	27	1	4	0	12	1	3	0	2	1	1	2	5	0	0	0	1	4	4	6	2	2	0	0	0	1	0	0	0	0	0	0	1	0	1	0	0	0	2	0	3	0	0	0	1	18	2	3	1	4	1	9	8	2	4	2	1	2	0	0	1	6	0	0	3	0	4	53	5	1	8	0	43	1	9	7	0	0	0	3	1	85	0	0	0	18	13	3	5	5	27	0	0	0	2	11	0	0	2	0	0	0	1	0	4
"txid487174"	17	3	6	1	1	14	0	0	1	16	1	1	7	30	2	8	0	1	2	1	1	2	1	3	2	1	9	1	1	0	4	0	0	2	1	1	3	7	3	2	1	0	0	1	2	0	5	4	3	0	2	0	0	2	1	3	2	0	0	4	1	1	4	1	3	3	0	5	1	1	0	1	3	2	2	4	2	4	2	1	3	2	4	2	7	3	0	0	1	1	4	2	1	3	7	1	1	4	2	5	8	5	2	4	1	4	2	12	5	0	0	2	3	1	8	0	0	0	5	9	3	5	0	2	5	2	5	4	2	0	0	3	5	0	1	2	1	3
"txid397865"	8	27	5	7	27	15	1	3	5	32	17	24	16	19	32	22	14	14	21	30	23	25	2	51	11	17	35	12	19	11	21	2	13	40	5	8	20	44	5	11	6	5	13	23	22	3	48	13	15	4	53	17	39	9	26	45	23	8	73	31	13	6	23	10	12	8	7	20	4	18	4	21	15	8	11	4	24	24	48	14	6	25	12	2	52	22	15	3	1	5	15	6	7	14	26	1	1	38	9	39	16	11	10	22	15	12	11	24	12	12	4	10	9	26	33	0	0	0	19	24	12	23	14	5	70	72	20	17	19	1	1	13	15	4	19	23	10	18
"txid2518971"	5	10	3	4	2	4	1	2	4	11	4	6	2	5	12	6	6	5	8	8	10	9	0	9	6	6	19	0	3	7	14	0	3	3	5	3	6	1	3	4	5	1	2	3	9	0	4	2	2	4	10	13	1	2	14	17	2	1	5	1	1	1	4	3	2	3	4	6	1	4	2	14	1	4	1	2	4	10	4	5	7	9	6	0	20	10	2	1	1	5	5	4	2	6	4	0	2	10	6	9	15	4	2	7	6	2	3	3	9	12	4	4	18	7	1	0	1	0	6	9	6	3	1	3	0	1	2	1	4	0	1	6	2	0	4	4	3	4
"txid2530391"	23	3	52	4	3	76	2	0	2	100	2	5	43	349	13	36	3	3	13	9	42	40	2	33	28	62	49	9	20	7	10	2	13	15	4	13	2	19	4	28	4	12	3	3	3	14	5	40	118	12	6	4	9	3	22	92	114	31	17	56	58	23	51	74	22	22	4	37	37	12	41	32	96	21	25	82	19	52	18	33	32	37	50	31	121	78	4	59	66	10	5	77	44	16	55	3	21	202	28	192	159	109	28	112	54	169	27	209	38	19	11	35	50	32	115	0	1	2	215	186	346	228	68	85	0	0	71	127	94	5	2	62	50	4	53	201	35	25
"txid2530390"	7	1	12	1	1	26	0	0	0	16	1	1	19	36	0	18	1	0	1	1	2	1	0	1	1	0	5	3	0	0	0	0	4	4	0	1	2	12	0	9	0	4	0	0	2	9	1	22	10	6	2	0	3	0	10	20	15	6	5	28	21	9	24	14	12	9	5	17	16	10	16	14	26	11	12	19	10	25	6	16	12	13	28	12	55	43	0	16	14	2	2	20	10	9	32	1	12	66	12	66	50	36	12	55	35	43	12	65	21	13	5	19	25	17	54	0	0	0	55	101	47	81	21	31	2	2	21	56	24	6	3	35	15	4	3	9	15	12
"txid1796646"	0	1	1	1	0	1	0	0	1	0	0	2	1	2	2	2	0	0	3	0	1	0	0	0	1	1	2	0	1	0	0	0	0	1	1	0	2	1	2	1	0	0	0	1	2	0	1	0	1	1	0	1	0	0	1	2	0	0	0	2	0	0	1	1	0	1	0	1	0	1	0	0	0	0	1	1	0	2	0	2	2	1	0	0	2	4	1	2	1	0	1	0	0	0	3	0	0	0	1	2	4	1	0	0	1	2	0	0	2	1	0	0	2	0	0	0	0	0	2	1	1	2	1	1	0	0	0	2	0	0	0	2	0	0	0	1	0	0
"txid2094151"	3	14	2	7	5	4	3	4	11	9	8	17	5	8	42	3	9	9	8	6	13	13	0	15	15	15	22	1	11	0	9	1	2	4	4	1	9	1	7	2	6	0	5	6	6	2	9	7	6	5	14	9	9	6	30	9	5	1	18	5	5	5	4	11	7	3	3	16	5	5	4	20	5	6	10	6	12	19	16	12	19	19	13	1	50	22	11	5	3	18	7	2	2	7	10	1	17	14	9	17	23	9	9	8	24	11	17	7	9	7	5	13	46	28	6	1	0	2	11	22	8	12	6	5	0	0	12	12	6	1	0	8	8	2	1	1	4	19
"txid2606626"	1	4	0	2	3	0	3	1	2	1	4	5	0	2	13	1	4	5	6	1	4	7	0	7	4	6	11	1	1	0	1	0	0	1	1	1	2	1	2	1	1	0	4	1	3	0	2	1	0	2	5	1	3	2	6	4	1	0	2	2	1	2	2	1	1	1	3	4	1	1	0	4	0	1	6	0	4	6	5	2	4	2	1	1	11	12	1	0	0	7	3	0	0	0	1	1	4	5	4	4	3	1	1	0	6	0	3	1	2	3	1	2	6	8	3	0	0	0	1	5	3	2	1	2	0	0	1	1	0	0	0	1	1	1	0	1	3	4
"txid2042309"	2	0	2	0	0	20	0	0	0	1	0	0	2	1	0	1	0	0	0	0	1	1	0	2	1	3	5	0	0	2	1	0	1	1	0	0	0	1	1	0	0	0	1	1	2	0	0	0	0	0	3	7	6	0	16	5	2	1	1	1	0	0	2	0	0	0	0	3	1	0	1	2	1	0	3	0	0	4	1	1	0	1	2	0	2	5	2	2	1	0	0	0	0	0	3	0	0	17	0	29	25	25	0	11	3	16	2	14	1	2	0	0	3	0	3	0	0	0	0	5	20	7	0	2	0	0	0	7	9	0	0	6	4	0	1	5	1	1
"txid28118"	1	1	1	0	0	2	0	0	0	1	0	0	0	0	0	2	1	0	0	1	4	1	1	9	2	8	13	2	1	14	0	0	6	6	0	2	0	1	1	6	0	2	1	0	2	0	2	4	4	0	4	8	1	3	11	4	20	4	2	8	4	1	21	4	0	2	1	5	2	0	3	0	6	0	4	10	2	6	1	1	0	1	2	4	4	5	3	3	4	1	0	4	5	0	1	0	0	5	0	14	25	8	0	21	2	24	2	7	2	8	1	0	4	4	1	0	0	0	25	2	14	9	1	0	0	0	5	23	19	0	0	11	7	0	9	23	8	0
"txid1841864"	28	45	29	43	25	20	24	18	17	12	31	26	46	26	42	23	11	12	44	21	50	53	29	48	41	37	31	30	21	30	59	15	34	37	15	18	27	64	23	37	42	27	21	26	44	19	43	36	30	37	43	31	22	31	42	75	32	13	18	33	48	27	48	38	27	17	30	60	17	25	39	39	49	24	19	53	37	46	31	26	37	45	44	27	35	41	14	25	56	45	40	19	21	18	19	18	26	58	23	20	48	28	33	31	71	41	48	52	22	20	21	17	49	46	30	21	14	15	15	35	24	31	18	29	41	42	18	18	70	7	1	27	14	9	17	19	30	34
"txid1870999"	10	13	5	10	10	7	14	4	6	3	9	5	5	3	14	7	2	5	9	11	20	29	5	20	9	16	12	11	12	7	17	8	7	5	7	3	23	10	14	13	31	14	4	15	16	7	17	11	20	27	16	13	10	12	10	7	13	7	9	8	5	11	15	11	10	4	13	21	4	12	6	12	8	12	15	14	11	14	4	10	8	8	8	13	4	9	7	4	5	17	14	5	3	9	6	5	12	16	6	9	6	7	11	1	11	5	4	10	18	7	4	17	8	13	0	23	10	15	3	2	11	11	6	5	21	30	4	8	5	1	1	3	4	1	5	11	4	7
"txid305719"	12	23	13	19	15	10	15	7	14	6	25	21	13	9	49	25	8	15	29	15	26	36	10	26	33	22	37	14	22	11	28	9	8	11	12	4	22	14	11	12	36	20	14	18	36	8	37	16	23	29	42	26	20	21	47	11	9	11	20	8	9	9	12	11	18	8	24	33	7	8	11	31	11	19	21	10	17	17	11	12	23	22	21	9	24	22	34	13	7	27	49	12	4	17	16	8	19	20	17	16	13	8	23	6	28	4	14	9	18	9	4	16	37	35	6	24	15	23	8	6	14	25	7	9	26	24	16	16	20	0	0	6	8	4	6	12	13	18
"txid873513"	115	70	173	46	39	190	38	32	32	129	101	84	87	102	231	148	135	196	142	142	211	243	102	261	134	246	330	95	189	62	238	111	217	213	105	88	230	135	142	121	200	110	185	132	244	55	324	220	162	209	450	298	263	177	424	323	137	66	227	225	242	92	128	216	136	84	138	275	162	113	124	232	204	123	210	110	143	227	195	116	138	168	215	91	191	216	173	130	136	133	151	146	34	149	140	70	170	174	120	122	306	104	146	66	145	68	55	89	109	142	62	178	301	213	65	41	29	30	40	108	75	109	81	76	35	54	100	234	142	19	6	106	64	19	61	145	160	77
"txid537011"	0	30	0	6	0	0	0	0	0	0	0	14	0	0	0	1	34	18	203	108	297	245	0	282	183	170	281	0	101	10	47	0	4	6	4	17	13	0	98	0	6	4	26	17	24	0	19	0	0	34	36	39	32	57	44	0	0	0	130	0	0	29	0	0	146	0	83	133	0	78	0	229	0	111	46	0	152	143	366	82	123	152	91	0	202	212	15	1	0	98	46	0	0	101	112	0	9	0	0	0	0	0	198	0	63	0	209	0	64	28	5	55	163	455	0	0	0	0	1	0	0	0	1	1	138	121	1	0	1	0	0	0	0	0	0	0	0	109
"txid2801997"	2	1	3	0	0	2	0	0	0	2	0	0	0	1	0	2	1	0	1	1	0	2	1	4	1	1	3	2	1	0	5	1	1	3	1	0	0	0	0	0	0	0	1	0	2	0	2	0	1	4	3	1	1	2	4	3	3	0	0	1	0	0	0	0	1	2	0	1	2	0	2	0	3	0	1	1	0	0	1	0	1	1	1	2	3	0	0	0	0	0	0	2	0	2	0	0	0	0	0	2	1	0	0	0	0	2	0	3	0	0	2	1	0	1	0	1	0	0	1	0	0	2	2	1	0	0	0	0	2	0	0	1	0	0	1	0	0	0
"txid1776379"	3	3	5	2	3	0	3	1	1	1	4	3	2	2	5	4	1	2	7	2	4	6	4	5	6	5	5	5	2	2	2	2	1	3	3	1	5	6	4	3	4	6	1	4	4	2	5	4	6	9	6	0	4	2	5	7	7	3	1	4	4	4	5	3	3	3	3	5	1	1	2	4	2	2	3	3	1	2	2	3	3	1	2	5	1	2	2	4	3	4	5	1	1	3	3	2	7	6	3	4	4	4	8	2	2	0	0	0	4	1	0	4	6	3	1	6	4	4	0	2	3	4	2	3	2	4	4	13	6	0	2	3	3	0	2	3	3	1
"txid840"	5	4	4	2	2	3	2	0	2	1	4	3	3	2	4	9	1	5	6	8	6	13	1	10	7	5	7	6	6	6	8	3	3	4	4	0	6	3	5	8	11	12	15	7	10	3	16	9	10	15	5	9	10	9	4	6	3	3	2	2	5	3	6	4	4	3	9	9	5	5	4	7	5	4	7	4	3	9	2	6	4	5	7	3	2	3	7	7	2	5	11	3	1	9	3	5	10	9	3	2	1	8	6	2	2	1	1	2	5	1	2	6	9	6	0	6	15	9	0	3	4	7	5	4	17	20	4	6	4	1	0	3	0	3	3	7	2	4
"txid439703"	2	1	2	1	1	1	0	0	0	1	1	2	1	0	1	1	1	1	2	2	4	4	2	5	1	0	4	2	3	0	2	2	0	2	1	1	1	0	0	0	0	3	2	1	9	0	5	4	3	3	5	4	4	4	1	4	2	0	1	1	1	0	1	1	1	1	1	2	1	0	2	0	1	0	2	2	1	1	0	2	0	1	3	0	1	6	2	2	0	2	4	4	0	1	1	0	6	2	0	0	3	0	1	1	3	2	0	1	1	2	0	1	4	1	0	2	1	0	0	2	1	3	0	2	0	4	0	3	5	0	0	0	1	0	3	2	0	0
"txid2479840"	36	50	58	43	52	47	51	24	42	29	50	44	33	28	73	58	27	38	76	35	75	117	47	67	75	70	71	81	44	31	80	38	49	63	50	31	99	56	58	73	125	46	65	51	61	36	118	89	77	118	86	71	69	60	59	54	48	49	44	75	70	45	74	77	43	31	70	90	51	50	52	64	55	62	69	54	52	59	20	58	59	44	81	70	49	41	54	60	50	79	108	37	11	42	53	46	66	60	39	37	52	36	71	26	54	18	15	23	97	39	13	90	76	64	4	71	33	56	12	24	38	56	42	30	47	92	47	73	63	9	3	24	19	17	30	53	70	43
"txid1676614"	556	1203	823	892	1176	861	1312	433	875	559	1044	1011	737	414	1167	935	329	621	1227	869	1085	1864	589	1451	1357	1685	1112	890	1127	626	1025	575	764	776	634	492	1368	553	888	760	2055	1203	1222	994	1240	756	1975	922	1323	2166	1157	924	1152	1132	1249	725	1019	665	903	1028	989	997	880	1152	793	284	1321	1428	644	1172	809	1038	1064	1374	1092	1260	1100	1364	282	1249	1226	862	1444	1123	630	621	892	815	847	1894	1853	548	235	917	808	660	943	1113	402	590	273	707	1006	487	641	342	414	286	1048	662	365	1913	1025	598	14	1506	1055	1159	286	285	551	908	578	528	1416	2408	495	860	683	119	31	355	379	313	593	1135	859	846
"txid1852370"	25	122	62	111	111	35	77	40	54	18	112	117	19	23	337	28	51	83	64	55	68	41	21	60	41	84	60	25	30	15	99	15	25	42	24	15	59	23	27	17	65	37	46	49	118	7	78	40	23	59	148	91	95	101	166	41	33	8	77	19	35	40	15	29	48	13	50	96	29	41	42	98	16	57	65	28	57	63	102	37	100	166	102	23	118	108	38	23	32	79	86	18	5	68	57	34	53	44	68	17	37	8	74	10	179	11	79	32	102	54	16	50	199	250	46	75	25	53	57	46	25	51	16	25	30	63	26	59	33	11	4	24	13	8	23	18	69	86
"txid742725"	0	4	0	0	0	2	0	0	0	0	0	0	0	3	0	0	3	2	1	3	7	4	0	1	2	5	14	0	0	2	2	0	1	2	1	2	2	0	2	0	1	2	2	1	3	0	0	0	0	1	1	6	1	1	6	2	0	0	2	0	0	2	0	0	0	0	0	0	0	0	0	4	0	0	1	0	0	3	1	2	3	2	3	0	5	4	1	3	0	1	0	0	0	0	3	0	0	2	0	1	7	0	0	0	0	5	0	7	1	0	0	0	0	0	6	0	0	0	4	7	2	1	2	5	0	0	0	0	2	0	0	0	0	0	0	0	0	1
"txid1871023"	2	5	1	1	4	4	0	0	2	7	5	2	2	3	5	3	5	3	1	4	4	5	0	8	2	3	6	1	4	3	3	0	6	8	1	1	6	9	2	5	2	3	2	3	3	0	8	5	3	1	10	4	11	3	5	6	6	1	12	7	3	0	5	2	3	1	1	2	0	1	0	6	0	2	1	1	5	1	9	3	1	5	2	0	8	5	5	0	0	1	2	1	3	4	4	0	2	4	2	11	4	3	2	5	3	1	0	5	2	2	1	3	0	3	4	0	0	0	2	5	0	7	2	2	17	10	0	5	5	0	2	4	4	1	2	3	0	2
"txid823"	23	7	19	2	4	32	1	1	0	18	10	6	17	32	24	13	14	13	38	29	33	29	6	23	16	24	53	7	22	9	27	3	7	17	4	12	9	26	13	10	4	4	2	6	13	6	13	19	12	2	24	25	13	9	27	79	18	3	28	9	15	36	10	11	19	7	7	17	8	10	15	21	25	6	46	6	13	12	29	4	3	17	11	7	20	11	13	7	8	2	4	11	7	12	21	3	27	22	26	41	87	23	68	15	19	13	86	41	12	9	12	12	28	62	48	0	0	0	72	73	30	27	11	12	0	1	10	12	22	5	2	30	11	9	13	37	26	15
"txid574930"	0	0	0	0	0	0	0	0	0	0	0	0	0	0	0	0	0	0	0	0	0	0	0	0	0	0	0	0	0	0	0	0	0	0	0	0	0	0	0	0	0	0	0	0	0	5	1	0	0	0	0	0	0	0	0	0	0	0	0	0	0	0	0	2	0	10	0	0	0	0	0	0	0	0	0	1	0	0	0	0	0	0	0	2	0	0	0	1	8	0	0	0	1	0	0	0	0	0	0	0	77	2	0	3	0	14	0	2	4	0	0	0	0	0	19	0	0	0	2	2	1	1	0	3	0	0	3	1	2	0	0	0	0	0	0	0	1	0
"txid387661"	5	1	5	2	0	5	0	0	0	0	2	2	2	4	5	3	0	4	0	2	1	0	3	1	1	2	2	4	1	3	4	3	4	4	0	1	2	7	1	3	0	0	0	1	2	1	3	15	6	0	6	0	3	1	2	3	4	0	1	2	5	1	2	4	0	2	0	2	3	0	4	4	3	1	0	2	0	1	5	2	0	0	0	0	1	4	3	0	4	0	3	0	1	1	1	0	0	5	2	2	10	0	0	2	2	6	1	4	1	2	1	0	2	3	4	0	0	0	4	7	1	4	4	0	0	0	6	5	5	1	1	2	0	3	2	2	3	0
"txid46503"	308	81	391	54	50	415	22	25	22	179	181	88	223	269	224	169	113	108	85	101	102	71	134	80	56	80	130	143	60	62	146	78	212	443	32	107	84	452	53	144	49	54	57	95	112	87	117	376	168	12	193	162	106	67	209	421	166	77	97	237	269	30	190	219	13	146	21	91	209	39	318	102	209	32	32	114	62	91	265	51	52	99	60	131	109	136	59	103	241	29	23	95	88	95	69	3	35	259	62	173	510	148	60	131	132	159	107	98	30	67	27	22	161	167	123	0	0	2	227	285	191	99	137	110	0	0	197	339	201	29	6	244	107	98	127	126	225	67
"txid1562132"	0	0	0	0	0	0	0	0	0	0	0	0	0	0	0	0	0	0	0	0	0	0	0	0	0	0	0	0	0	0	0	0	0	0	0	0	0	0	0	0	0	0	0	0	0	0	0	0	0	0	0	0	0	0	0	0	0	0	0	0	0	0	0	0	0	0	0	0	0	0	0	0	0	0	0	0	0	0	0	0	0	0	0	0	0	0	0	0	0	0	0	0	4	0	0	0	0	0	0	0	0	0	0	0	0	0	0	0	0	0	0	0	0	0	0	0	0	0	0	0	0	0	0	0	0	0	0	0	0	14	8	0	200	0	0	0	0	0
"txid1224748"	2	0	0	0	0	0	0	0	0	5	0	0	0	0	0	0	0	0	0	0	0	0	0	0	0	0	0	0	0	0	0	0	0	0	0	0	0	0	0	0	0	0	0	0	0	0	0	0	0	0	0	0	0	0	0	0	0	0	0	0	0	0	0	0	0	0	0	0	0	0	0	0	0	0	0	0	0	0	0	0	0	0	0	0	0	0	0	0	0	0	0	14	51	0	0	0	0	0	0	0	0	0	0	0	0	0	0	0	0	0	0	0	0	0	0	0	0	0	0	0	0	0	0	0	0	0	0	22	2	191	11	0	40	0	0	0	0	0
"txid1140002"	2	2	3	1	1	0	0	0	0	0	0	0	2	7	0	1	6	0	2	4	1	2	4	1	0	1	3	1	4	7	3	6	0	1	1	12	9	1	0	1	2	0	0	1	3	0	6	0	12	1	6	2	4	0	2	26	10	0	3	5	2	5	1	1	1	1	0	0	5	3	1	1	0	4	1	2	0	1	1	4	2	0	0	1	3	3	6	1	0	0	1	3	3	0	4	1	0	3	0	4	2	7	0	7	0	12	0	2	2	0	7	1	0	4	1	0	2	0	0	3	1	1	21	5	2	0	0	2	6	1	1	1	1	5	0	2	11	0
"txid1351"	7	2	47	2	1	0	0	1	2	0	4	3	1	9	0	0	4	0	3	0	2	1	1	0	1	2	2	1	1	8	1	1	0	1	0	2	3	0	0	0	3	0	0	4	2	0	2	1	1	0	1	2	4	1	0	3	9	0	2	3	2	1	1	4	0	0	1	0	0	3	0	0	0	5	0	0	0	1	6	1	1	1	0	0	2	0	0	1	0	1	0	0	1	1	2	0	1	1	1	5	2	1	0	1	1	2	1	2	3	0	4	2	0	0	0	0	2	0	0	1	1	0	0	11	0	0	0	1	21	0	0	2	3	6	1	2	19	0
"txid160453"	3	0	1	0	0	0	0	0	0	0	1	1	7	3	0	1	0	0	2	1	0	1	2	0	1	0	1	1	1	1	0	7	0	1	1	10	2	0	1	0	0	1	1	0	1	0	0	2	18	0	1	1	2	0	1	13	10	3	5	8	6	1	8	9	0	5	2	1	3	3	1	1	0	2	0	7	0	1	1	3	2	0	0	1	4	4	5	1	0	0	0	3	4	1	5	1	0	2	0	0	3	13	0	5	0	14	0	6	5	0	2	2	0	1	0	1	1	0	0	0	1	0	13	3	0	0	0	1	4	0	0	4	3	12	1	9	35	0
"txid768486"	0	0	0	0	0	0	0	0	0	0	0	0	0	0	0	2	66	51	0	1	5	3	1	2	18	55	2	0	0	0	1	0	0	0	0	0	0	0	0	0	0	2	0	0	0	0	0	0	0	0	0	0	1	0	0	0	0	0	0	0	0	0	0	0	0	0	0	0	2	0	0	0	0	0	0	0	1	4	19	1	0	0	0	0	0	0	0	0	0	0	0	1	0	0	0	0	0	0	0	0	0	0	0	0	0	0	0	0	0	0	0	0	0	0	0	0	0	0	0	0	0	3	0	0	4	0	0	1	2	0	1	0	0	0	0	0	0	0
"txid71451"	0	0	1	0	0	0	0	0	0	0	0	0	1	2	0	1	1	0	0	0	1	0	1	0	1	0	1	1	1	1	0	1	0	0	1	2	2	0	1	0	1	0	0	0	1	0	3	1	12	1	2	2	1	0	0	12	4	4	2	1	2	0	7	8	1	2	0	1	1	1	1	0	1	3	0	3	0	0	0	1	0	0	0	0	1	0	1	0	0	0	0	3	2	0	1	0	0	3	0	2	1	4	0	2	0	4	0	3	2	0	5	0	0	2	0	0	0	0	0	0	1	1	5	0	0	0	0	1	3	0	0	1	0	13	1	2	17	0
"txid1583"	1	0	6	0	1	1	0	0	1	0	0	0	2	0	0	0	0	0	0	0	0	0	0	0	0	0	0	0	0	0	4	0	0	0	0	1	1	0	0	0	0	0	0	0	0	0	0	1	0	0	1	0	0	0	0	3	0	0	0	0	0	0	0	0	1	0	0	0	0	2	0	0	1	0	0	1	0	1	1	0	0	1	0	0	1	1	0	0	0	2	2	13	0	0	0	0	0	0	1	0	0	1	0	0	0	0	0	0	2	1	1	1	0	1	0	0	8	0	0	1	0	0	1	0	0	0	6	0	4	0	0	4	8	24	0	4	39	0
"txid1363"	1	1	5	1	1	0	0	1	2	0	16	3	0	1	0	0	3	0	4	0	1	1	0	0	0	1	2	0	0	1	1	1	0	0	0	0	5	0	0	0	4	0	0	0	3	0	0	0	3	0	2	1	2	1	1	5	2	0	0	1	0	0	1	0	1	0	0	0	0	9	0	1	0	0	0	1	0	1	2	1	2	1	1	0	2	0	1	0	0	1	1	1	1	0	1	0	0	1	0	0	1	0	0	1	1	0	0	0	3	0	1	1	3	0	0	0	7	0	2	0	0	0	0	11	0	0	0	1	5	0	0	2	4	1	0	2	9	0
"txid626937"	0	2	1	1	0	0	0	0	0	1	0	0	0	0	0	1	2	1	0	0	3	1	0	2	0	0	1	0	0	0	6	0	0	1	1	1	1	0	0	0	0	0	0	0	1	2	0	0	0	0	0	1	0	0	2	1	0	0	1	0	0	0	0	0	0	1	0	0	0	0	0	0	0	1	1	0	0	6	0	4	0	1	1	0	3	1	1	0	0	1	0	0	0	0	1	0	0	2	0	4	0	2	0	2	0	2	0	27	10	0	0	0	0	0	12	0	0	0	13	2	0	0	2	18	0	0	0	0	1	0	0	1	2	0	0	0	0	0
"txid2126740"	0	0	0	1	0	0	0	0	0	2	0	0	2	4	0	0	0	0	0	0	1	0	1	0	1	0	1	0	0	0	0	0	1	1	0	0	0	2	0	0	0	1	0	1	1	0	1	0	0	1	0	0	2	0	1	0	0	0	0	0	1	0	1	0	1	1	0	3	1	0	0	1	0	0	1	0	1	4	1	1	0	0	1	0	1	1	0	0	1	0	0	0	1	0	1	0	0	1	0	5	2	1	2	2	0	2	1	7	1	0	0	0	0	0	3	0	0	0	0	4	1	2	2	0	0	0	4	15	14	0	4	8	0	0	2	2	0	1
"txid759821"	15	4	9	2	1	13	0	1	2	14	3	3	27	77	3	6	5	3	1	5	4	9	4	7	2	8	5	7	7	5	4	3	10	10	1	7	2	10	4	8	4	4	5	9	8	17	0	1	8	4	3	3	4	7	5	27	13	1	4	10	7	4	9	15	4	19	6	6	19	7	5	6	14	3	3	6	5	5	4	3	3	6	4	6	4	4	5	9	16	1	2	6	3	2	7	2	7	19	6	13	36	21	3	30	5	97	10	69	4	5	4	0	3	1	72	0	0	0	29	42	24	20	13	14	1	0	5	7	11	1	0	12	11	7	8	14	6	5
"txid1347366"	0	0	0	2	41	0	7	0	0	0	1	7	0	0	0	1	1	0	0	4	1	6	0	9	2	0	1	0	0	0	1	0	0	0	1	0	0	0	0	0	1	1	107	6	2	0	0	0	0	0	31	33	4	4	2	0	0	0	31	0	0	0	0	0	0	0	0	2	0	20	0	8	0	1	0	0	745	0	32	1	1	114	28	0	0	0	0	0	0	0	0	0	0	0	3	0	0	0	0	1	0	0	1	1	609	2	210	0	2	0	0	0	0	60	0	0	2	0	1	2	2	2	0	0	0	11	0	0	0	0	0	0	0	0	0	0	0	113
"txid29363"	2	2	1	14	183	0	12	0	0	11	0	17	274	11	1	1	0	0	2	0	10	6	20	5	0	0	20	1	4	1	1	0	4	13	0	6	0	4	10	0	0	0	41	15	19	1	0	0	1	0	28	50	44	49	11	129	1	2	169	6	8	0	0	11	0	3	0	3	5	19	1	12	5	1	1	9	391	11	494	2	1	368	66	2	3	117	1	25	8	0	0	10	12	0	1	0	0	0	1	0	0	1	0	1	0	239	216	58	44	0	0	0	0	0	0	0	0	0	3	2	0	0	2	44	3	162	0	2	13	0	23	1	0	0	0	0	0	105
"txid1650661"	4	0	0	0	0	2	0	0	0	0	0	0	2	5	0	0	0	0	2	1	3	3	0	3	3	3	6	0	3	8	12	0	0	7	10	8	10	1	9	3	0	0	2	12	4	6	5	0	0	0	6	7	15	5	11	39	0	0	11	0	0	1	0	0	1	0	0	2	0	1	0	5	0	1	1	0	1	11	3	4	3	2	4	0	11	29	11	8	2	0	0	0	0	2	13	0	0	41	0	50	27	20	0	22	0	21	4	44	3	3	0	0	0	0	21	0	0	0	28	22	35	18	16	18	0	0	1	7	47	0	0	27	17	0	5	11	5	1
"txid2605778"	52	36	16	20	12	14	8	14	13	18	46	42	39	35	28	24	80	51	48	92	63	83	17	65	48	54	51	12	34	10	114	5	15	18	123	20	101	38	190	10	62	21	68	106	135	14	79	20	12	67	59	55	65	40	76	43	12	8	128	19	16	56	12	17	106	32	97	137	15	148	19	159	40	75	92	23	73	98	63	179	55	77	107	14	132	114	77	24	24	174	127	87	10	80	96	66	33	49	48	96	29	53	149	61	28	33	28	117	28	46	15	23	48	54	40	42	17	22	43	74	81	31	27	64	0	0	21	23	47	5	13	68	92	43	43	43	36	69
"txid39493"	0	0	1	1	0	0	0	0	0	5	0	3	101	5	0	7	0	0	0	0	1	0	49	0	0	0	0	1	0	0	0	0	0	7	0	0	0	3	0	0	0	0	1	1	0	0	0	1	0	0	0	2	0	0	0	3	2	9	1	8	0	0	0	3	0	8	0	0	0	0	6	0	1	0	0	6	0	0	1	0	0	0	0	2	1	14	0	10	0	0	0	0	7	0	0	0	0	1	0	2	0	0	0	0	0	24	1	6	23	0	0	0	0	0	2	0	0	0	13	9	0	0	0	8	0	0	1	14	34	0	2	4	1	0	0	1	0	1
"txid1559"	0	0	0	0	1	0	0	0	0	1	0	1	27	1	0	4	0	0	0	0	0	0	17	0	0	0	0	1	0	0	0	0	1	2	0	1	0	0	0	0	0	0	0	0	0	0	0	0	0	0	0	0	0	0	0	1	0	2	0	2	1	0	0	3	0	3	0	0	0	0	2	0	0	0	0	4	0	0	0	0	0	0	0	1	0	5	0	6	0	0	0	0	3	0	0	0	0	2	0	0	0	0	0	0	0	9	0	1	12	0	0	0	0	0	0	0	0	0	7	3	0	0	0	3	0	0	1	5	9	1	1	1	1	0	0	0	0	0
"txid1096246"	1	0	2	0	0	1	0	0	0	10	0	0	2	9	0	1	0	0	0	0	0	0	3	0	0	0	0	0	0	6	0	0	0	1	0	0	0	5	0	2	0	0	0	0	0	1	0	0	0	0	0	0	0	0	0	31	0	1	0	0	0	0	1	0	0	1	0	1	2	0	0	0	1	0	0	1	0	0	0	0	0	0	0	0	0	0	1	2	0	0	0	13	0	0	0	0	0	2	0	1	4	1	0	4	0	5	0	24	1	0	0	0	0	0	3	0	0	0	7	34	5	4	1	4	0	0	0	1	3	0	2	0	0	0	0	1	0	0
"txid384636"	1	0	0	0	0	3	0	1	0	3	0	1	2	4	0	0	2	0	0	0	1	0	0	0	1	3	1	4	3	1	1	2	1	1	1	1	1	0	1	1	1	0	0	1	0	0	0	0	1	0	2	0	3	2	0	1	0	1	0	2	1	2	0	1	1	3	0	0	0	0	0	0	1	0	1	0	1	0	4	0	0	1	0	0	0	0	0	0	1	0	0	1	1	2	1	0	1	2	2	3	1	2	1	4	0	0	1	8	0	0	0	0	0	0	6	0	0	0	1	3	1	1	1	1	0	0	1	3	4	0	0	5	0	0	1	2	3	0
"txid53442"	1	16	0	7	1	1	1	0	2	1	4	5	3	1	2	0	23	17	5	9	11	6	4	2	5	1	2	4	4	0	2	0	0	0	19	1	3	0	4	1	1	2	3	2	5	1	4	2	0	8	2	11	5	4	6	0	2	0	4	1	0	6	1	0	11	1	3	1	0	3	2	10	1	4	2	2	2	4	4	6	3	4	4	0	2	6	2	4	0	1	2	0	2	8	1	0	1	8	5	8	3	4	2	3	2	5	1	18	16	3	9	7	3	2	30	0	0	0	9	2	5	2	3	5	0	0	2	1	1	0	0	1	37	4	0	0	0	6
"txid433296"	1	0	1	0	0	0	0	0	0	2	0	0	2	1	0	1	1	1	1	0	4	1	0	0	1	0	2	0	0	0	1	0	0	2	1	0	2	2	2	1	0	0	0	0	0	2	1	0	3	0	1	0	0	0	1	0	0	0	1	0	0	0	0	0	1	0	2	8	0	1	0	2	0	0	5	0	0	11	0	3	1	1	0	0	1	5	1	0	0	0	0	0	0	0	0	0	0	3	0	2	3	0	0	0	0	6	0	23	1	0	0	0	0	0	8	0	0	0	2	2	0	0	0	0	0	0	0	0	1	0	0	1	1	0	0	1	0	0
"txid1776384"	4	1	2	1	0	2	0	0	0	11	0	0	15	8	0	4	3	3	3	2	17	7	1	5	5	3	10	1	1	3	3	1	2	13	1	4	2	7	5	4	0	1	1	2	9	3	5	0	8	1	3	9	5	1	18	4	0	0	6	0	0	0	0	0	1	0	2	19	1	2	0	8	0	1	8	0	2	27	3	6	2	4	4	0	6	32	4	14	6	1	3	0	0	3	3	0	0	15	2	23	10	4	1	5	1	19	1	62	7	6	1	0	2	1	33	0	0	0	26	27	15	7	4	9	0	0	0	1	5	0	0	3	14	0	2	3	1	1
"txid1852367"	1	0	0	0	0	0	0	0	0	1	0	0	0	1	0	1	0	0	0	0	2	0	0	1	1	1	2	0	0	3	2	0	0	1	1	1	1	2	1	1	0	1	0	1	2	1	0	0	0	0	1	0	2	2	2	0	0	0	2	0	0	0	0	0	0	1	0	3	0	0	0	0	0	0	1	0	0	4	2	3	0	0	0	0	1	4	1	3	0	0	0	0	0	0	0	0	0	19	0	9	3	0	0	11	0	10	0	32	5	0	0	0	0	0	55	0	0	0	17	9	12	2	2	2	0	0	0	0	0	0	0	0	0	0	0	0	0	0
"txid2763660"	8	9	0	0	0	0	0	0	0	0	0	0	2	2	0	5	1	0	2	0	2	3	0	0	6	7	2	1	7	3	4	0	4	5	2	8	3	1	1	4	4	1	2	0	10	3	0	0	3	0	1	5	2	1	14	13	2	0	9	2	1	1	1	6	0	6	0	1	1	4	0	11	0	2	7	4	0	15	0	11	4	1	0	0	4	6	4	6	13	1	0	0	3	1	22	0	0	4	0	12	1	9	0	2	0	3	0	1	0	0	0	0	0	0	1	0	0	0	0	6	1	0	0	9	0	0	0	0	6	0	0	2	3	0	0	0	0	1
"txid1812858"	1	0	0	0	0	1	0	0	0	2	0	1	0	10	0	1	0	0	1	0	1	0	1	2	2	1	1	1	1	0	2	2	0	2	0	1	2	3	0	3	0	0	1	0	1	2	0	0	1	1	1	0	1	1	2	3	2	0	1	0	2	1	4	3	1	5	1	1	2	1	0	1	3	0	1	2	0	0	0	1	1	1	0	1	1	3	1	2	2	0	1	1	1	0	3	0	0	2	0	1	6	3	0	7	1	12	1	6	1	0	0	0	1	0	6	0	0	0	3	5	4	0	0	1	0	0	0	0	2	0	0	1	2	1	0	2	1	1
"txid433287"	5	1	1	0	0	1	0	0	0	1	0	0	2	1	0	6	0	0	5	1	4	4	12	5	1	6	5	1	4	0	2	0	3	11	0	1	0	11	0	0	2	0	1	0	0	4	0	0	0	0	0	0	0	0	0	2	3	0	0	1	2	2	0	4	0	3	0	2	1	0	0	0	2	0	0	0	0	0	0	0	0	0	0	1	0	2	0	0	5	0	0	0	4	0	1	0	0	14	0	17	14	4	0	3	0	14	0	23	0	0	0	0	0	0	48	0	0	0	33	3	19	10	6	12	0	13	1	2	0	1	0	1	1	1	2	8	0	0
"txid2358141"	10	0	1	0	0	7	0	0	0	5	0	0	13	9	0	8	0	0	1	2	2	4	6	1	1	0	1	2	1	4	0	1	1	14	0	3	0	59	0	1	0	1	0	0	0	12	0	0	2	0	0	0	0	0	0	8	5	3	0	8	2	1	0	5	0	13	0	0	11	0	1	0	3	0	0	15	0	0	0	0	0	0	0	3	0	0	0	3	29	0	0	11	7	0	0	0	0	4	0	3	14	7	0	7	0	5	0	12	2	0	0	0	0	0	7	0	0	0	9	21	9	7	2	5	0	0	1	5	10	1	1	5	1	0	0	2	1	0
"txid2606636"	3	4	1	2	0	2	0	0	0	3	0	2	0	5	2	2	4	1	2	1	1	3	0	0	4	3	1	1	4	2	1	1	0	1	3	2	1	2	3	1	2	0	0	4	1	1	3	1	2	3	2	0	3	1	2	0	0	0	7	0	0	3	0	0	7	1	3	2	0	3	0	5	1	1	0	0	3	9	7	3	0	2	2	2	4	5	2	0	0	2	0	1	0	2	4	0	1	2	1	4	1	2	1	4	2	1	3	7	3	0	1	0	1	1	7	0	0	0	3	0	2	1	0	0	0	0	1	3	5	1	0	4	0	1	3	3	0	4
"txid1796615"	0	11	1	51	1	2	3	6	1	1	5	13	1	3	1	2	19	17	10	42	23	14	1	14	22	5	8	5	26	1	8	2	1	5	51	1	15	2	1	0	6	0	2	4	8	1	18	0	0	23	2	18	7	6	15	3	2	1	4	0	0	1	2	3	5	3	8	33	1	29	1	10	9	7	3	1	2	3	10	1	20	16	28	2	4	21	9	1	4	2	15	12	3	22	10	0	2	13	0	1	4	4	2	9	4	7	3	10	5	0	5	14	3	0	41	3	1	2	12	7	8	1	1	7	0	0	0	1	1	0	0	1	7	0	1	3	3	17
"txid536633"	5	59	3	261	10	8	10	35	9	19	43	74	13	20	12	9	111	106	37	223	112	67	4	104	133	21	37	23	190	12	48	10	6	24	287	10	88	7	13	2	33	9	10	28	57	6	132	1	4	72	14	114	36	70	88	16	5	14	26	1	0	33	6	4	41	14	50	138	11	168	3	64	36	42	19	6	10	16	53	19	96	87	136	8	30	110	80	6	9	25	43	45	4	122	25	3	5	63	11	31	18	29	9	117	30	44	7	45	16	8	21	67	46	9	317	2	7	6	58	20	47	15	13	41	0	0	5	7	5	1	1	14	33	3	4	11	7	121
"txid831"	1	1	0	1	0	0	0	0	1	0	1	1	1	2	1	1	0	0	2	1	1	1	0	1	1	0	1	0	1	0	2	0	0	0	0	1	2	0	0	0	2	0	1	2	0	0	3	1	0	1	0	2	2	2	1	1	0	1	1	2	0	0	1	0	5	1	1	0	0	1	1	0	2	0	0	1	4	2	2	4	0	2	1	0	1	2	1	3	2	0	0	1	1	0	1	0	1	1	0	2	3	1	2	4	2	2	0	7	1	0	1	1	1	1	1	0	0	0	5	2	1	0	0	0	0	0	0	0	4	0	1	5	0	0	1	2	0	2
"txid185008"	27	26	18	34	19	31	19	26	19	28	29	50	31	82	22	16	48	22	45	61	35	40	19	38	62	31	29	13	59	26	17	13	6	55	51	25	13	68	34	40	17	16	23	30	37	32	18	7	35	21	16	32	28	11	25	74	15	8	53	8	5	93	22	11	111	47	49	53	23	35	14	108	24	42	47	42	31	38	33	40	27	28	29	12	28	56	32	43	48	35	21	45	22	55	78	31	75	45	59	88	67	67	121	54	65	91	42	152	18	37	33	16	44	10	272	34	16	7	46	49	37	41	39	55	0	2	5	9	9	3	1	49	98	27	109	110	18	52
"txid673271"	2	0	0	0	0	0	0	0	0	1	0	0	2	9	0	1	0	0	0	1	0	0	0	0	0	0	0	0	1	0	0	0	0	1	2	1	0	2	1	0	0	2	0	1	1	3	0	0	1	1	0	1	1	0	0	1	0	0	1	1	0	0	1	0	0	1	2	1	1	0	0	1	1	0	0	0	0	0	0	0	0	0	0	1	0	1	0	2	1	0	0	1	2	1	0	0	0	0	0	0	3	1	0	2	0	9	0	6	0	0	0	0	0	0	5	0	0	0	7	2	4	2	1	1	0	0	0	0	2	0	0	1	1	1	0	2	0	2
"txid642492"	0	0	0	0	0	0	0	0	0	0	0	0	0	0	0	0	0	0	0	0	0	0	0	0	0	0	0	0	0	0	0	0	0	0	0	0	0	0	0	0	0	0	0	0	0	0	0	0	0	0	0	0	0	0	0	0	0	0	0	0	0	0	0	0	0	0	0	0	0	0	0	0	1	0	0	0	0	0	4	0	0	0	0	0	0	0	0	0	0	0	0	2	0	0	0	0	0	1	0	0	0	0	0	0	0	691	0	37	0	0	0	0	0	0	1	0	0	0	0	0	0	0	0	0	0	0	0	0	0	0	0	0	0	0	0	0	0	0
"txid1720294"	1	0	0	0	0	0	0	0	0	0	0	1	0	2	0	0	0	0	1	0	0	0	1	0	0	0	2	0	0	1	0	0	0	0	2	0	0	0	0	1	0	1	0	1	2	0	0	0	0	0	1	2	1	0	2	0	0	0	2	0	0	0	0	0	0	1	0	0	1	0	0	0	0	0	2	0	1	1	0	0	0	0	0	0	1	0	0	0	0	1	0	2	0	2	0	0	1	2	0	10	1	0	1	0	0	5	0	17	0	1	1	0	0	0	24	0	0	1	6	4	6	0	2	0	0	0	0	1	0	0	0	0	0	0	0	0	0	0
"txid2652274"	0	0	0	0	0	0	0	0	0	0	0	0	0	1	0	0	0	0	0	0	0	0	0	0	1	0	1	0	0	0	0	0	0	0	1	0	0	0	0	0	0	0	1	0	0	0	0	0	0	0	0	0	0	0	0	0	0	0	0	0	0	1	0	0	0	0	1	0	0	0	0	1	0	0	0	0	0	0	0	0	0	0	0	0	0	0	0	0	0	0	0	0	0	0	0	0	0	5	0	18	8	0	0	2	0	14	0	72	2	0	0	0	0	0	123	0	0	0	20	14	8	5	1	2	0	0	0	0	1	0	0	0	0	0	0	0	0	0
"txid1432052"	21	18	16	22	20	9	19	8	28	10	61	50	23	14	30	22	41	25	43	61	43	44	12	48	35	83	56	15	34	29	49	8	9	11	77	12	63	46	106	8	59	21	38	34	76	26	48	16	7	9	54	47	61	34	55	47	16	6	107	12	26	49	12	18	72	28	75	115	18	62	8	86	43	28	35	34	8	19	24	48	34	27	24	14	94	80	46	22	24	52	21	29	6	48	60	13	60	76	55	155	6	39	189	7	65	15	47	13	29	24	9	19	32	54	7	1	6	12	22	26	26	17	50	25	0	0	15	30	29	4	2	62	37	15	43	74	38	26
"txid358742"	0	1	0	1	0	1	1	0	1	2	0	3	1	4	0	1	3	2	1	2	1	2	1	0	1	0	4	0	0	1	1	0	0	1	0	0	2	1	2	1	2	0	0	1	2	0	1	0	1	0	1	2	2	3	1	5	0	0	0	0	0	0	0	0	3	1	1	3	0	3	0	1	1	2	4	0	0	1	1	2	1	2	1	0	2	3	0	0	0	1	1	1	0	0	1	2	1	0	2	0	0	2	2	0	2	1	0	2	2	0	0	0	0	1	4	0	0	1	1	0	2	1	1	0	0	0	1	0	0	0	0	1	2	0	2	3	1	2
"txid208479"	35	13	7	3	6	7	7	2	3	13	7	15	16	41	13	23	27	14	11	17	21	30	4	14	13	12	13	8	12	14	37	3	9	22	29	10	34	8	47	5	14	8	17	39	26	5	24	4	3	12	7	17	16	25	22	12	6	2	24	3	1	10	7	5	41	10	20	33	2	30	3	20	8	10	37	5	17	47	67	42	24	20	17	2	16	24	28	8	8	17	11	21	3	15	20	2	12	26	21	42	29	23	24	22	11	24	16	43	8	37	10	10	11	14	57	0	2	1	36	24	35	17	20	24	0	0	6	5	20	1	4	27	31	8	4	16	13	22
"txid358743"	3	2	5	1	1	4	0	0	1	13	4	6	13	8	3	3	2	3	3	6	7	3	2	2	3	7	5	3	4	9	4	1	3	13	8	1	5	14	10	0	9	1	2	3	7	6	2	1	0	0	3	3	4	3	5	15	4	1	6	5	2	3	2	4	3	16	6	8	7	3	2	4	5	0	4	6	0	2	2	1	5	3	1	2	12	5	3	4	27	4	2	7	9	2	7	0	5	7	11	15	3	5	18	0	3	17	2	23	2	2	2	0	3	2	11	0	0	2	8	5	18	9	6	5	0	0	2	0	6	0	0	5	8	2	3	13	1	2
"txid1531"	2	0	1	0	0	0	0	0	0	1	0	0	2	1	0	1	2	0	1	1	1	1	0	1	0	0	0	0	0	0	0	1	1	0	1	0	0	1	0	0	0	0	0	3	2	0	0	0	0	0	1	0	1	1	1	0	1	0	1	1	1	1	0	1	0	1	3	1	0	1	0	1	0	0	1	0	0	1	2	1	1	0	1	0	0	1	2	0	0	1	0	1	0	1	0	0	0	0	0	7	0	0	0	0	1	0	0	5	1	1	0	0	0	0	1	0	0	0	2	0	2	1	1	1	0	0	1	2	5	0	1	1	3	3	1	1	1	1
"txid39482"	18	3	7	3	0	14	1	0	2	14	4	3	11	66	2	9	2	3	2	4	5	4	8	10	8	2	5	7	7	9	11	3	3	9	2	5	4	16	4	5	4	3	3	7	5	15	8	3	2	5	1	8	11	6	7	28	13	4	5	8	11	5	13	5	3	28	5	4	18	6	6	8	16	4	9	10	4	11	10	3	1	3	4	3	3	13	9	16	21	1	3	13	8	6	8	2	6	16	4	10	30	22	3	33	2	92	6	61	4	4	3	1	1	1	55	0	0	0	38	43	25	20	9	23	0	0	6	13	15	1	0	11	6	11	5	12	6	6
"txid1544"	2	1	0	1	0	0	0	0	0	0	0	0	1	0	0	1	2	0	0	0	0	0	1	1	1	0	2	1	1	0	1	0	0	0	1	0	0	1	2	1	1	0	0	0	1	0	2	0	0	1	0	1	0	3	1	1	0	1	1	0	1	0	0	0	1	1	1	2	0	0	0	1	0	0	0	0	0	1	2	0	0	1	1	0	0	1	0	1	0	0	0	1	0	3	0	0	0	2	0	0	0	1	0	2	0	6	0	2	2	1	0	0	1	0	30	0	0	0	2	1	0	4	1	0	0	1	1	0	0	0	0	0	0	0	0	0	0	2
"txid1912090"	1	3	1	1	1	1	1	1	1	3	1	3	1	3	2	0	3	2	0	1	1	1	0	1	1	1	4	0	1	2	1	0	0	1	1	1	1	0	1	0	0	2	3	0	0	0	3	0	0	1	1	1	5	0	2	1	0	0	1	0	0	0	1	0	3	0	2	2	0	1	0	4	0	2	0	0	2	1	3	4	0	2	1	0	0	1	1	0	0	0	3	1	0	1	1	0	1	0	2	4	2	0	4	2	2	1	2	0	1	1	0	0	0	2	1	0	0	0	1	1	1	0	1	1	0	0	0	0	1	0	0	1	0	0	0	1	1	5
"txid2885351"	1	1	1	1	0	1	0	1	0	2	1	1	2	2	1	2	0	1	0	1	1	1	1	1	1	2	3	0	2	2	2	1	1	0	1	0	2	1	3	2	2	0	2	1	0	0	1	0	2	1	2	1	1	0	2	1	0	1	1	0	1	1	1	0	1	0	1	2	1	1	0	3	0	0	0	0	1	2	4	1	1	1	0	0	2	0	0	1	0	1	0	2	0	1	1	0	0	0	2	2	1	1	1	2	2	2	1	4	2	3	1	0	1	0	1	0	0	0	4	2	3	1	1	0	0	0	3	0	0	0	0	1	4	0	0	0	1	2
"txid1469948"	5	11	3	5	6	4	3	2	4	4	4	9	3	8	4	2	3	3	3	6	6	5	1	3	3	3	3	0	5	4	1	1	3	0	1	1	5	2	3	1	3	1	2	2	4	2	2	3	1	5	3	4	2	3	4	9	2	3	5	3	0	6	1	3	18	3	4	4	2	1	2	8	10	3	5	1	9	11	6	10	4	5	2	1	5	10	3	4	0	2	0	8	2	2	11	0	2	7	6	7	9	12	5	9	8	5	7	8	4	5	4	2	4	2	8	0	0	1	6	13	9	1	8	4	0	0	4	2	4	0	1	5	5	3	2	5	5	7
"txid1917870"	6	8	3	4	2	3	3	1	4	10	6	11	5	14	6	6	12	11	7	7	10	21	2	13	5	8	15	4	4	3	15	1	4	4	7	2	15	5	24	1	7	1	6	23	17	3	7	4	2	12	7	6	12	15	7	4	2	2	16	3	2	5	1	3	15	2	12	15	2	23	0	25	9	14	11	3	11	14	10	21	10	9	17	1	11	9	13	4	2	15	10	5	0	9	6	4	8	11	13	16	8	8	26	6	6	5	10	22	6	8	1	5	8	15	55	6	2	2	11	8	14	8	3	4	0	0	1	3	12	0	0	18	10	4	5	18	1	9
"txid1852382"	12	10	6	6	6	6	0	4	4	3	17	12	6	10	12	5	16	12	18	16	11	24	5	15	13	9	12	8	12	4	21	2	8	4	36	6	23	13	58	5	10	7	17	21	24	4	12	3	3	24	13	19	14	5	10	3	2	3	20	5	5	14	4	6	30	4	26	51	3	33	3	30	8	26	11	6	20	27	26	54	12	21	21	5	33	32	13	7	5	47	36	11	2	19	12	25	16	21	15	52	4	14	39	13	16	6	9	11	9	21	5	6	12	13	10	14	8	8	11	11	21	8	13	10	0	0	5	6	8	3	5	12	10	11	30	29	10	23
"txid253257"	13	2	8	2	0	17	3	1	2	22	5	4	15	63	2	6	4	2	2	6	6	6	5	7	6	8	11	7	4	5	7	2	7	14	4	6	4	15	6	6	0	4	4	4	7	13	5	2	7	2	4	8	10	5	6	36	10	2	8	9	8	5	8	7	3	17	11	7	16	7	4	6	17	2	11	9	3	12	4	5	1	3	7	5	3	7	7	14	23	2	2	10	7	7	14	2	7	16	3	20	31	20	3	46	5	105	5	59	4	3	2	1	2	5	96	0	0	0	40	36	38	17	9	17	0	0	5	13	18	1	0	18	17	12	6	15	3	1
"txid1286362"	4	0	1	0	0	1	0	0	0	3	0	0	0	7	0	3	1	1	1	1	0	3	0	2	1	1	3	0	1	3	2	1	1	1	1	1	2	4	7	0	0	2	2	4	3	2	2	0	1	0	2	5	2	3	1	0	0	0	1	0	0	0	0	0	2	0	2	4	3	3	0	2	0	1	4	0	4	5	2	3	1	1	1	0	2	6	1	1	4	0	1	2	0	1	2	0	0	8	1	15	5	0	2	2	1	3	1	18	1	0	0	0	0	0	3	0	0	0	5	2	5	2	4	2	0	0	1	6	6	0	1	6	4	1	2	12	1	1
"txid69825"	1	0	0	0	0	1	0	0	0	0	0	0	1	3	0	2	0	0	0	1	0	0	1	0	0	0	0	0	1	1	2	0	0	1	1	1	0	1	1	0	0	0	0	1	1	1	3	0	0	0	1	1	2	2	1	0	0	0	1	0	0	0	0	0	1	1	2	0	0	1	0	1	0	0	0	1	1	3	1	3	0	1	1	0	2	4	1	0	1	0	1	0	0	1	1	0	0	1	0	5	1	1	2	3	0	2	2	8	0	0	0	0	0	0	5	0	0	0	1	3	2	2	0	1	0	0	0	1	2	0	0	3	2	1	2	2	0	0
"txid84030"	1	0	1	0	0	2	0	0	0	1	0	1	1	5	0	1	0	1	0	1	0	0	0	1	0	0	0	1	1	0	0	0	0	1	0	1	0	2	0	1	0	1	0	0	0	0	1	0	1	0	0	1	1	0	0	1	0	0	0	1	1	0	1	1	0	2	0	1	1	1	0	0	1	0	0	1	0	1	1	0	0	0	1	0	0	0	0	1	2	0	0	0	1	2	1	0	0	1	1	3	4	0	0	4	0	5	1	8	1	0	0	1	0	0	9	0	0	0	2	1	0	1	1	3	0	0	1	4	2	1	0	2	0	0	1	0	0	1
"txid29370"	0	0	0	0	0	0	0	0	0	0	0	0	0	2	0	0	0	0	0	0	0	0	0	0	0	0	0	0	0	0	0	0	0	0	0	0	0	0	1	0	0	0	1	1	0	0	1	0	0	0	0	0	0	0	0	0	0	0	0	0	0	0	1	0	1	0	1	0	1	0	0	0	0	0	0	0	0	1	1	0	0	0	0	0	0	0	0	0	1	0	0	0	0	0	0	0	0	2	0	1	1	0	0	2	0	1	0	1	0	0	0	0	0	0	2	0	0	0	2	7	1	2	0	1	0	0	4	33	24	0	0	9	5	0	2	3	0	0
"txid168384"	5	5	2	2	2	2	2	1	4	14	3	3	4	12	2	6	2	2	2	5	4	4	0	3	5	1	2	4	3	2	4	2	1	1	7	3	2	3	4	2	2	1	4	6	6	2	9	2	2	1	1	6	4	2	2	0	0	0	7	1	1	3	2	1	6	2	3	3	1	3	2	8	1	2	6	2	7	4	6	7	3	3	2	0	4	6	5	2	0	0	2	8	2	4	1	1	6	7	2	8	3	9	2	5	10	5	3	16	4	1	2	2	3	2	13	1	0	0	7	7	11	1	1	4	0	0	3	2	4	0	1	8	7	3	4	3	0	9
"txid2594882"	10	0	4	0	0	6	0	0	0	2	0	0	3	6	0	0	0	0	0	0	0	0	11	0	0	0	0	0	0	10	0	1	4	53	0	12	0	21	0	3	0	0	0	0	0	5	0	0	0	0	0	0	0	0	0	4	0	0	0	1	0	0	0	1	0	12	0	0	2	0	0	0	0	0	0	6	0	0	0	0	0	0	0	0	0	0	0	3	8	0	0	1	10	0	0	0	0	1	0	3	8	2	0	3	0	7	0	7	3	0	0	0	0	0	25	0	0	0	7	3	11	2	1	3	0	0	0	0	1	0	0	1	0	0	0	0	0	0
"txid1720300"	10	0	10	0	0	10	0	0	0	5	0	0	12	10	0	1	0	0	0	0	0	0	21	0	0	0	0	0	0	18	0	0	3	89	0	18	0	35	0	3	0	0	0	0	0	12	0	0	6	0	0	0	0	0	0	6	2	0	0	3	1	0	1	1	0	25	0	0	8	0	0	0	1	0	0	9	0	0	0	0	0	0	0	0	0	0	0	10	14	0	0	4	21	0	0	0	0	3	0	2	9	1	0	3	0	7	0	8	4	0	0	0	0	0	37	0	0	0	8	4	12	2	1	0	0	0	0	0	4	0	0	0	6	0	0	0	0	0
"txid796944"	17	13	17	8	6	12	3	3	12	20	8	11	13	14	10	10	10	6	4	9	7	7	18	14	16	7	9	17	17	22	9	12	7	7	14	5	7	18	16	8	13	5	8	11	17	4	8	7	9	4	8	9	16	6	14	15	5	5	15	6	7	11	9	5	25	16	13	12	9	9	5	14	12	7	15	5	11	11	12	17	3	7	9	3	12	20	12	9	7	2	3	18	3	4	10	6	12	8	18	24	29	14	12	12	8	16	4	55	6	9	5	4	4	8	20	5	0	1	23	27	21	8	15	9	0	1	10	13	18	5	0	25	15	16	5	16	9	5
"txid796943"	284	376	320	203	215	304	171	125	401	985	323	335	295	439	281	257	277	224	113	206	177	240	250	259	244	275	174	237	315	282	189	171	240	256	178	182	176	317	190	177	131	106	159	247	203	160	266	141	151	139	114	186	191	151	173	344	150	108	198	219	181	208	146	187	512	244	215	175	199	224	172	277	353	171	273	243	259	288	352	364	132	308	175	120	235	312	199	187	242	64	108	438	152	162	351	79	293	271	308	600	321	544	290	354	186	311	183	931	128	165	96	106	230	162	369	63	18	20	414	577	395	115	231	266	0	0	433	240	404	49	55	460	275	271	218	296	145	319
"txid237576"	140	201	131	106	88	151	86	66	231	214	181	185	179	200	140	123	155	121	77	110	94	114	150	121	152	174	104	162	156	137	114	94	126	105	160	94	108	201	138	96	103	60	78	160	100	65	145	75	105	76	85	104	108	117	75	141	62	54	95	110	72	104	122	100	340	135	133	99	89	123	65	117	181	96	138	107	128	148	163	179	88	136	88	59	129	145	102	98	128	39	54	186	63	87	182	40	135	112	181	243	290	275	193	231	82	206	77	505	65	74	41	38	89	98	167	30	9	18	205	283	133	99	114	149	2	9	219	156	237	24	13	265	178	137	119	189	107	164
"txid2606632"	1	2	2	2	2	2	0	1	2	0	3	1	1	2	1	1	2	3	0	0	1	1	2	4	1	0	3	1	5	6	2	2	0	1	4	1	2	2	2	0	0	1	1	2	3	2	4	0	3	0	1	4	1	3	2	3	0	4	0	1	1	2	1	1	1	3	2	1	2	1	1	2	1	2	5	3	2	0	1	3	2	3	1	1	2	1	5	3	1	0	3	2	1	1	1	0	2	0	2	6	3	10	1	4	2	0	1	10	1	0	0	1	4	5	0	1	1	1	3	9	5	0	4	3	0	0	4	4	2	1	1	4	4	3	1	2	0	0
"txid180332"	1	0	1	0	0	2	0	0	0	1	0	0	1	10	1	1	0	0	0	0	1	1	1	0	1	1	1	1	1	3	2	1	1	2	2	1	0	2	0	0	2	0	0	1	2	1	0	0	1	1	0	1	0	0	1	0	2	0	0	1	1	0	1	1	1	3	0	1	4	1	1	1	2	0	1	3	1	0	0	0	0	0	0	1	1	0	0	1	3	0	1	2	1	0	0	0	0	0	0	5	6	4	1	1	2	10	1	18	0	0	0	0	1	0	9	0	0	0	1	5	1	1	1	3	0	0	2	2	3	1	0	1	2	0	1	0	0	1
"txid585394"	0	6	0	2	1	0	1	2	2	0	6	12	0	1	1	1	3	3	6	3	5	3	1	2	1	1	2	1	0	1	2	0	1	1	0	0	1	6	1	1	3	0	1	1	8	0	3	0	0	0	2	2	2	4	2	0	0	0	0	0	0	5	0	0	0	0	3	7	0	1	0	4	0	5	4	0	0	0	0	1	5	0	4	0	1	1	1	0	0	7	4	0	0	0	5	2	7	0	1	0	0	0	2	0	3	0	3	0	2	0	0	1	2	1	20	6	5	3	2	1	1	2	0	3	0	0	2	2	2	1	0	3	1	0	0	3	0	3
"txid2606635"	4	44	9	14	7	7	6	10	25	10	13	31	7	19	17	2	11	8	4	14	16	12	0	16	10	20	11	2	26	10	11	2	1	3	8	9	6	3	12	4	11	4	14	17	9	2	8	1	3	4	4	12	12	5	13	6	3	0	16	2	1	6	1	1	45	4	17	9	7	7	2	27	3	10	15	2	26	24	30	18	12	22	13	0	8	14	3	1	4	3	6	4	0	4	7	3	9	13	13	20	15	13	13	5	29	7	26	25	6	12	9	4	10	9	29	0	0	0	18	21	19	7	11	10	0	0	4	6	11	0	0	6	4	2	7	11	6	34
"txid2763667"	102	25	39	13	15	41	4	7	6	147	16	29	43	51	12	20	22	18	12	20	18	33	16	37	33	39	27	9	37	22	16	11	7	24	19	7	7	25	29	13	12	9	15	36	26	14	23	11	10	4	13	22	26	14	18	31	11	10	28	13	11	12	10	13	68	20	11	26	13	21	10	44	29	15	23	15	46	44	76	36	6	50	20	6	21	43	16	14	15	6	8	45	9	30	38	3	23	39	20	53	32	23	26	34	28	18	30	151	13	24	18	11	25	20	116	5	0	0	47	38	46	15	37	34	0	0	14	12	30	1	9	91	55	19	17	31	12	53
"txid169435"	0	9	0	0	0	3	0	0	0	4	0	0	4	6	0	1	0	0	3	6	4	1	0	2	1	0	1	0	0	2	2	0	0	1	3	0	1	1	1	0	2	1	2	1	3	0	1	0	0	0	1	0	3	0	0	0	0	0	1	0	0	0	0	0	0	0	0	0	0	0	0	0	0	0	0	0	0	0	0	0	0	0	0	0	0	0	2	0	0	0	0	0	0	0	1	0	0	9	0	14	10	2	0	7	0	17	0	33	3	0	0	0	0	0	30	0	0	0	3	7	4	1	4	4	0	0	0	1	0	0	0	0	0	0	0	14	0	0
"txid292800"	37	26	4	9	6	14	2	0	1	5	6	40	16	55	4	7	5	9	12	27	20	34	25	23	18	6	15	1	10	8	9	2	7	42	13	16	4	56	17	7	10	2	8	7	11	16	5	0	2	3	3	6	6	2	9	60	6	0	34	19	1	8	7	10	5	51	34	81	9	23	1	51	28	3	2	27	1	12	9	17	19	22	24	3	30	45	7	8	30	17	27	25	16	9	7	2	24	12	71	57	32	20	53	10	3	43	18	48	7	3	0	0	21	14	153	0	6	0	29	36	27	20	11	18	17	47	1	9	18	1	1	36	12	2	7	42	2	22
"txid2764322"	3	0	0	0	0	0	0	0	0	0	0	0	5	4	0	0	0	0	0	0	0	0	4	0	0	0	0	0	0	0	0	0	0	1	0	2	0	1	0	3	0	0	0	0	0	19	0	0	1	0	0	0	0	0	0	39	1	0	0	1	0	0	0	1	0	11	0	0	0	0	0	0	0	0	0	0	0	0	0	0	0	0	0	0	0	0	0	10	0	0	0	0	1	0	0	0	0	6	0	4	21	1	0	23	0	24	0	12	10	0	0	0	0	0	2	0	0	0	5	9	6	0	5	4	0	0	0	0	0	0	0	0	4	0	0	0	0	0
"txid1841867"	0	0	0	0	0	0	0	0	0	0	0	0	1	3	0	0	0	0	0	0	0	0	1	0	0	0	0	0	0	0	0	0	0	0	0	0	0	0	0	0	0	0	0	0	0	3	0	0	0	0	0	0	0	0	0	0	0	0	0	0	0	0	0	0	0	0	0	0	0	0	0	0	0	0	0	0	0	0	0	0	0	0	0	0	0	0	0	0	1	0	0	4	0	0	0	0	0	2	0	9	2	2	0	1	0	6	0	18	7	0	0	0	0	0	18	0	0	0	7	4	9	0	1	4	0	0	0	0	0	0	0	0	0	0	0	2	0	0
"txid1550024"	3	0	5	0	0	2	0	0	0	4	0	0	3	7	0	1	0	0	0	0	0	0	4	0	0	0	0	0	0	0	0	0	0	9	0	1	0	3	0	1	0	0	0	0	0	9	0	0	0	0	0	1	0	0	1	11	0	0	0	0	0	0	1	4	0	8	0	0	0	0	0	0	2	0	0	0	0	0	0	0	0	0	0	0	0	0	0	5	3	0	0	4	3	0	0	0	0	0	0	4	29	0	0	2	0	32	0	42	3	0	0	0	0	0	89	0	0	0	29	24	9	8	7	6	0	0	1	0	4	0	0	1	0	0	0	0	0	0
"txid44749"	2	0	0	0	0	0	0	0	0	0	0	0	0	2	0	1	0	0	0	1	1	1	0	0	0	1	2	0	0	3	0	0	2	6	0	1	0	1	0	0	0	0	0	0	0	3	0	0	0	0	0	0	0	0	0	2	0	0	0	0	0	0	1	0	0	1	0	0	0	0	0	0	0	0	0	0	0	0	0	0	0	0	0	1	0	0	0	3	4	0	0	0	0	0	1	0	0	5	0	4	4	3	0	3	0	4	0	1	0	0	0	0	0	0	1	0	0	0	1	4	3	1	5	2	0	0	0	0	3	0	0	10	4	0	0	0	0	0
"txid2741"	7	1	2	4	0	1	1	2	0	0	3	5	2	5	0	1	2	4	2	0	4	2	1	1	4	10	3	3	10	0	1	1	1	3	19	1	2	3	4	0	1	1	2	6	1	1	2	0	0	1	3	9	6	5	6	2	0	0	1	0	0	6	0	0	24	0	5	4	2	5	0	2	0	1	2	1	1	3	6	3	3	2	1	0	3	7	2	0	4	0	0	2	0	4	4	1	1	4	0	5	5	2	2	2	0	6	0	46	8	2	2	3	6	0	64	0	0	0	24	8	3	1	1	3	0	0	1	0	3	1	3	2	5	0	2	2	2	2
"txid2211183"	0	0	0	0	0	2	0	0	0	1	0	0	1	6	0	0	0	0	0	0	0	0	0	0	0	0	0	0	0	0	0	0	0	0	0	1	0	0	0	0	0	0	0	0	0	1	0	0	0	0	0	0	0	0	0	4	0	0	0	0	0	0	0	0	0	0	0	0	0	0	0	0	0	0	0	0	0	0	0	0	0	0	0	0	0	0	0	3	1	0	0	0	0	0	0	0	0	20	0	19	29	4	0	13	0	9	0	36	5	0	0	0	0	0	21	0	0	0	30	5	19	4	13	6	0	0	1	0	0	0	0	0	22	0	0	0	0	0
"txid1702285"	17	0	2	0	0	8	0	0	0	3	0	0	10	19	0	8	0	0	0	0	2	1	0	2	9	6	18	0	21	13	33	1	4	6	21	5	22	2	18	2	2	3	3	20	10	7	8	0	1	2	3	17	6	6	10	19	0	0	13	1	0	1	0	0	1	0	0	9	0	14	0	16	0	6	17	0	3	32	9	17	7	4	15	0	9	8	23	7	1	3	0	0	0	4	16	0	0	65	1	71	12	10	0	24	2	16	1	39	4	9	2	1	7	0	66	0	0	0	34	19	42	33	33	73	0	0	1	6	17	0	0	22	13	0	3	1	0	8
"txid2606629"	2	3	2	8	1	0	5	3	2	2	4	3	1	1	2	1	4	3	6	4	2	4	1	5	1	1	3	3	1	0	1	0	0	0	7	1	1	0	5	0	3	2	2	1	3	0	0	0	0	4	1	2	1	2	1	1	2	5	1	0	0	4	0	2	1	0	1	3	0	1	0	4	1	0	4	0	0	1	0	1	2	1	7	0	0	3	6	0	0	0	2	0	1	5	4	0	0	4	1	4	0	0	0	0	1	0	1	4	2	5	1	3	1	0	1	0	6	2	1	1	4	1	2	1	6	1	1	2	4	1	1	2	4	0	3	2	0	0
"txid2654621"	0	263	0	200	220	1	40	76	47	0	219	603	1	0	133	16	376	258	449	415	326	427	1	620	794	554	524	0	577	71	276	4	18	5	181	41	286	4	444	7	246	105	265	417	409	0	614	0	0	117	443	369	551	367	403	0	0	0	577	0	0	324	1	0	560	1	250	483	0	254	0	573	0	275	413	1	607	531	684	519	317	658	378	0	909	603	403	0	1	215	302	0	0	430	378	61	492	98	397	67	47	11	338	29	467	27	592	49	155	368	83	163	385	262	250	3	0	0	112	13	496	243	270	158	1	0	5	0	3	0	0	2	2	10	9	25	6	500
"txid742816"	859	464	700	803	690	1220	894	2203	1440	770	1065	689	796	442	644	892	1889	1720	1071	1152	791	613	868	750	1243	792	880	1214	1182	1342	1079	1184	887	473	1598	933	1101	629	1233	1136	661	2006	761	1285	1061	1421	963	1704	1147	746	1665	1673	1839	1848	1204	404	1908	2724	1225	1114	1146	907	1096	1367	1326	1502	764	385	1631	927	1500	938	1403	843	1299	1073	719	972	404	1103	622	699	861	1706	1101	551	1387	1444	1085	678	456	757	843	868	705	1732	1625	719	1430	239	177	377	831	803	1276	295	681	187	872	1701	1567	982	1073	1502	18	1302	1272	508	935	267	938	945	1756	751	946	570	895	1047	680	171	63	550	295	135	918	679	1190	687
"txid158847"	61	39	39	71	44	60	63	182	111	32	74	55	38	28	53	56	147	102	125	79	102	70	79	69	161	46	98	106	110	89	152	116	45	14	226	33	190	59	201	102	101	132	94	146	125	85	111	139	95	94	200	184	221	231	137	22	81	189	127	51	42	104	105	50	212	123	70	67	87	92	74	113	63	69	171	61	72	94	27	120	44	78	85	96	97	60	166	84	43	55	58	47	44	75	53	179	178	55	238	22	24	26	117	55	154	25	70	15	177	144	163	94	112	164	2	134	80	53	70	28	66	66	148	55	66	34	56	52	41	5	6	32	28	8	48	40	40	60
"txid491921"	194	19	139	46	45	233	53	167	125	164	81	48	141	71	50	148	191	200	177	113	105	82	244	50	97	54	118	361	78	213	101	328	126	100	162	140	74	174	65	318	29	411	32	22	22	271	12	392	255	31	36	23	25	24	22	74	345	548	12	186	216	29	326	245	30	424	18	7	310	15	276	9	255	26	24	250	9	18	6	14	10	9	21	326	24	4	19	299	226	11	15	114	152	21	5	24	33	102	16	23	39	47	22	95	21	44	8	37	32	11	29	19	38	25	1	196	234	84	39	28	124	155	198	99	151	95	142	156	116	25	11	72	57	23	119	102	204	12
"txid82376"	0	0	1	0	0	0	0	0	0	0	0	0	0	0	0	0	0	0	0	0	1	1	2	0	0	1	1	0	0	0	1	0	0	0	1	1	0	0	0	0	2	0	1	0	0	0	0	0	0	0	1	0	0	1	3	7	2	0	0	0	0	0	0	0	2	0	1	1	0	0	0	0	0	0	0	0	0	1	3	1	3	0	0	0	2	0	1	0	0	0	0	1	0	0	0	0	0	0	0	0	0	0	0	0	0	0	0	0	1	0	0	0	0	0	0	0	0	3	2	2	0	1	1	0	0	0	1	0	2	0	0	13	6	8	9	2	3	0
"txid39950"	2	2	1	1	1	2	2	3	4	0	1	1	1	4	1	5	0	0	0	0	0	0	0	1	0	0	0	0	0	4	0	1	0	0	0	0	0	0	0	1	0	1	0	0	0	1	0	3	2	0	1	0	0	0	0	0	0	3	0	2	4	0	0	1	0	1	1	0	3	0	1	0	1	0	0	2	0	1	0	0	0	0	1	1	0	0	0	4	2	0	0	3	0	0	0	0	1	0	0	5	3	8	2	5	0	3	0	3	3	0	2	1	1	1	2	4	5	3	4	8	3	5	0	5	3	3	5	2	5	0	0	7	0	8	2	6	0	0
"txid308994"	599	663	582	571	770	566	711	709	744	451	480	441	670	863	638	489	112	220	110	13	29	24	416	33	17	18	14	238	37	358	10	284	317	323	70	383	39	438	18	298	126	124	24	25	68	334	47	543	359	82	50	24	20	27	18	752	476	295	24	539	483	83	446	424	129	519	186	49	395	270	290	59	406	193	66	533	16	37	17	26	60	16	22	290	17	14	64	687	459	45	55	578	260	43	68	288	286	607	287	1078	881	1050	473	596	87	770	47	1028	428	132	313	129	73	233	184	384	351	570	934	1260	716	616	476	682	817	653	783	665	790	58	97	1141	680	2009	753	1095	562	43
"txid1064535"	45	19	43	39	6	29	32	36	24	38	29	18	46	34	26	44	26	29	34	21	37	28	78	23	21	15	32	81	37	58	49	76	39	38	49	63	47	42	50	64	48	42	28	43	28	53	6	33	43	37	11	34	14	30	20	13	20	37	18	34	30	50	49	32	24	57	46	21	35	26	42	25	16	25	46	33	4	15	4	23	21	7	23	39	7	8	52	45	18	14	55	18	19	55	30	50	31	44	31	29	32	44	47	52	4	27	8	15	30	24	54	38	27	35	3	48	67	53	26	38	33	15	45	53	45	23	46	29	47	14	0	33	66	50	57	27	22	13
"txid879612"	44	14	35	15	5	20	25	29	17	32	19	12	27	27	22	35	22	20	27	24	30	19	50	17	13	15	22	45	28	62	28	65	20	25	51	45	35	30	45	54	36	38	25	28	22	41	11	42	45	42	10	24	15	30	22	7	19	42	16	32	19	40	52	22	20	41	28	21	18	28	40	21	19	23	37	21	5	11	3	17	19	7	10	40	11	10	42	49	19	10	43	15	13	46	31	33	38	23	21	22	33	43	32	28	2	14	5	5	28	18	43	39	21	12	3	27	42	49	38	29	29	12	32	58	36	14	49	26	29	8	3	36	47	50	54	27	31	9
"txid1232428"	2107	1134	2288	1750	295	1547	1936	2234	1575	2062	1651	1051	2096	1699	1689	2464	1722	1526	1386	1722	1333	1056	2637	966	908	1066	1336	2166	1523	2456	1763	2922	2627	2074	1880	3142	1698	1517	1791	2387	1574	1786	1132	1660	1232	2446	758	1577	1998	1682	512	1223	897	1269	933	681	1428	1611	1019	2150	2074	2287	2267	1711	811	2061	1824	794	1459	1786	2312	1152	1306	2050	1736	1617	297	831	225	1271	1642	423	1013	1794	677	519	1793	1788	1314	665	1902	636	949	2386	2251	2608	1606	1298	1276	1395	1093	2093	1500	1991	221	1209	377	368	1650	1741	3253	2068	1418	1087	113	1773	2386	2287	1215	1164	1246	426	1696	2027	1918	880	2480	1775	1831	374	77	1956	2466	2885	2767	1399	1870	452
"txid349095"	20	4	12	8	1	4	3	9	7	9	7	7	13	16	7	12	11	7	10	9	13	9	17	11	5	4	7	17	9	20	12	24	15	10	9	15	11	11	13	13	10	12	5	15	3	12	6	14	17	21	4	16	9	5	8	3	6	13	0	8	10	40	12	8	5	12	18	5	8	13	14	13	11	8	10	7	0	3	0	5	5	3	3	7	2	2	18	20	6	3	11	6	5	15	6	12	22	8	10	12	6	30	8	23	0	2	1	5	6	3	17	10	17	8	0	12	19	22	8	13	12	4	8	10	9	6	17	19	17	2	0	28	35	35	33	16	23	0
"txid2144175"	93	44	94	71	14	55	84	86	60	102	60	39	83	87	65	109	77	62	99	56	78	94	198	50	64	71	106	159	73	111	102	224	109	116	179	152	117	114	144	168	132	110	61	89	52	111	39	83	100	104	27	59	32	53	55	26	71	79	42	106	106	120	188	94	63	169	110	50	72	82	111	41	72	94	97	69	15	37	11	56	94	21	57	86	47	24	111	90	52	41	103	34	49	101	95	136	72	80	98	80	87	108	125	101	11	66	18	27	78	94	134	99	70	61	3	87	167	131	83	51	68	28	100	90	103	49	113	83	89	13	5	86	141	124	138	75	83	19
"txid2045301"	5	0	2	1	0	1	1	0	1	1	0	0	3	3	0	2	2	0	0	1	0	0	0	0	0	0	0	0	3	6	0	1	0	0	1	2	0	0	0	0	0	3	0	0	0	0	0	2	2	4	1	1	0	2	1	0	0	4	1	0	0	4	0	1	0	0	3	0	1	1	0	2	0	0	4	0	0	0	0	2	0	0	0	1	1	0	5	5	1	1	0	0	1	2	1	0	2	0	0	3	0	1	0	3	0	0	0	0	2	0	0	1	0	0	0	0	5	4	0	0	4	0	2	4	0	0	5	0	4	0	0	5	4	6	5	3	3	1
"txid856"	0	1	1	0	1	2	0	0	0	9	0	0	2	2	0	10	1	0	0	0	0	0	6	0	0	0	8	7	0	0	0	1	0	8	0	0	0	0	0	0	0	0	0	0	0	0	0	2	0	0	1	0	0	0	0	162	4	0	0	0	10	0	1	7	0	2	0	0	1	0	0	0	10	0	0	2	0	0	0	0	0	0	0	0	0	0	0	0	1	0	0	23	7	0	0	0	0	0	0	0	7	2	0	0	0	1	0	3	0	0	0	0	0	0	5	0	0	1	0	8	1	1	1	1	0	46	0	2	0	1	16	19	4	2	3	37	140	0
"txid2606214"	0	0	0	0	0	1	0	0	0	3	0	0	1	6	0	1	8	10	4	0	1	0	0	1	0	0	3	0	1	0	3	1	1	1	5	1	3	1	2	9	0	0	0	0	0	2	0	0	1	0	1	3	1	2	5	2	0	2	4	5	1	3	5	0	0	1	0	0	3	0	2	0	1	0	0	1	0	0	0	0	0	0	0	1	0	0	2	2	0	0	0	2	0	0	1	2	0	2	0	3	3	0	0	1	0	0	0	2	0	0	0	1	0	1	0	0	0	0	0	5	2	0	5	2	0	0	0	2	0	0	0	0	0	0	0	0	0	0
"txid183670"	0	0	1	0	0	4	0	0	0	3	0	0	2	32	0	4	45	44	9	6	4	1	0	5	0	0	4	1	9	0	17	2	7	3	15	4	11	3	3	47	0	9	1	0	2	2	0	6	6	0	11	3	1	5	10	12	10	10	16	16	15	12	4	4	0	4	1	1	18	1	31	1	10	0	3	6	0	0	0	0	0	0	0	3	0	0	7	10	5	0	0	19	3	0	1	1	0	12	0	8	10	7	0	5	0	0	0	5	2	0	1	4	5	12	2	0	0	0	4	33	3	4	30	1	0	0	0	6	1	1	0	1	0	0	0	1	5	0
"txid1852381"	5	15	10	8	13	9	20	4	7	5	13	16	10	4	14	12	3	8	17	11	2	9	4	10	6	15	10	10	3	3	11	3	6	5	3	3	5	13	16	4	13	7	5	3	3	3	5	4	7	12	10	5	4	6	19	13	6	0	8	5	3	6	4	6	18	4	10	32	6	9	4	24	1	12	6	3	6	18	9	8	16	9	19	3	17	13	5	4	2	10	12	2	1	10	7	2	6	4	14	7	10	4	9	3	10	16	13	7	4	16	2	5	7	7	0	13	7	10	3	12	6	1	2	7	9	3	9	6	4	5	1	10	9	9	7	11	9	14
"txid2584944"	1	3	1	3	1	1	1	0	0	0	2	4	1	0	5	1	5	5	8	3	10	6	1	7	2	0	17	0	4	0	4	1	1	0	2	0	4	0	7	1	2	2	2	5	2	0	5	1	0	1	7	6	8	4	2	2	0	0	3	1	0	0	1	1	0	0	0	0	1	2	1	1	1	3	3	1	11	6	18	3	3	2	0	0	3	3	2	0	0	1	2	0	1	2	2	0	1	2	2	2	2	0	0	0	3	0	1	4	4	3	1	3	2	6	0	0	0	1	0	2	3	1	1	0	7	10	2	0	0	1	0	1	1	0	1	0	0	2
"txid1944635"	5	11	3	10	2	7	1	2	3	5	7	9	2	6	16	5	10	12	13	17	12	18	2	12	6	6	20	0	14	2	10	2	3	3	7	0	6	2	5	2	6	2	6	13	15	3	8	4	0	5	15	12	11	10	12	6	2	0	1	3	1	3	1	0	1	3	2	3	4	2	7	6	6	3	2	3	17	10	54	6	10	10	8	3	4	10	2	2	3	3	5	0	0	3	2	2	2	12	8	9	12	6	1	2	22	4	4	14	7	9	0	6	6	21	4	1	1	1	16	17	3	3	6	5	21	27	6	3	1	1	2	0	3	4	5	8	7	4
"txid70586"	0	0	0	0	0	0	0	0	0	3	0	0	0	0	0	4	18	18	6	2	2	2	0	0	0	0	5	0	0	0	12	0	4	5	10	0	6	8	1	29	0	0	0	0	0	0	0	0	0	0	0	0	0	1	0	10	6	0	0	8	5	0	6	0	1	3	0	0	0	0	0	0	10	0	0	0	0	0	0	0	0	0	0	0	0	0	0	0	2	0	0	0	0	0	0	0	0	0	0	0	12	0	0	0	0	0	0	9	0	0	0	0	0	0	0	0	0	0	0	0	0	0	0	0	0	0	0	0	0	0	0	0	0	0	0	0	0	0
"txid70584"	0	0	0	0	0	0	0	0	0	1	0	0	0	0	0	1	4	6	5	1	1	1	0	0	1	1	6	0	0	0	7	1	0	0	7	1	5	3	0	11	0	0	0	0	0	1	0	0	0	0	0	0	0	2	2	0	0	0	0	5	0	0	4	1	0	2	0	0	2	0	2	0	3	0	0	0	0	0	0	0	0	0	0	1	0	0	0	3	6	0	0	3	1	0	0	0	0	4	0	0	3	0	0	0	0	0	0	4	0	0	0	1	0	0	0	0	0	0	2	5	0	0	1	1	0	0	0	0	0	0	0	0	0	0	0	0	0	0
"txid1056810"	3	0	0	0	0	49	0	5	0	1	0	0	0	0	0	1	0	0	2	0	0	0	0	0	0	3	0	0	1	8	1	0	0	0	0	0	0	1	1	1	0	0	1	0	2	0	0	0	0	3	5	0	0	4	0	2	0	0	1	0	0	0	0	0	0	0	0	0	0	0	0	0	0	12	0	0	0	0	0	1	1	1	1	0	0	10	0	1	0	8	3	256	173	0	0	0	0	0	0	0	0	0	0	0	0	0	0	0	0	0	0	0	0	1	0	0	0	0	0	0	0	2	0	0	0	0	0	5	1	248	7	0	1	0	0	0	0	0
"txid2505970"	2	4	1	2	3	0	3	0	0	0	0	1	0	0	1	1	1	0	6	1	5	1	1	0	1	0	2	2	0	0	2	0	0	1	1	1	2	1	2	1	3	0	0	1	3	1	1	0	0	2	2	0	1	1	1	0	0	0	1	0	1	2	0	1	2	1	0	8	1	2	0	4	0	2	2	0	0	3	0	1	3	2	4	0	4	1	0	0	0	6	3	0	0	0	3	0	1	2	6	0	0	0	1	1	0	3	0	0	1	3	0	0	1	0	0	3	2	6	4	0	0	0	0	1	8	4	0	0	1	1	0	0	1	0	1	0	0	1
"txid28898"	182	205	75	157	281	80	168	23	160	54	82	251	117	74	65	98	53	184	167	110	247	98	122	91	64	69	42	149	37	117	67	100	145	236	33	173	46	507	49	76	151	68	55	164	122	200	87	23	79	124	37	28	10	24	44	37	67	29	119	54	53	201	64	115	29	161	206	172	270	105	77	109	190	121	71	215	66	214	47	105	213	67	95	173	177	68	71	109	347	515	71	162	151	69	112	236	43	8	310	2	35	31	140	74	84	81	83	21	179	405	50	74	71	128	38	268	364	741	25	57	27	59	26	108	4	2	59	54	75	11	10	65	22	19	32	41	42	160
"txid650054"	0	3	0	4	5	2	0	0	0	0	1	4	0	0	0	0	1	0	3	1	2	2	0	3	1	1	1	2	0	0	2	1	0	0	1	1	2	1	2	0	3	0	0	4	2	0	1	1	0	1	2	0	3	0	1	0	0	0	1	0	0	0	2	0	1	1	0	8	1	1	0	1	0	0	2	0	0	4	0	2	6	3	2	1	3	0	1	0	1	4	3	2	0	3	5	1	1	1	2	1	0	1	0	0	0	0	1	2	0	2	1	0	3	0	0	0	3	1	3	2	0	1	0	0	14	6	0	0	0	0	0	0	1	0	1	0	0	0
"txid2267891"	80	239	18	125	207	75	119	20	58	46	63	154	66	109	22	49	45	63	93	61	141	66	44	91	56	34	36	94	42	58	70	25	57	108	25	76	59	147	80	48	75	36	33	97	108	79	28	13	18	66	42	54	44	84	30	47	61	46	107	41	33	43	61	45	47	60	113	215	177	74	32	99	77	120	19	84	17	222	34	94	194	86	165	88	136	110	48	49	227	363	159	41	89	83	71	75	19	151	90	108	93	103	18	131	35	198	58	74	48	163	12	28	38	42	72	86	97	159	184	90	33	79	66	124	478	252	7	33	97	11	8	81	38	11	30	13	17	55
"txid654363"	0	1	1	2	2	0	3	0	2	0	1	3	0	0	1	2	0	1	2	1	1	1	0	1	1	0	3	2	0	0	1	1	0	1	1	0	0	3	1	2	2	2	1	2	0	2	0	0	2	1	0	1	0	0	0	0	2	0	2	0	0	1	0	1	0	1	7	1	3	0	1	0	1	1	1	0	0	3	0	1	2	1	1	1	0	2	0	0	2	7	0	0	1	1	0	4	0	0	3	0	1	0	3	0	2	2	1	0	2	7	2	0	2	2	0	2	5	7	1	1	0	0	0	0	0	1	0	0	0	0	0	0	0	0	0	0	0	1
"txid2040648"	220	737	149	721	1328	233	542	172	538	139	352	697	121	208	245	140	189	327	290	379	347	255	219	438	273	355	134	225	257	198	174	171	413	362	163	200	190	415	226	262	337	126	231	295	381	250	149	76	117	264	228	151	153	278	202	190	111	52	264	146	182	421	101	229	305	166	439	620	533	317	196	265	262	300	161	347	217	410	356	270	777	408	457	298	317	327	299	198	567	886	532	234	200	270	309	283	126	84	377	64	145	150	162	301	352	273	365	89	207	279	121	160	228	276	162	426	375	571	111	224	62	106	73	183	260	225	232	126	173	40	47	253	101	274	139	138	179	441
"txid222136"	63	209	43	197	367	69	158	48	145	51	101	191	37	67	68	42	54	88	119	103	153	137	112	142	126	115	44	91	69	57	86	85	135	121	81	63	87	196	102	109	154	34	75	76	127	60	43	17	40	81	63	51	37	86	59	57	34	13	62	54	59	93	55	73	136	64	141	274	133	81	56	68	84	106	45	105	65	103	97	60	220	124	134	90	117	91	77	49	198	227	139	63	52	69	86	86	30	21	153	11	65	36	63	74	94	81	100	37	59	86	47	41	63	73	56	146	97	165	32	69	15	33	23	47	73	49	60	34	39	8	7	66	32	58	40	33	37	118
"txid1591088"	3	8	2	6	12	3	8	1	4	1	3	5	2	4	2	1	0	4	3	3	3	4	2	3	5	1	0	3	1	3	2	3	2	4	1	3	4	8	4	3	5	1	4	2	8	5	4	0	2	6	5	0	1	5	3	2	2	1	4	2	1	6	3	2	1	2	6	8	8	4	2	1	3	2	3	4	4	6	1	3	7	6	4	7	4	5	4	5	12	17	4	6	4	4	1	2	2	1	3	1	3	4	2	3	3	5	2	2	4	0	0	3	7	0	2	6	8	5	1	7	1	4	0	3	0	1	4	0	2	0	0	5	1	2	0	0	1	4
"txid2293435"	1	7	1	6	13	3	2	4	3	0	7	8	0	0	3	1	2	3	4	6	2	6	0	9	3	5	2	5	1	0	4	1	3	0	2	0	2	5	4	2	2	1	2	4	7	0	3	1	1	4	2	2	0	4	1	0	0	0	9	1	0	8	0	1	3	1	5	13	3	4	2	6	0	4	3	3	2	11	4	6	15	5	4	4	9	13	4	2	2	23	9	1	0	10	10	3	1	0	6	0	5	1	4	0	6	2	1	0	3	5	2	2	4	4	3	11	4	6	1	1	0	0	0	3	2	1	1	1	6	1	2	2	0	2	0	2	0	6
"txid2867412"	0	1	1	2	4	0	0	1	1	0	1	3	0	0	1	3	0	1	2	1	2	1	0	2	0	1	0	1	1	0	1	0	1	0	1	2	1	2	2	1	0	1	0	2	3	0	1	2	0	1	1	0	1	1	2	0	0	0	0	0	0	0	1	1	1	1	4	3	1	2	0	1	2	0	0	2	0	1	0	1	1	0	2	1	0	2	0	0	1	3	0	1	0	3	0	1	1	0	2	0	0	0	1	1	3	2	0	0	1	2	0	0	2	2	0	2	2	1	0	0	1	1	1	0	1	1	0	0	0	1	0	0	0	1	0	0	0	3
"txid648"	1	0	0	0	3	0	0	0	0	0	0	0	0	0	0	0	0	0	0	0	0	0	0	3	1	1	3	0	0	0	0	0	0	0	0	0	0	0	0	0	0	0	32	0	0	0	0	0	1	0	0	0	5	0	0	0	0	0	4	0	0	0	0	0	0	0	0	0	0	1	0	0	0	0	6	0	3	0	1	0	0	4	2	0	0	4	0	0	0	0	0	0	0	0	0	0	3	0	36	0	0	0	0	0	0	0	0	0	0	0	0	0	1	0	0	0	0	0	0	0	0	0	0	0	0	0	0	0	0	0	4	0	0	0	1	0	0	39
"txid196024"	0	0	0	0	0	0	0	0	0	0	0	0	0	0	0	0	0	0	0	0	0	1	1	15	5	0	29	0	0	1	0	0	0	0	0	0	1	0	0	0	0	0	91	0	0	0	0	0	0	0	0	0	11	0	0	0	0	0	47	0	0	0	0	0	0	0	0	0	0	0	0	0	0	0	11	0	3	0	1	0	0	10	1	0	0	4	1	0	0	0	0	0	1	0	0	0	9	0	50	0	0	0	0	0	0	0	0	0	0	0	0	0	0	0	1	0	0	0	0	0	0	0	0	0	0	0	0	0	0	0	3	0	0	0	0	0	0	60
"txid762983"	45	8	15	8	12	16	1	1	2	2	4	19	22	15	7	48	11	9	39	14	20	23	21	33	24	20	21	22	25	12	15	13	5	9	8	7	11	18	14	4	6	6	10	20	11	7	30	6	6	4	24	16	22	9	14	12	9	8	14	10	13	7	9	6	8	6	8	15	4	2	6	6	0	6	7	21	18	26	65	17	6	21	15	3	45	25	17	3	20	9	6	0	7	12	13	1	10	40	6	38	8	12	17	16	16	10	29	17	16	12	0	9	11	7	24	0	0	0	15	10	17	22	14	9	22	21	13	35	54	1	2	33	25	7	3	15	13	16
"txid35703"	8	0	16	1	4	0	3	0	3	0	7	0	1	0	0	0	2	0	0	0	2	1	25	1	0	3	2	0	0	0	1	0	0	39	0	0	0	0	0	0	0	0	5	1	0	0	5	0	2	0	7	1	11	3	18	10	6	0	26	0	1	0	2	0	4	1	0	0	1	0	0	3	0	0	2	0	0	0	2	0	1	2	1	0	3	33	2	0	3	0	0	24	274	0	0	0	1	0	2	0	0	0	0	1	5	1	4	2	0	0	0	0	0	0	0	0	5	1	0	0	1	6	0	7	0	2	0	3	0	578	405	1	97	1	5	2	23	9
"txid67824"	1	0	4	0	2	0	0	1	0	0	0	0	0	0	0	0	0	0	0	0	2	1	6	1	0	0	1	0	0	1	0	1	0	0	0	0	0	0	0	0	0	0	0	0	0	0	0	2	4	0	3	1	1	0	0	4	2	0	1	0	1	0	1	1	0	0	0	0	0	2	0	0	0	0	0	1	0	0	11	1	0	1	1	1	1	1	0	0	0	0	0	2	252	0	0	0	9	0	35	0	0	0	0	1	0	2	0	0	3	0	0	0	0	0	0	0	0	0	0	0	0	0	0	0	0	0	0	0	0	3329	219	0	15	0	1	4	4	1
"txid1006003"	2	0	1	1	0	0	0	0	0	0	1	0	0	1	0	0	1	0	0	0	1	1	0	0	0	0	1	1	0	0	0	1	0	1	0	0	0	0	0	0	0	0	0	0	0	0	1	0	0	0	1	0	0	0	1	303	0	0	0	0	0	0	1	1	0	0	0	0	0	0	0	0	0	0	0	0	0	0	18	0	0	3	2	0	1	0	0	0	0	1	0	0	6	0	1	0	0	0	2	0	0	0	0	1	1	0	0	0	0	0	0	0	0	0	0	0	0	0	0	0	12	0	0	1	0	0	0	0	0	0	221	0	0	0	0	8	14	3
"txid67829"	3	0	1	1	0	0	0	0	0	0	0	0	0	1	0	0	0	0	0	1	4	0	0	0	0	0	3	0	0	0	0	1	0	1	0	0	0	0	0	0	0	0	0	0	0	0	3	0	0	0	2	0	1	0	1	1	0	0	0	0	0	0	1	3	0	1	0	0	0	0	0	0	0	0	0	0	0	0	22	0	0	4	6	0	0	0	1	0	0	0	0	0	2	0	0	0	0	0	1	0	0	0	0	0	1	0	0	0	0	0	0	0	0	0	0	0	0	0	0	0	1	0	0	1	0	0	0	1	0	2	137	0	2	0	0	12	1	0
"txid1563222"	1	0	0	0	0	0	0	0	0	0	0	0	0	0	0	0	0	0	0	0	1	0	0	1	0	0	1	0	0	0	0	0	0	0	0	0	0	0	0	0	0	0	0	0	0	0	0	0	0	0	0	0	0	0	1	36	0	0	0	0	0	0	0	0	0	0	0	0	0	1	0	0	0	0	0	0	0	0	0	0	0	1	0	0	0	0	0	0	0	0	0	0	0	0	0	0	0	0	0	0	0	0	0	0	0	0	0	0	0	0	0	0	0	0	0	0	0	0	0	0	0	0	0	3	0	0	0	1	0	0	43	0	0	0	0	0	12	1
"txid2653932"	1	1	6	0	3	0	2	0	0	0	1	1	0	6	0	1	1	0	0	0	0	1	22	0	0	1	0	0	0	0	1	0	0	17	0	0	3	0	0	0	0	0	2	1	0	0	1	8	1	0	6	2	4	1	2	15	5	0	6	2	8	0	1	1	1	1	0	0	2	6	0	2	0	0	2	13	1	0	47	1	1	1	0	19	1	4	0	0	1	0	0	16	427	0	2	0	0	1	3	0	0	0	0	0	0	0	0	0	1	0	0	0	0	0	0	0	1	1	0	1	1	3	0	4	0	0	0	3	3	165	1162	1	71	0	1	14	16	1
"txid133448"	0	0	9	1	0	0	0	0	0	0	0	0	0	0	0	0	0	1	0	0	0	0	0	0	0	1	1	0	0	0	0	0	0	0	0	0	0	0	0	0	1	0	1	0	0	0	1	1	0	0	11	0	2	0	0	25	1	0	1	1	1	0	0	0	3	0	0	0	0	0	0	2	0	0	1	0	0	0	9	3	0	2	0	0	0	1	7	0	1	0	0	0	15	0	0	0	0	0	0	0	0	0	0	0	1	0	0	0	0	0	0	0	0	0	0	0	1	0	0	0	0	1	0	0	0	0	0	0	0	1	10	0	2	1	3	0	2	1
"txid69219"	0	1	31	0	4	1	2	0	0	0	0	0	0	0	0	0	1	0	0	0	0	0	1	0	0	0	2	0	0	0	0	0	0	0	0	0	0	0	0	0	0	0	0	0	0	0	1	2	0	0	7	0	1	1	1	11	0	0	1	0	1	0	1	0	1	0	1	0	0	0	0	0	0	0	2	1	1	0	4	0	0	0	0	0	0	4	2	0	1	0	0	0	2	0	0	0	0	0	1	0	0	0	0	0	0	1	1	1	1	0	0	0	0	0	0	0	0	0	0	0	0	0	0	0	0	0	0	0	0	4	7	0	0	0	0	0	0	3
"txid2497436"	3	4	11	0	9	0	2	0	1	0	1	2	0	0	0	0	2	0	0	0	1	0	4	0	1	6	2	0	0	0	0	0	0	0	0	0	2	1	0	1	0	0	1	0	3	0	4	1	2	0	7	0	5	0	0	8	13	0	7	0	2	1	1	0	1	0	0	0	0	1	0	1	0	0	0	0	1	0	3	1	0	2	1	0	0	0	3	0	0	0	0	1	9	0	0	0	0	0	1	2	0	0	0	5	24	0	2	1	1	0	0	0	0	0	0	0	0	0	0	0	0	6	0	0	0	0	0	5	0	1	28	1	0	0	1	0	0	0
"txid585054"	1	1	2	1	108	2	46	11	0	1	3	0	0	1	0	0	17	5	16	4	0	0	8	0	0	0	0	0	0	7	0	0	0	45	0	0	0	0	0	0	0	0	0	0	3	0	0	0	0	4	9	2	42	5	33	0	0	0	13	0	0	0	0	0	0	0	3	21	0	25	0	10	1	63	1	0	33	0	336	76	19	358	107	0	94	348	2	0	0	28	1	0	175	4	1	0	5	0	7	0	0	0	1	1	325	2	892	0	0	0	0	1	0	0	4	0	0	0	0	0	0	28	2	2	21	318	0	1	0	26	66	0	104	0	0	1	0	482
"txid1028307"	1	0	0	0	0	0	0	0	0	0	0	0	0	0	0	0	0	0	0	0	0	0	0	0	0	0	0	0	0	0	0	0	0	0	0	0	0	0	0	0	0	0	1	0	0	0	0	0	0	0	0	0	0	0	0	0	0	0	0	0	0	0	0	0	0	0	0	0	0	1	0	0	0	0	0	0	0	0	0	0	0	1	0	0	0	0	0	0	0	0	0	0	0	0	0	0	0	0	0	2	0	0	0	0	10	2	86	0	1	0	0	0	0	2	0	0	0	0	0	0	0	1	0	0	0	0	0	0	0	0	16	1	0	0	0	0	1	0
"txid571"	0	23	17	5	13	0	6	0	6	0	24	0	0	0	0	0	5	0	3	0	2	1	10	1	2	3	2	0	1	1	1	2	1	0	1	0	2	0	0	0	1	0	11	1	4	0	38	5	15	1	14	2	20	1	16	12	3	1	13	2	8	0	3	3	14	0	1	1	0	12	2	2	0	4	6	2	2	6	93	0	6	5	3	0	4	27	5	1	0	0	0	2	200	3	1	4	2	0	12	2	1	1	1	7	57	4	13	3	2	0	0	0	0	1	0	0	1	0	1	1	1	3	0	2	0	0	2	1	0	123	512	2	150	2	10	2	2	20
"txid2587529"	0	0	1	0	1	0	0	0	0	0	0	0	0	0	0	0	0	0	0	0	0	1	0	0	0	0	0	0	0	0	0	1	0	0	0	0	1	1	0	0	0	0	0	0	2	0	6	1	0	0	2	0	4	1	0	2	1	0	0	2	0	0	1	0	1	0	0	0	1	2	0	0	0	0	1	0	0	0	3	2	0	1	0	0	0	1	0	0	0	1	0	0	9	0	1	0	1	0	2	0	0	0	0	0	0	5	0	0	0	0	0	0	0	0	0	0	0	0	0	0	0	2	0	0	0	0	0	0	0	0	133	0	1	0	0	1	0	5
"txid573"	0	7	34	2	6	0	2	0	1	0	1	2	0	0	0	0	4	0	0	0	1	1	10	0	0	0	0	3	0	0	1	1	0	0	0	0	0	0	0	0	0	0	0	0	4	0	13	8	1	1	8	3	9	1	6	12	7	0	5	0	2	0	5	1	3	2	1	2	0	4	0	1	1	1	5	0	0	0	7	24	3	10	7	0	4	17	2	0	0	1	0	4	61	2	31	1	4	0	23	0	0	1	0	0	53	1	9	2	1	0	0	3	0	0	0	0	0	0	0	0	0	2	0	1	0	0	0	0	5	0	49	0	4	1	0	24	0	15
"txid73098"	3	1	24	0	3	0	0	0	0	0	1	0	0	0	0	0	1	0	0	0	1	0	0	0	0	1	0	0	0	1	1	26	0	0	1	0	1	0	0	0	0	0	2	2	1	0	15	5	10	0	7	1	19	0	3	70	71	0	36	0	8	0	15	0	1	6	0	1	0	3	0	5	0	0	0	3	0	1	20	1	0	5	1	0	1	1	2	0	0	0	0	0	10	0	0	0	4	0	3	0	0	0	0	1	28	3	8	2	2	0	1	0	0	1	0	0	1	0	0	0	1	9	1	7	0	0	0	0	2	0	115	0	6	2	1	9	18	10
"txid623"	1	1	3	2	115	1	50	11	0	0	2	0	0	0	0	0	17	4	20	1	0	1	12	0	0	0	0	0	0	5	0	0	0	46	0	1	0	0	0	0	0	0	0	0	10	0	0	0	0	10	9	3	30	6	25	1	0	0	16	0	0	0	0	0	2	1	1	22	0	31	0	5	0	47	2	0	36	2	361	80	21	371	113	1	80	411	2	0	0	23	1	0	169	5	4	0	2	0	10	0	0	0	2	1	322	1	944	0	2	0	0	0	0	0	0	0	0	0	0	0	0	56	2	2	12	270	0	2	4	24	57	0	103	0	0	0	0	460
"txid582"	1	11	1	4	7	0	2	2	0	0	1	0	0	2	0	0	0	0	3	0	25	6	1	1	2	0	11	9	1	2	6	2	7	9	1	4	2	0	0	0	0	0	0	1	2	12	16	4	16	0	23	1	11	0	0	4	12	0	134	10	12	13	9	27	2	3	0	1	0	2	0	1	0	2	5	0	34	0	176	12	2	25	21	1	1	9	5	2	0	1	0	0	79	1	9	0	0	1	0	1	1	7	0	0	42	2	6	0	1	0	0	43	0	0	0	0	1	0	0	0	3	9	0	19	0	2	0	0	2	1	34	2	5	2	2	1	3	41
"txid584"	10	14	3	4	7	0	2	0	0	0	0	1	0	0	0	0	0	0	2	0	1	0	0	0	0	0	0	0	0	0	0	0	1	0	1	0	0	0	0	0	3	0	2	0	1	0	23	0	1	0	3	1	1	0	0	5	0	0	6	0	1	0	0	0	0	0	0	0	0	0	0	0	0	0	2	0	2	0	1	0	0	0	0	0	0	0	0	0	0	0	0	0	5	0	0	0	0	0	0	0	0	0	0	0	0	0	0	0	1	0	0	0	0	0	0	1	1	0	0	0	0	3	0	0	0	43	0	0	0	0	50	0	6	0	0	0	2	1
"txid626774"	2	4	3	0	5	0	10	0	0	0	0	0	0	0	0	0	0	0	0	0	15	12	2	6	3	3	49	1	7	0	5	0	0	0	0	4	12	1	0	0	0	0	891	4	2	0	27	8	8	0	9	0	2	3	2	2	0	0	3	1	4	0	6	0	0	1	0	0	0	2	0	0	5	0	2	0	31	1	46	3	0	36	0	4	78	66	4	1	0	0	0	1	238	0	1	0	1	0	3	0	0	0	0	0	2	0	0	0	80	0	0	0	0	0	0	0	4	0	0	1	1	1	0	60	0	29	0	1	55	1	2126	1	49	0	0	0	1	125
"txid2027290"	0	0	0	0	0	0	3	0	0	0	0	0	0	0	0	0	0	0	0	0	0	0	0	0	0	0	0	0	0	0	0	0	0	2	0	1	6	0	0	0	0	0	11	0	0	0	0	1	2	0	1	0	0	0	0	9	0	0	0	0	0	0	1	1	0	0	0	0	0	0	0	0	0	0	1	0	0	0	4	3	0	40	0	0	4	7	0	0	3	0	0	0	14	0	0	0	0	6	0	3	0	0	0	0	0	0	0	0	188	0	2	16	0	0	0	0	0	0	0	0	0	0	0	1	0	0	0	0	0	0	5	0	0	0	0	0	13	4
"txid587"	1	0	2	0	1	0	1	0	0	0	0	0	0	0	0	0	0	0	1	0	0	1	0	1	1	0	4	1	0	0	0	3	3	0	0	17	10	0	0	1	0	0	489	1	0	0	6	0	9	0	34	0	2	2	4	76	20	1	10	0	1	3	1	6	1	0	2	0	0	1	0	27	0	0	3	0	4	7	165	6	10	17	1	0	50	129	2	0	34	0	1	1	236	6	1	0	0	89	1	48	0	0	0	1	0	0	2	0	155	3	31	19	0	0	0	6	0	0	0	0	0	4	0	12	0	0	0	0	5	0	92	0	46	0	0	0	3	4
"txid333965"	0	0	0	0	1	0	3	0	0	0	0	0	0	0	0	0	0	0	0	0	0	0	0	0	0	0	0	0	0	2	0	0	1	0	0	1	0	0	0	0	0	0	17	1	0	0	0	0	1	0	2	0	0	0	0	3	2	0	1	0	0	1	0	1	0	0	0	0	0	0	0	8	0	0	0	0	1	0	5	1	0	2	0	1	3	7	0	0	2	0	1	0	16	2	0	0	0	3	0	5	0	0	0	0	0	0	0	0	15	0	10	2	0	0	0	5	0	0	0	0	0	2	0	0	0	0	0	0	0	0	9	0	2	0	0	0	0	2
"txid71656"	3	1	6	1	1	1	1	0	3	0	2	3	0	1	0	1	2	0	6	1	1	0	0	1	1	4	8	0	0	0	2	0	2	1	1	1	1	0	1	3	5	0	1	0	1	0	0	0	1	0	2	1	0	0	3	8	4	0	2	2	1	0	0	0	0	3	0	1	0	0	0	1	0	1	0	2	0	2	3	8	3	0	1	1	24	21	1	0	0	0	0	1	1	0	1	2	0	0	2	0	1	1	0	0	3	0	0	0	1	0	2	2	0	1	0	0	0	3	3	6	0	0	0	3	1	0	0	4	8	0	0	7	1	4	3	0	8	1
"txid106649"	0	0	0	0	0	0	0	0	0	0	0	0	0	0	0	0	0	0	0	0	0	0	0	0	0	1	0	0	0	0	0	0	0	0	0	0	0	0	0	0	0	0	0	0	0	0	0	0	0	0	0	0	0	0	0	0	0	0	0	0	0	0	0	0	0	0	0	0	0	0	0	0	0	0	0	0	0	0	0	0	0	0	0	0	0	0	0	0	0	0	0	0	0	0	0	0	0	0	0	0	0	0	0	0	0	0	0	0	0	0	0	0	0	0	0	0	0	0	0	0	0	0	0	0	0	0	0	0	0	117	1	0	0	0	2	1	0	0
"txid2699469"	9	0	0	0	0	0	0	0	0	0	0	0	0	0	0	0	0	0	0	0	0	0	0	0	0	0	0	0	0	0	0	0	0	0	0	0	0	0	0	0	0	0	0	0	0	0	0	1	0	0	0	0	0	2	1	0	0	0	0	0	0	0	0	1	0	0	0	0	0	0	1	0	1	6	1	0	0	2	0	1	0	0	0	0	0	0	0	0	0	7	1	830	291	0	0	0	0	0	0	0	0	0	0	0	0	0	0	0	0	0	0	0	0	0	0	0	0	0	0	0	0	0	0	0	0	0	0	0	0	0	0	0	0	0	0	0	0	0
"txid2715163"	0	0	0	0	0	0	0	0	0	0	0	0	0	0	0	0	0	0	1	0	0	0	0	0	0	0	0	0	0	0	0	0	0	0	0	0	0	0	0	0	0	0	0	0	0	0	0	0	0	0	0	0	0	2	0	0	0	0	0	0	0	0	0	0	1	0	0	0	0	0	0	0	0	2	0	0	0	0	0	0	0	0	1	0	0	0	1	0	0	2	0	239	90	0	0	0	0	0	0	0	0	0	0	0	0	0	0	0	0	0	0	0	0	0	0	0	0	0	0	0	0	0	0	0	1	0	0	0	0	0	0	0	0	0	0	0	0	0
"txid28090"	2	0	0	0	0	1	0	2	0	0	0	0	0	0	0	6	0	0	0	0	0	0	0	0	0	0	0	0	0	3	0	0	0	0	0	0	0	0	0	0	0	0	0	0	1	0	0	0	0	1	1	0	1	3	0	0	0	0	0	0	0	0	0	0	0	0	0	2	0	0	0	0	0	3	0	0	0	0	0	0	0	0	0	0	0	4	0	0	0	3	2	86	25	0	0	0	0	0	0	0	0	0	0	0	0	0	0	0	0	0	0	0	0	0	0	0	0	0	0	0	0	5	0	0	0	2	0	23	4	252	7	0	4	0	0	0	0	0
"txid742719"	1	0	0	0	0	0	0	0	0	0	0	0	0	1	0	0	0	0	0	0	0	0	0	0	0	1	2	0	0	0	0	0	0	0	0	0	0	0	0	0	0	0	6	0	0	0	0	0	0	0	0	0	0	2	0	0	0	0	0	0	0	0	0	0	0	0	0	0	0	0	0	0	0	0	0	0	0	0	0	0	1	0	0	0	0	2	0	0	0	1	1	127	44	0	0	0	0	0	0	0	0	0	0	0	0	0	0	0	0	0	0	0	0	0	0	0	0	0	0	0	0	0	0	0	0	0	0	0	0	9	0	0	0	0	1	0	0	0
"txid40216"	0	0	0	0	0	0	0	0	0	0	0	0	0	0	0	0	0	0	0	0	0	0	0	0	0	0	0	0	0	0	0	0	0	0	0	0	0	0	0	0	0	0	0	0	0	0	0	0	0	0	0	0	0	0	0	0	0	0	0	0	0	0	0	0	0	0	0	0	0	0	0	0	0	0	0	0	0	0	0	0	0	0	0	0	0	0	0	0	0	0	0	1	0	0	0	0	0	0	0	0	0	0	0	0	0	0	0	0	0	0	0	0	0	0	0	0	0	0	0	0	0	144	0	0	0	1	0	7	2	110	55	1	7	1	0	1	0	0
"txid108981"	1	0	0	0	0	0	0	0	0	0	0	0	0	0	0	0	0	0	0	0	0	0	0	0	0	0	0	0	0	0	0	0	0	0	0	0	0	0	1	0	0	0	0	0	0	0	0	0	0	0	1	0	0	4	0	0	0	0	0	0	0	2	0	0	1	0	0	1	0	0	0	0	0	0	0	0	0	0	0	0	0	0	0	0	0	3	0	0	0	1	1	10	2	0	0	0	0	0	0	0	0	0	0	0	0	0	0	0	0	0	0	0	0	0	0	0	0	0	0	0	0	1	0	0	0	1	0	0	1	250	12	0	6	0	0	0	0	0
"txid180588"	0	0	0	0	0	0	0	0	0	0	0	0	0	0	0	0	0	0	0	0	0	0	0	0	0	0	0	0	0	0	0	0	0	0	0	0	0	0	0	0	0	0	0	0	0	0	0	0	0	1	0	0	0	0	0	0	0	0	0	0	0	0	0	0	0	0	0	0	0	0	0	0	0	0	0	0	0	0	0	0	0	0	0	0	0	0	0	0	0	1	0	7	0	0	0	0	0	0	0	0	0	0	0	0	0	0	0	0	0	0	0	0	0	0	0	0	0	0	0	0	0	792	0	0	0	0	0	0	0	0	0	0	0	0	0	0	0	1
"txid2025884"	0	0	0	0	7	0	0	0	0	0	0	0	0	0	0	0	0	0	0	4	0	0	0	3	5	0	0	0	0	0	0	0	0	0	0	0	0	0	0	0	0	0	3	0	1	0	0	0	0	0	17	2	5	1	0	0	0	0	4	0	0	0	0	0	32	0	0	0	0	10	0	2	0	0	1	0	589	0	79	0	0	45	6	0	0	3	0	0	0	0	0	0	0	0	1	0	3	0	25	0	0	0	0	0	98	0	78	0	0	0	1	0	3	1	0	0	0	0	1	2	0	1	0	0	0	0	0	0	0	0	0	0	0	0	0	0	0	119
"txid249188"	0	0	0	0	9	0	0	0	0	0	0	0	0	0	0	0	0	0	0	1	0	0	0	1	4	0	0	0	0	0	0	0	0	0	0	0	0	0	0	0	0	0	0	0	2	0	0	0	0	0	9	1	6	1	0	0	0	0	2	0	0	1	0	0	22	0	0	0	0	3	0	1	0	0	0	0	211	0	27	0	0	29	5	0	0	0	0	0	0	0	0	0	0	0	1	0	0	0	17	0	0	0	0	0	51	0	47	0	1	0	0	0	1	0	0	1	0	0	1	0	0	0	0	0	0	0	0	0	0	0	0	0	0	0	0	0	0	63
"txid1908258"	1	0	0	1	1	1	0	0	0	0	0	0	0	1	0	0	0	0	0	0	0	0	0	1	8	0	0	0	0	0	0	0	0	0	0	0	0	0	0	0	0	0	0	1	2	0	0	0	0	0	4	1	1	1	0	0	0	0	0	0	0	1	0	0	10	0	0	0	0	2	0	0	0	0	0	0	121	0	54	0	0	24	15	0	1	3	0	0	0	3	0	0	0	3	1	0	2	0	2	0	0	0	0	1	6	0	11	0	0	0	0	0	3	2	0	0	0	0	1	0	0	1	0	0	0	0	0	0	1	0	0	0	1	0	0	1	0	49
"txid2316085"	1	0	0	1	26	1	3	0	1	1	14	0	1	0	16	3	4	0	1	0	0	0	0	0	0	4	0	1	1	0	1	0	0	0	0	0	0	3	0	0	0	0	1	0	0	0	0	0	0	0	5	0	0	0	0	0	0	0	0	0	98	0	0	0	14	0	3	0	0	0	0	0	0	0	0	0	0	0	1	0	0	0	1	0	0	9	4	0	0	0	0	0	2	1	0	0	4	0	2	1	320	1	1	3	39	2	33	1	1	0	0	2	3	33	4	0	0	1	3	1	1	0	15	10	0	0	6	5	3	48	56	3	0	1	16	14	1	0
"txid296"	0	0	0	0	1	0	0	0	1	0	1	0	1	0	2	8	1	0	0	0	0	0	1	0	0	18	0	2	0	0	1	0	0	0	0	0	0	1	0	0	0	0	0	1	0	0	0	3	0	0	6	0	0	1	0	1	0	0	0	0	30	0	0	1	65	2	4	0	0	0	0	0	2	0	4	0	0	0	4	0	0	1	0	0	0	2	2	0	0	0	0	1	6	0	1	0	5	0	20	4	43	6	0	2	20	0	34	0	2	1	0	7	22	48	29	0	0	2	6	1	2	4	8	19	0	0	5	2	0	50	115	2	0	0	14	7	3	2
"txid1608996"	0	0	0	0	1	0	0	0	0	0	0	0	0	0	0	0	0	0	0	0	0	0	0	0	0	0	1	0	0	0	0	0	0	0	0	0	0	0	0	0	0	0	4	77	0	0	0	0	0	0	8	0	19	1	0	16	0	0	0	0	2	0	0	0	3	0	2	0	0	0	0	0	0	0	0	0	0	0	2	0	0	3	0	0	0	1	12	0	0	0	0	0	2	7	1	1	1	17	1	26	4	1	2	6	2	1	0	1	0	0	0	2	2	9	0	0	2	9	1	2	1	2	0	0	0	0	0	8	1	1	1	0	0	0	2	0	63	1
"txid2606638"	0	0	0	0	0	0	0	0	0	3	0	0	1	2	0	1	0	0	0	0	0	0	0	0	0	0	0	0	0	0	0	0	0	0	0	0	0	0	0	0	0	0	0	0	0	0	0	1	1	0	0	1	0	0	0	14	2	3	0	3	0	0	3	1	0	1	0	0	1	0	1	0	3	0	0	0	0	0	0	0	0	0	0	0	0	0	0	1	0	0	0	2	1	0	0	0	0	38	0	9	36	7	0	6	0	2	0	29	0	0	0	0	0	0	45	0	0	0	24	13	15	20	9	3	0	0	0	2	1	0	1	2	0	0	1	1	1	0
"txid2153"	8	1	1	5	1	0	3	6	3	27	4	1	2	30	0	4	0	12	14	1	5	7	1	1	6	31	6	1	16	2	3	16	28	8	1	33	2	1	2	46	9	13	2	0	2	4	6	2	15	9	4	1	0	4	3	9	25	14	2	15	16	1	8	29	10	1	4	2	10	4	1	3	2	13	45	15	2	8	0	1	6	1	12	5	13	2	8	2	10	7	6	0	2	1	23	3	3	1	8	9	4	3	5	1	2	5	1	0	13	19	3	18	0	3	0	21	11	29	1	7	1	1	2	3	5	4	26	6	5	1	0	5	5	6	2	6	3	2
