"","Observed","Chao1","se.chao1","ACE","se.ACE","Shannon","Simpson","InvSimpson","Fisher","Pielou","Coverage","PD"
"culi_1",122,157.052631578947,15.2581983769329,163.29601065411,6.55556860575303,2.99835020388901,0.910605557501825,11.1863777216399,23.1242041822992,0.624133444872429,0.991775950211158,13.353687225
"warble_1",159,282.473684210526,42.1931456383449,268.98609073422,9.24362587585286,2.91546183483672,0.87262909293073,7.8510864294635,32.1312277651887,0.57516609478627,0.984656437625083,16.140884584
"culi_2",108,208.333333333333,45.3053731979284,167.487974873868,7.01350182540019,2.75590939087274,0.885014518518519,8.6967501211103,19.9072389382123,0.58860148449223,0.990444444444444,12.875960474
"warble_2",134,186.105263157895,20.8384230244115,189.078333977001,7.61651186054697,2.752423690217,0.854446518518518,6.87032690542155,25.9647305734754,0.561966867565694,0.99,14.463858485
"culi_3",119,188.461538461538,29.5190953181892,171.600311284047,6.86349115169186,2.90519896119882,0.902735235417922,10.2812154462795,22.4304964356099,0.60789367870202,0.990433815350389,12.011249283
"warble_3",143,371.75,97.1484360755197,238.703886107325,8.64998895384019,2.85775552861843,0.874684409762998,7.97985309017625,28.1581031876621,0.575830142091062,0.986420302760463,16.429838515
"culi_4",98,139.052631578947,17.2595413592383,170.193539667523,8.24095054429136,2.47705426154664,0.852796490154905,6.79331628065335,17.6804315127931,0.540255579362337,0.991107158737217,11.039097912
"warble_4",136,283.5,57.3041723831787,236.535353535354,8.66298662857425,2.85187540525287,0.889305820398902,9.03389865306054,26.4471995005563,0.580516130602482,0.986663703045121,15.223756688
"culi_6",85,110.588235294118,12.333840670289,127.106839128199,6.48335682941007,2.48935841619845,0.867884646614068,7.5691429827904,14.8720326230203,0.560331719164703,0.99333185152256,11.402896965
"warble_6",80,128,22.9393285380332,135.850916438158,6.40788918180414,2.10351007828307,0.782280987654321,4.59307613619094,13.8198050240321,0.480031331082865,0.992666666666667,10.500548417
"culi_7",109,140.166666666667,14.1367971566211,150.771379267821,6.63647246942459,2.8185395321479,0.885596444444444,8.7409870711089,20.1332805761529,0.600795251792037,0.992444444444444,12.527333985
"warble_7",128,192.6875,26.1096460075191,188.851781818182,7.16822158466817,2.76566369564873,0.86630296522967,7.47959744745156,24.53937005522,0.570001328354153,0.989768683274021,16.004664174
"culi_8",138,211.928571428571,30.365780794837,193.45796590241,7.06362147096523,3.00465178860517,0.91808420526381,12.2076579153081,23.1319356168863,0.609802535164029,0.994886047804336,14.549076229
"warble_9",123,151.95652173913,12.5292091621539,169.118520357907,6.89166122849781,2.83195670868352,0.869730574448683,7.67639832422589,23.362909085168,0.58849713551017,0.991768631813126,14.658938703
"culi_10",98,173.428571428571,38.5026736749269,143.587216981132,6.28636445736559,2.83362770714937,0.887878630312647,8.91890638500467,17.6804315127931,0.618025693820405,0.992663405958204,11.535380285
"warble_10",178,255.538461538462,26.1068120904551,257.145113277762,8.38835530310229,3.25332705512102,0.906445552086159,10.6889626554256,37.0400963220872,0.627839241748653,0.985742927155268,18.385006895
"culi_11",86,107,11.891704833863,110.453620821533,5.50268159665868,2.73302475423589,0.879309404451138,8.28564972649542,15.0856925941795,0.613563463391056,0.995107849677563,11.677726057
"culi_12",103,151,22.9402203141547,142.682294505494,5.9933111782452,2.91231483012829,0.898246348997817,9.82765719117586,18.7884498250361,0.628367880306358,0.992661774516344,11.720010379
"warble_12",129,300.1,69.4525413619458,245.8102989962,8.41873113889211,2.61785417819995,0.829312607886001,5.85866353463363,24.7739168002157,0.538673915859474,0.986883059137394,14.514681563
"warble_14",114,268,63.3414874300466,231.943931291525,9.00612397279739,2.45776987727857,0.838336767787622,6.18569841957815,21.2752389931109,0.51893304388707,0.987547253724705,13.652944447
"culi_15",116,164.235294117647,20.2397208457891,179.135638277655,7.17577624321337,2.99202144370782,0.904510398475603,10.4723444651145,21.7336448429074,0.629423514316755,0.990884837705647,13.510715937
"warble_15",95,177.333333333333,38.2726564259771,159.627521876519,6.81143395842437,2.5026295772323,0.849500425167966,6.64453704348374,17.0233210881243,0.549560217986636,0.991329479768786,12.015313431
"warble_20",92,123.909090909091,16.5112057392418,124.917277991857,5.86767876105738,2.61408636332866,0.859384197530864,7.11157624136514,16.3700887131792,0.578108931628694,0.994,11.666587455
"culi_21",137,239.214285714286,39.7919709176377,209.268677283818,7.08203607580093,3.01940688115912,0.890583577886274,9.13939590311788,26.695661040812,0.613702964844503,0.987983978638184,13.847182001
"culi_25",118,164.866666666667,20.5163314369294,166.159242934014,6.91426181936073,2.86829208407355,0.884086310212435,8.62710868606373,22.1987668517415,0.601232801968085,0.99154616240267,13.292551122
"culi_27",126,170.4,19.6479087528934,168.915702968654,6.81474819503803,3.08223420473283,0.903831209971383,10.3983839216697,24.0717080997253,0.637314834832632,0.991763134461265,13.744602594
"culi_28",138,283.090909090909,58.2046491660989,227.965944422726,8.59900621613883,2.94407280405509,0.88303169918977,8.54932484333855,26.9332678299155,0.597507859788867,0.987324883255504,15.064591706
"culi_29",112,153,16.769098552149,175.928720159996,8.37424651911919,2.44704747107883,0.818021203595613,5.49514569696259,20.8158713663267,0.518607196446606,0.990664592131585,13.391665452
"culi_30",115,144.333333333333,13.4913382238271,152.398169078365,6.42109455303788,2.75673780311745,0.85441461728395,6.86882145270316,21.5014376292679,0.58098571877115,0.992666666666667,13.116918342
"culi_32",132,230.428571428571,38.5483996595227,221.032149934114,8.14411639375416,2.76525164905887,0.8543339102574,6.86501574777666,25.5006056629148,0.566324764530719,0.988193361550457,14.498612268
"warble_33",109,151,18.7961176771986,154.704068156511,6.4491120664854,2.79172068231583,0.873501661306177,7.9052421583212,20.1342888366395,0.595078589863456,0.991998221827073,12.880699028
"culi_36",88,124.909090909091,18.5469922206328,120.260867117117,5.40347069700321,2.42660460970883,0.824675654320988,5.70371442783435,15.5099088986363,0.541974997695507,0.993555555555556,11.144917258
"culi_38",136,185,18.5722149404101,200.967092424677,7.66709113910578,2.9714438665494,0.895552355608072,9.57417475350243,26.4584855651176,0.604854999111992,0.989089289690492,14.614000889
"culi_39",112,171.5,28.1844688740853,152.068801727296,6.3141700791174,2.89046855088911,0.885590518518518,8.74053432504946,20.8148212910284,0.612582227893118,0.992222222222222,13.424082539
"culi_42",141,222.052631578947,29.7706824928817,230.355019130435,8.34443946482579,3.0067028580842,0.887330169313578,8.87549039443536,27.6620458054767,0.607566930844655,0.987547253724705,15.504007109
"warble_42",140,178.076923076923,14.9494683938278,202.607515109048,8.0907883539976,3.18051528482015,0.914617185185185,11.7119586906204,27.4141822129312,0.643615019627577,0.99,14.359932324
"culi_43",149,329.461538461538,66.3913178659342,288.755324198753,9.71521777869348,3.07130501188776,0.90759460518549,10.8218789823619,29.6394689575447,0.613776572350222,0.984632516703786,15.371447351
"warble_43",109,160,24.1052444484049,143.978241132087,6.02374965852507,2.60561451541843,0.825485799627165,5.73019271706017,20.1352974321669,0.555408505365488,0.992441084926634,12.855519422
"warble_45",152,295,51.7048244733794,271.287557228085,9.00962097578395,2.83445775851258,0.82951325227264,5.86555854534328,30.3771161599063,0.564196888590636,0.9853170189099,16.191706205
"culi_46",124,172.235294117647,20.2398350618958,173.990691865397,7.21255231122919,2.89890163536945,0.894196367576361,9.4514713445375,23.605968210983,0.601396743305302,0.990864527629233,14.111209315
"culi_48",141,231.588235294118,33.7870867150588,230.780957073894,9.07274447872472,2.95030843806766,0.891170579511014,9.188691766499,27.6724876293889,0.596171263795587,0.987527839643653,15.225516032
"warble_49",138,198.882352941176,24.402740744796,189.108277277323,6.96290851764515,2.98924507797777,0.894148343602082,9.44718329433408,26.9332678299155,0.606675699889887,0.989770958416722,14.928728652
"culi_50",142,231.4375,34.0831311222446,216.112834169896,7.77295909934483,2.90905234890114,0.875751279149409,8.04837259614524,27.9060073010037,0.58699634089112,0.987991994663109,14.750325572
"warble_50",167,208.576923076923,15.9940567283474,216.876905824933,7.57854743703147,2.7561839699508,0.855359891908077,6.91371164742544,29.1151658348391,0.538528195025173,0.994771968854283,17.274023067
"culi_51",132,181.4,21.4021411342526,171.073595687329,6.50619509984742,3.08358132434628,0.90684299654943,10.7345659795788,25.4871215922397,0.631518823256492,0.991331406979329,14.811675184
"culi_52",117,177.2,25.1141961908702,185.840152679423,7.56226664991268,2.81855746744787,0.884334406678262,8.64561336938269,21.9698369842419,0.591863612299488,0.990429557088805,13.829598208
"warble_52",101,198.5,45.9490541767583,156.865823147032,6.72675483519991,2.56655928511503,0.848697255634739,6.60926544455724,18.3420151345156,0.556119667026955,0.991109135363414,12.557330672
"warble_53",124,226,40.6988146916637,211.716782882797,8.3693269349989,2.61528746553096,0.834580011655516,6.04521865832514,23.5973769619867,0.542559066298588,0.988431590656285,14.007226025
"culi_54",117,160.9375,19.1232072029339,164.731525640395,6.60663053254715,2.6834830661629,0.848913037619674,6.6187047793226,21.9653452071095,0.563499591343017,0.991549922170336,13.929192291
"warble_54",135,200.045454545455,23.8300751922091,205.706763061386,7.52858827913373,2.55394941032677,0.824109607032267,5.68535883698576,26.2091781460675,0.520653689280135,0.987991994663109,14.20461636
"culi_55",133,183.647058823529,21.044156993265,181.342103610675,7.01238036220343,2.96010745039356,0.883794334084564,8.60543237820875,25.72635068446,0.605295730996188,0.990664592131585,14.728691644
"warble_57",93,130,16.1522994358552,156.530196444969,7.52972303494799,2.27500212636317,0.782702716049383,4.60199033241142,16.5866750419609,0.501919953395328,0.991777777777778,10.928443245
"culi_58",110,218.1,46.6397720287337,204.050352181525,8.14312675455414,2.66112506768831,0.86284367378907,7.29095060815582,20.3650069555146,0.566138960403826,0.989543937708565,12.909804072
"warble_58",138,202.565217391304,23.3809411015574,219.185002263106,8.31247196188737,2.60702864401134,0.832172205431941,5.95848859584741,26.9332678299155,0.52910379911323,0.987769624193907,15.652496085
"culi_59",110,142.217391304348,13.5877091695033,156.514655963303,6.94928700961901,2.48012445623474,0.820452190499764,5.56954720184814,20.3619375214699,0.527632127619074,0.991329479768786,12.98847076
"warble_60",140,191.75,20.419693170411,192.714743969697,7.0820532665255,2.99852654752832,0.880951407407407,8.39993130722842,27.4141822129312,0.606787438485892,0.989777777777778,15.283215797
"culi_61",113,183.909090909091,31.6523018857071,166.817869249519,6.93900471059259,2.73774798491536,0.859836526859516,7.13452640402051,21.0441972867893,0.57912489728018,0.991109135363414,13.274657701
"culi_62",148,180.228571428571,12.2250196876949,208.803636959055,7.75485166607169,2.97831303289173,0.889834558357924,9.0772567612352,29.3821635954496,0.595994900702575,0.98932384341637,15.863695314
"warble_63",113,195,36.8662951481257,164.171358665179,6.81564275289685,2.37589821662558,0.76858017051627,4.32115088076455,21.0441972867893,0.502581617531167,0.9908868637475,13.535343988
"culi_64",134,372.333333333333,96.6529997615629,293.736336082549,9.67213767360097,2.76672984846058,0.875452969871921,8.02909550690727,25.9743801049188,0.564887779401912,0.985310482973514,14.334920859
"culi_65",121,154.055555555556,14.7956810167434,155.749409372279,6.47773744666277,2.79256452614868,0.871221234567901,7.76525537144763,22.8897058567683,0.582294931273151,0.992222222222222,13.297445863
"culi_68",106,142.25,17.827047780291,138.63588107303,6.07788690434899,2.81418791541009,0.877372543209877,8.15478055384853,19.4568765529504,0.603457632579185,0.993333333333333,12.607086209
"warble_68",117,134.652173913043,8.66742768184491,145.590614196675,6.08677075169425,3.0962152115701,0.915526236844771,11.8379951673563,21.966467587533,0.650168442808378,0.993549822064057,12.890524239
"warble_69",117,162.769230769231,20.9969040757592,150.363851579933,6.15168015973497,2.75912634393127,0.8639833963383,7.35204359673024,21.9653452071095,0.57938378179974,0.992217033577941,13.949138885
"warble_73",104,156.5,24.0393183737684,142.857413270925,5.88138946472901,2.57428216786004,0.836963456790123,6.13359422563751,19.0088236271117,0.55427767036921,0.992,12.688018179
"culi_74",102,159.272727272727,26.5144711455365,146.741375144976,6.31046781978642,2.60608755690008,0.846579358024691,6.51802773815102,18.5630986450102,0.563481702944207,0.992,12.909971998
"culi_75",93,167.1,33.8500532579423,160.642079182079,6.97480224510028,2.30035988355524,0.817383685717915,5.47596201320388,16.5874716860482,0.507514481928099,0.991331406979329,12.93072066
"culi_77",152,272.75,40.7234345519383,298.709747604328,10.3495010441156,2.99873518237641,0.904684798190485,10.491505877504,30.3854922084598,0.596896198055139,0.984409799554566,15.569568599
"warble_80",151,253.789473684211,36.2092968976251,244.202189320301,8.82878224638447,2.91281388032585,0.88992058571138,9.08435066140595,30.1363123719494,0.580556392121625,0.985968819599109,15.813794092
"culi_81",163,247,28.5251327495696,260.504313115882,8.54149885370689,3.17876727927629,0.909467182751478,11.0457183416141,33.1707094449894,0.62405244740365,0.985727029438002,15.799495103
"culi_82",125,206.666666666667,32.2631312428689,217.813629690535,8.73154204644628,2.83545670192586,0.879738579882975,8.3152186214574,23.8323872742712,0.587256101445905,0.988876529477197,13.005891949
"culi_83",123,151.95652173913,12.5292091621539,160.315743532896,6.55805253817376,2.74425651458194,0.866831194002625,7.50926609659406,23.3641202368121,0.570272523229123,0.991766800178015,12.745295848
"warble_83",156,221.357142857143,22.2980092872705,245.355710342488,8.97935193836583,3.05131899523697,0.90274058062289,10.2817804836222,31.3785193480239,0.604238812127814,0.98642936596218,16.273294357
"culi_84",122,200.4,31.1911136648996,190.167163691245,7.69790741849768,2.72782380573562,0.870674584962301,7.7324321728138,23.1397665202544,0.567820952559353,0.989077128845297,13.667863148
"warble_84",113,168.647058823529,22.6948138891087,175.765935662782,7.35501019804982,2.42481863440587,0.817545535420901,5.48081956945742,21.0441972867893,0.512929915503811,0.990220048899755,13.191974393
"culi_85",127,730.75,300.07929731983,297.726760370533,9.46599275719962,2.54675477126459,0.835938386614221,6.0952710348433,24.3040285140464,0.525734189413075,0.984427141268076,14.973701773
"warble_85",140,208.055555555556,26.2500662318401,204.590404441981,7.91617960844769,2.87316320469531,0.875228909640053,8.01467709479125,27.4215496554412,0.581418678039074,0.988876529477197,13.460176849
"culi_86",114,224.5,44.7259211730433,215.702665876777,8.99694820895029,2.53234100832049,0.857903349564383,7.03746356395004,21.274159949389,0.534677977688819,0.988439306358382,12.9262814
"culi_87",119,196.214285714286,31.4784224430656,194.759779158313,7.99214256838874,2.55574635173899,0.829499400933608,5.8650820318268,22.4339541211483,0.534773030122104,0.98953695458593,12.709517461
"warble_87",124,179,22.1054358664995,180.063180159975,7.28706421607735,2.5944422088445,0.848236020494901,6.58917882399364,23.5973769619867,0.538234576867265,0.989988876529477,13.27942803
"culi_88",199,290.5,32.3611172628378,263.296803350108,8.27555194489165,3.0587268928225,0.891455852915236,9.21284128953615,36.0352230193826,0.577848243036278,0.993207883309208,17.129358186
"warble_88",97,115.055555555556,9.34426773818265,122.834541978898,5.61723069207232,2.442317187402,0.832693909018376,5.97706870164001,17.4624910020708,0.533873549362677,0.994217081850534,11.996184682
"culi_89",159,276.3,39.7501056807232,290.355694834908,10.1837117024738,2.97606289976389,0.885585703982786,8.74016652472825,32.1384067932541,0.587121551529884,0.984642777654129,16.36101461
"warble_89",133,323.111111111111,79.0608737163431,213.6178721174,7.36169124774,2.70712697434648,0.870129100828561,7.69995438839555,25.72635068446,0.553565175689381,0.986885974661036,14.452383722
"culi_90",166,263.75,32.2686577829946,276.193957955923,9.29438967551562,2.90362352852877,0.875756608871167,8.04871785061836,33.9187374856335,0.568002829572927,0.984646194926569,15.64665402
"warble_90",119,154.285714285714,14.9261924626649,169.466589082902,7.29338358504508,2.76837550016171,0.87003822069015,7.69456993671837,22.4304964356099,0.57926427390963,0.991323692992214,13.801076022
"culi_91",139,200.25,23.3588868861294,198.146012564571,7.62138752219989,2.72992436107965,0.862885346590761,7.29316652258423,27.1785910113952,0.553235136728676,0.988876529477197,15.120934389
"culi_92",149,188.260869565217,15.8161273530517,196.87771605844,7.28612721736627,3.15873320485631,0.908550453594715,10.9349913619933,29.6281019614583,0.63124842109182,0.990438069824327,15.299804446
"culi_93",137,255.461538461538,46.206871054547,222.665289256198,7.90384771675701,2.8551174188126,0.88116951104985,8.41534869405029,26.6942341544987,0.5803106682435,0.98754171301446,14.321444857
"warble_93",176,216.285714285714,15.3065711995792,224.954531126453,7.67041373802522,3.66783045988724,0.950355780673176,20.1433321655573,36.522975197541,0.709378554001341,0.989300044583148,17.19043549
"warble_94",119,229,49.0331942431794,176.763136750763,6.99555185858658,2.60765709222018,0.85295198592204,6.80049986577741,22.4258915959096,0.545635009427726,0.989997777283841,14.031007584
"culi_95",136,167.058823529412,14.318802108087,167.292869735586,6.61288550989546,3.22604088569017,0.917452986348372,12.1143086316882,26.4500181405855,0.656679730354561,0.992661774516344,14.200260853
"warble_95",92,127,15.4671976570893,140.993598856308,6.39852939882095,2.11708837297167,0.776833871721259,4.48096674756561,16.3716570904146,0.468197116450168,0.991996442863495,11.688130784
"culi_96",119,152.066666666667,15.5611810608331,149.490281638295,6.3004966695198,2.64059587227221,0.826406528489056,5.76058529906728,22.4316486108197,0.552527231421886,0.992879394748554,14.330713746
"warble_96",100,114.882352941176,8.21055996658013,116.540512209509,5.12661541186545,2.56107277865898,0.84748187654321,6.55659784775223,18.1197207591038,0.556129887762111,0.994888888888889,12.432456811
"warble_97",102,143.333333333333,19.8035412720448,136.513176268848,6.02567501014957,2.6075429836999,0.854257939557857,6.86143723346756,18.5658394746011,0.56379639166965,0.992884144985546,11.445707795
"culi_99",116,191.25,32.3548031577608,171.522300711628,6.76208355038089,2.65723266295834,0.846422931707985,6.51138878428499,21.7380775070712,0.558994897778492,0.990431686693369,13.609858607
"culi_100",125,278.111111111111,65.3491431568228,209.628835762521,7.73883139859921,2.59565419606631,0.834735264877598,6.05089766585326,23.8311466080977,0.537590210017414,0.988211743772242,13.38032778
"warble_100",130,263,52.413293343147,217.179792192684,8.23370664050271,2.61890517562711,0.844524440340669,6.43187908241745,25.0168346850877,0.538035262468864,0.987316421895861,14.269663643
"warble_101",109,138.333333333333,13.4912660147524,141.233395176252,5.89030828036865,2.64075114064581,0.864925689022204,7.40333223068883,20.1352974321669,0.562898170619364,0.992663405958204,13.013390445
"culi_103",156,268,39.5781235115628,259.334637887401,8.92372216163091,3.16779498641465,0.917547167723324,12.1281461459618,31.388984962608,0.627304022504203,0.985742927155268,14.38869331
"warble_103",142,317.230769230769,64.7147071285949,287.277134130601,10.4163015671979,2.78639604386467,0.875412820372915,8.02650804836584,27.9165629679852,0.562246424558115,0.984855233853007,13.638008664
"warble_104",124,167,17.1812590456643,184.82803499978,7.39657613171515,2.67965767388585,0.851526126625914,6.73519170258634,23.5937011948047,0.555913101219328,0.990217874610938,13.642831615
"culi_105",119,164,17.8021999283474,183.804684847086,7.25989658956542,2.78766255920554,0.873730502589347,7.91956902107404,22.4339541211483,0.58329996352335,0.989982190560997,13.072713199
"culi_106",141,235.714285714286,37.3237030470608,216.477517270271,8.16854401721607,3.25176239118547,0.921556460744077,12.7480224564764,27.6605561512137,0.657086313180772,0.988439306358382,14.848256889
"warble_106",131,268.75,54.0203617052211,247.243878079554,9.66601748962407,2.74871041126813,0.872268300176889,7.82891014043382,25.2590813452428,0.56381521178373,0.98708528167446,14.608221957
"culi_107",137,239.666666666667,39.049198741956,229.336930663373,8.37174122578453,2.89839180867034,0.880506469135802,8.36865387412883,26.6871069968967,0.589106310037673,0.987555555555556,13.899324526
"warble_107",108,136.636363636364,12.5666775335034,150.768938496084,6.48655311137852,2.70227082902794,0.877550913580247,8.16665954184435,19.9072389382123,0.57714547028783,0.992,12.150832252
"culi_108",148,303.545454545455,61.8291987550256,237.099620737086,8.32091732485872,3.19713140589515,0.917791588973535,12.1642054324353,29.3837695706906,0.639782989143852,0.986874304783092,15.388017237
"warble_108",92,222,64.8692378405822,167.750524109015,7.61024622377568,2.38880854479209,0.823583111111111,5.6683915372174,16.3700887131792,0.528288420408865,0.991111111111111,11.403640367
"culi_109",152,290.666666666667,50.3637292880544,267.306416403815,9.38132496901863,3.13024738944548,0.907756560558574,10.8408793737032,30.3771161599063,0.623073613406353,0.985539488320356,15.56809161
"warble_109",103,127.166666666667,11.63406942039,137.395695944204,6.15892969582262,2.80239713097219,0.889066172839506,9.01438294879385,18.7856689621353,0.604651779659429,0.993333333333333,13.168586256
"warble_110",128,250.769230769231,47.6353511963737,217.815468744501,8.28601582471798,2.54850285698087,0.843495240181056,6.38958202393891,24.5355143489162,0.525244633351093,0.987330517892865,14.033553855
"culi_111",128,180.105263157895,20.8383568021869,189.140547403318,7.3953754276407,2.78912569691017,0.870819039620826,7.74107884834406,24.53937005522,0.57483683019261,0.989991103202847,13.975981989
"warble_111",105,142.4,17.1442712138977,148.428562979258,6.43529101446505,2.67170242761684,0.853820223614435,6.84089157013341,19.2335138202039,0.574070732580781,0.992442765058902,12.059814656
"warble_112",107,151.4,19.6475791930998,156.474239272179,7.00241269808415,2.7110535258315,0.877146639141019,8.13978545648305,19.6827509502626,0.580173942139202,0.991775950211158,12.631340503
"culi_113",113,148.428571428571,16.7508099748309,150.101517053581,6.25731326952538,3.16705643495198,0.927846984885988,13.8594346808634,21.0537907411997,0.669937935368,0.992873051224944,12.524130266
"culi_114",170,244.25,27.2841323091575,236.267934722526,7.96293931680933,3.74747731690154,0.960591614950754,25.3753103241953,34.9498686687798,0.729677646588853,0.987758735811262,15.113028584
"warble_114",133,215.5,34.9413039478742,187.671714820511,7.06756115067608,3.11415869150623,0.91228342975812,11.4003545423913,25.7277126081995,0.636796803225092,0.989995553579369,13.978201103
"culi_115",123,233.5,44.7261695158553,208.601755735554,7.61511636036619,2.71830997318437,0.858040320801718,7.04425373209846,23.3653317961297,0.564880680464703,0.988426441130648,13.99591269
"culi_116",138,199.25,23.3588769090067,212.673060922372,8.30274048354941,2.97649905188163,0.897304592592593,9.73753379284875,26.9289451703409,0.604088858028155,0.988888888888889,14.598827853
"culi_117",118,153,15.7132319545393,155.745613069567,6.62024520276422,2.87372850597339,0.886941105784677,8.84494764379595,22.1953562880604,0.602372349502197,0.992218763895064,13.601263994
"warble_117",118,212.230769230769,38.069056752299,193.615903197311,7.76185813837429,2.62855121428748,0.856532847660568,6.97023662694634,22.1953562880604,0.550979874210798,0.988883948421521,14.389294596
"culi_118",144,199,22.105671290585,196.548135952673,7.29378725990355,3.44620510144826,0.944659487753448,18.0699447729146,28.3970147694624,0.693427477797258,0.989991103202847,14.772880235
"warble_118",109,140.166666666667,14.1367971566211,149.283076838894,6.53695572595052,2.66675494640559,0.86173550617284,7.23251481504763,20.1332805761529,0.568441099093776,0.992444444444444,12.763666988
"culi_119",138,189.25,21.6273016347522,184.707858726697,7.15417701407531,3.14834841826678,0.908809465495466,10.9660504287348,26.9332678299155,0.638966170495915,0.990882810762731,14.274895704
"warble_119",125,266,63.2935436053636,186.760981360769,7.26898756368577,2.98827280793991,0.911678905702089,11.3223234828472,23.8336283586221,0.618906096522536,0.98931909212283,13.897013279
"culi_120",130,142,6.44459747538342,147.506046024806,5.90755381247093,3.33747884871083,0.931484444444444,14.5952257394914,25.0089381026301,0.685661063662005,0.994444444444444,14.164008473
"warble_120",83,104.428571428571,11.3309703932726,109.907286214895,5.38969383460192,2.40729131771239,0.84048107262237,6.26884857138423,14.4528399614531,0.544778943477837,0.994437027147308,10.689412278
"culi_121",141,186,17.8023906157824,193.332145694359,7.46743174039129,2.8204023656734,0.869696209683743,7.67437384264054,27.6680095067081,0.569921036410978,0.989984420209214,15.512652283
"warble_121",186,251.357142857143,22.2981509879435,255.766309660922,8.26064951399183,3.71007777429917,0.956629224966611,23.0570009235517,39.1668575129738,0.709961275574605,0.986393040374749,16.872694621
"culi_122",131,164.157894736842,14.6153909824901,169.069188198466,6.83253435516418,3.09417674972522,0.90326128167703,10.3371226881612,25.2524158021195,0.634677233473191,0.991992882562278,14.71770463
"warble_122",125,164,16.5805247889466,165.83136714397,6.66235935713612,2.68763029224619,0.863839589751515,7.344278694336,23.8274271162101,0.556639530584406,0.991331406979329,14.662339197
"culi_123",122,232.076923076923,43.4112495330659,227.867234042553,8.94749205388701,2.78830441551913,0.880014739646311,8.33435704562568,23.1265939623055,0.580410533083739,0.987991994663109,13.583188874
"warble_123",132,236.117647058824,37.9344075328852,252.580496343511,9.59744728786459,2.93181490478403,0.906140093685233,10.6541764131578,25.488467944211,0.600436993198994,0.986660738105825,14.632422209
"culi_125",108,156.235294117647,20.2395949321053,174.540760749873,7.67900695334054,2.57273178326657,0.840772903775101,6.28033810644614,19.9102233431069,0.549478786148152,0.990882810762731,12.833622004
"warble_125",96,110.4375,8.14570965849975,115.790322580645,5.60503720790553,2.68192869761834,0.861397319233372,7.21486766683645,17.2409212972211,0.58758196901623,0.995110024449878,12.350199286
"culi_126",111,171.2,25.1140793762775,178.56043188069,7.27916923243189,2.64824271828408,0.834564061332737,6.04463581526428,20.5881099343574,0.562315688631986,0.99044232051567,13.08111267
"warble_126",152,201.136363636364,19.0737772532291,205.059421957778,7.38437846344992,3.38387082792802,0.939356344882054,16.4897712391362,30.5301293226433,0.673557186299884,0.989330306469921,15.048404872
"culi_127",135,172.434782608696,15.2451723102992,181.774609797862,7.12628780621607,3.03331362578576,0.903391932951595,10.3511024550254,26.2133622698827,0.618377922296822,0.990654205607477,14.558294015
"warble_127",149,185.12,14.5072407267124,189.76076061215,6.94487429303187,3.53016020237147,0.947083965186753,18.8978634459146,29.6720973349347,0.705475236250456,0.990380313199105,14.151022037
"culi_128",116,163.571428571429,21.1903535489096,157.75065518989,6.46828218986836,2.6960272392194,0.842828641975309,6.36248240498693,21.7314307329092,0.567156008581363,0.991777777777778,12.288095706
"culi_129",135,216.666666666667,32.2633062576399,202.641933884269,7.65485229913209,2.87020933126395,0.862180698129776,7.25587770674995,26.2147579256058,0.585127125575148,0.988871578010238,15.306268184
"culi_133",122,145.882352941176,11.7017462289768,146.016438616063,5.8959359286055,3.1557965562319,0.913610333655096,11.5754585277315,23.1265939623055,0.656907313029294,0.993551256393151,14.210476572
"culi_134",130,265.125,60.9802995353839,193.858214478262,7.4166260671708,3.12409605517452,0.915222491117087,11.7955813184025,25.0194704432534,0.641823100991533,0.98953695458593,13.79258918
"culi_135",86,111,13.0130773984729,117.472135107504,5.65233095135993,2.17454375356226,0.762258474987575,4.2062487819397,15.0856925941795,0.488184600107684,0.994218367800756,10.758288455
"warble_135",208,408.176470588235,66.127604605236,328.876679014796,9.69342098268331,3.87849266829777,0.962241648055236,26.4842067647149,45.1846180098352,0.726644496092252,0.981410974244121,20.397659589
"culi_136",109,146.058823529412,16.4318817527426,148.560671088568,6.11255249532135,2.88077265162658,0.90335053868987,10.346669153087,20.1393351685429,0.614060761202332,0.991989319092123,12.087362758
"warble_136",183,222.260869565217,15.816306626316,218.70762770684,7.30122664182861,3.60076220923571,0.928400083637966,13.9664967615836,38.3840408214887,0.691193354506132,0.990395354031718,18.703895206
"culi_137",75,126,24.103907571712,155.177025409528,7.82935252591049,2.14677162101808,0.784674469135802,4.64413112549428,12.7846203392255,0.497226990454811,0.992444444444444,10.28887787
"warble_137",191,216.875,10.0850010812385,231.656517357667,7.61801588634506,3.65227298321507,0.941656083886708,17.1397476655183,40.4985830097932,0.69536992566158,0.98974358974359,18.82007813
"culi_138",150,206.4,21.8670369160609,206.409537408802,7.62129158955479,2.7704128219619,0.88038928038842,8.36045467536157,25.573882197375,0.552906499745873,0.994661921708185,14.432424078
"culi_139",155,183.21875,11.3208054620082,199.625154018497,7.30709925306561,3.29023250941471,0.920070514196144,12.5110275631444,31.1516281502778,0.652380561451567,0.990403927694711,13.777501964
"warble_139",96,105.714285714286,6.29053680182534,106.187566192697,4.90858825550024,2.65949432780363,0.86423812345679,7.36583807960052,17.240086445881,0.582666837901421,0.996222222222222,11.350066078
"culi_140",111,142.230769230769,15.4848423248623,135.780128368576,5.69415102559974,2.92759805434717,0.900324872525152,10.0325931386678,20.59018309417,0.621632716896343,0.993551256393151,12.60878609
"warble_140",182,297.625,37.0407105973852,304.75640351922,9.72542845939266,3.27114521582296,0.914801224735559,11.7372579229712,38.0949561600262,0.628582054659202,0.983288770053476,18.07127465
"culi_141",131,151.777777777778,9.407605299986,165.879970600725,6.68915660773552,3.09476037127015,0.906090803529591,10.6485843515347,25.2524158021195,0.634796945867633,0.992437722419929,12.8563406
"warble_141",181,283.24,33.0523694053011,300.404791929382,9.58350015787041,3.42446463189607,0.934469417661961,15.260050564506,37.8178527951689,0.658741288356996,0.983978638184246,18.013790294
"culi_142",205,309.516129032258,31.4905622040024,327.151771998894,9.9336715867389,3.36248274618509,0.915022345581615,11.7677995096985,44.3132230064791,0.631688228908664,0.981923677750502,19.755906912
"culi_143",180,213.444444444444,13.4111621905962,218.373230471325,7.43020528453067,3.64670267870377,0.941199201028232,17.0065716365544,37.5458359435934,0.702240127044119,0.990440195642508,17.48338335
"culi_144",90,109.714285714286,10.6333424356165,120.355753311258,5.65590744327937,2.96481144733544,0.904907555555556,10.5160825956496,15.938759669697,0.658874855726472,0.994666666666667,11.285959565
"warble_144",158,296,48.0862374878544,265.422030510382,8.64074922760776,2.83439095437878,0.864549459111679,7.38276859908961,31.8839973976816,0.559869184852433,0.984646194926569,16.449806368
"culi_145",139,274.071428571429,50.4089728678035,259.930251693273,9.29161840428235,3.04180009755407,0.909132190420664,11.0049973101521,27.1975953931757,0.61643857861545,0.986166889781348,13.320895158
"warble_145",210,420.78947368421,66.504361188364,354.338325515023,10.4508551021506,3.29857347814233,0.903342720792971,10.3458322870656,45.6857247755085,0.616889310565207,0.97992863514719,19.390587618
"culi_146",115,214,43.2609832901848,173.569825074971,7.21752051600862,2.68601115964129,0.869290102397562,7.65053005428527,21.5178644369168,0.56607999587295,0.989966555183946,12.241542201
"culi_147",99,235.666666666667,67.793461676907,173.484942636046,7.04851039976212,2.46454797913667,0.816479233845691,5.44897463625002,17.904164915666,0.536340304391512,0.990876724521584,12.00478308
"warble_147",181,299.1875,43.0391076779635,259.97505334294,8.36843080290917,3.55348726233932,0.934800875113103,15.3376291742371,37.8332664068917,0.683560506232327,0.986182304435035,17.979559477
"culi_148",136,278.583333333333,55.6507293195097,225.30538410829,8.5246796902287,2.62937419984606,0.837269342651147,6.14512358206884,26.4528386965251,0.535224692351273,0.986874304783092,13.891079928
"warble_148",88,105.105263157895,8.86017849954195,117.650163532223,6.17345997717403,2.40328563048272,0.816650578556336,5.45406684202307,15.5121130820953,0.536766772316815,0.994218367800756,10.617336482
"warble_149",195,331.5,43.7342141115765,310.012053686548,9.72018915404308,3.32099122122098,0.918527322823926,12.2740535190571,41.54884334403,0.629810638961166,0.982651245551601,18.482983065
"culi_150",122,195.928571428571,30.3654766587323,199.122849372731,8.27328673945751,2.96674849533556,0.893204938271605,9.3637288449089,23.123009894185,0.617555266246817,0.989777777777778,13.670472592
"warble_150",191,321.535714285714,38.9759918291191,339.812278829196,10.7416845489615,3.09393261230345,0.885271867369664,8.71625796631837,40.4841845810611,0.589065412280738,0.980850590069027,17.535618499
"culi_151",149,185.964285714286,14.3340184143178,207.407413654167,7.65617490922865,3.40824088066503,0.933691723485071,15.0810736239669,29.6378434274011,0.681110601969392,0.989757292362503,14.626006503
"warble_151",174,312.1875,49.133472067314,270.095021257199,9.23136415965408,3.18739019221043,0.902020969621769,10.2062655257934,35.9909822321913,0.617824389805574,0.985081273658428,18.380810285
"culi_152",141,232.071428571429,36.117457302985,207.443891526662,7.66009357029226,3.29735202795876,0.933756137144904,15.0957380336868,27.6904461205297,0.666298648752342,0.988610987047789,13.917118924
"warble_152",202,313.130434782609,36.3375345755993,288.354408694935,8.8817023654969,3.53460929985161,0.934608158308312,15.2924275281133,43.4744403901242,0.665868697914776,0.98395364386004,18.79726974
"culi_153",144,201.954545454545,21.7333378675611,220.762991390529,8.32463671773076,3.10805634597535,0.908300652863689,10.905203049194,28.4139798874187,0.625386942853672,0.988628762541806,14.083369908
"warble_153",208,314.636363636364,35.6205767308823,291.351628955913,8.88993084420145,3.7552457656725,0.943564399102697,17.7193116419497,45.1211112012643,0.703553906238854,0.984625668449198,19.782436723
"culi_154",96,127.230769230769,15.4845111146512,128.579913292717,5.74323307198396,2.63880455039918,0.859091862575749,7.09682221537826,17.2417564227936,0.578133928373806,0.993552690084482,12.213839615
"warble_154",98,133.2,16.3439072247133,142.23828125,6.37451948321356,2.58096291369356,0.847099203031723,6.54018827781178,17.6838782882874,0.562918477764626,0.992656875834446,12.029385307
"culi_156",90,108.071428571429,9.95478382353319,112.335533476342,5.42465237401097,2.07705547718575,0.726854838502405,3.66105697980231,15.9402781605823,0.461587406880991,0.9948866162739,11.1893566
"culi_157",105,149.4,19.6475396260482,163.839714084914,7.19833352537684,2.40662295041463,0.814899950617284,5.40248370184052,19.2325602675875,0.517112903708597,0.991777777777778,12.464564026
"warble_157",201,316.625,37.0408213869241,304.54477408621,9.32200259994765,3.53686342623683,0.934637276785714,15.2992401605054,43.2194000301663,0.666916854217092,0.983258928571429,19.223596037
"warble_158",180,364.5,60.4251205615721,308.07264386707,9.3731825134357,3.09366863642846,0.903592249190935,10.3726099987593,37.5458359435934,0.595743181632276,0.981769675411294,18.219784645
"culi_159",129,162.47619047619,14.3329898657876,172.951670439113,7.1991833546576,3.05323425499276,0.902386286097451,10.2444621766808,24.7960855551804,0.628261751884185,0.991519750055791,14.35176993
"warble_159",160,345.769230769231,68.0886138104977,262.733633196298,8.68345125824351,2.83512973188692,0.869900410159697,7.68641931329295,32.3897207902442,0.558627119996736,0.984423676012461,16.28262462
"culi_161",131,149.206896551724,8.4071431573892,167.868364243419,6.85882118462996,3.11312785530803,0.913028318450485,11.4979954645429,25.2537480078845,0.638564482404149,0.99265850945495,13.918642696
"warble_161",106,150.4,19.6475595411233,161.26508894558,7.35083504388658,2.6464900941774,0.865646032889278,7.44302547594959,19.4588111082586,0.56749751433846,0.991774121831925,13.059720415
"warble_162",153,207.666666666667,23.2246291706657,190.864199278422,6.9163884834465,3.27728276852359,0.904316047336244,10.4510732694553,30.6674628898474,0.651490550074501,0.990829791992843,13.212872257
"warble_164",134,223.4375,34.0830109297752,224.733508231201,8.00112976016926,3.10798838716914,0.908115364690472,10.8832123742054,25.9868204007698,0.634563096000055,0.987957181088314,13.681778425
"warble_170",210,275.357142857143,22.2982421169901,274.572835370743,8.51685559338738,3.83246211052356,0.933179070397744,14.9653709691318,45.7277840922534,0.716735560021424,0.986350413962855,18.811035047
"culi_172",79,131.8,25.532405349154,145.27105,7.39304523452057,2.1622117795301,0.782455948458366,4.5967701387993,13.6145845353389,0.49484782804063,0.99265850945495,9.772659107
"warble_173",215,345.565217391304,41.5328546006175,317.165544027307,9.94901249876158,3.63352291813916,0.938600785534462,16.2868533205955,47.0632234614796,0.676553306908658,0.982624192470483,20.542961264
"culi_174",66,89.75,14.2854526069255,90.7146628377418,5.01743371924186,2.36009655772902,0.844202284657516,6.41857935979188,10.9650899480624,0.563315285637954,0.995553579368608,8.520324292
"culi_177",85,168.25,40.1313573032627,148.051497113997,7.16591060670818,2.25242926615246,0.816973786341042,5.46369823211964,14.8755266001578,0.507001143261439,0.991766800178015,10.469401441
"culi_178",77,135.666666666667,28.7820301074987,142.681424934447,7.40793528134775,2.32169002081053,0.834041551197795,6.02560464512316,13.1979112116059,0.534482969501835,0.992663405958204,9.559774915
"warble_178",217,326.615384615385,34.5649332795436,309.202843838801,9.14925304193352,3.72923323258852,0.943443359356382,17.6813896408971,47.6259363684584,0.693179253714636,0.983065953654189,19.534489257
"warble_180",197,272,22.9554339990994,301.971638922631,9.88435787098031,3.14918690605793,0.890944777278923,9.16966629427398,42.1100950914524,0.596075235359168,0.983288770053476,19.498280941
"warble_181",205,305.896551724138,31.2341645665144,314.461592975198,9.71167936289659,3.44194445270121,0.92301784379361,12.9900232635599,44.2997691269274,0.646616193881029,0.982835488185466,19.335003277
"culi_183",94,119.2,12.6002943042934,132.035555295038,6.65846352563397,2.63750713678312,0.865139208512442,7.41505361914075,16.8063007111972,0.580527406470711,0.993773626862353,11.551249956
"warble_185",181,208.857142857143,11.5833043734148,210.908757710789,6.98204034551628,3.46995486606408,0.922699576373146,12.9365397119584,37.8134558619369,0.667491939534522,0.991103202846975,19.460395348
"culi_187",99,288.428571428571,85.9920733759425,203.962379575011,7.50326731136871,2.17048191447253,0.811034782523701,5.29197919784061,17.9182071742522,0.47234500628073,0.988387673068334,8.988412146
"warble_187",182,297.625,37.0407105973852,312.768736394081,10.0492108974856,3.26411193270743,0.919817143540592,12.4714938349227,38.0971796821988,0.627230541577369,0.983285045687542,18.600614715
"warble_188",189,254,21.3763208614846,272.503193823582,9.07512837762254,3.46791494593453,0.933776811931621,15.1004509019928,39.9957935144515,0.661595253637983,0.985461865354507,17.666282995
"warble_189",164,425.769230769231,92.0258292101802,337.010743841442,10.490227837601,2.78820261860192,0.860822118937902,7.18504975337153,33.4146402226796,0.546720714760263,0.981514476614699,17.214783571
"warble_191",207,353.052631578947,48.6055695465726,300.633004690742,9.05595002738659,3.49295420989279,0.918141278591896,12.2161693072938,44.8423519237384,0.655004388062615,0.98329249276008,19.289445732
"culi_192",203,235.809523809524,11.8588971677292,258.148637904303,8.29358116354549,3.51908891058796,0.926096121796316,13.5310896302888,43.7933040798288,0.662328719132891,0.988143176733781,20.044622872
"warble_192",93,163.125,34.6907264143372,143.901169246848,6.8997881638838,2.5617207713928,0.856438237404337,6.96564309269778,16.6026576750894,0.565176953150708,0.992410714285714,7.481248643
"culi_196",176,363.714285714286,66.9463888956135,297.332997323992,9.69726720360068,3.27916282703357,0.921589476242677,12.7533901328725,36.5145402649739,0.634208099315348,0.983741648106904,16.831226549
"warble_197",207,290.025,24.3192868017865,313.037774043567,9.57979482435957,3.15811491646466,0.883650701001419,8.59480898129175,44.831449186039,0.592214785533603,0.981749387936791,19.176869323
"culi_199",105,159,29.0277552750121,129.857181739747,5.64239991248435,2.9703467515783,0.912833747271988,11.4723298146169,19.2622680482647,0.638240665603814,0.993734616245245,10.327299746
"culi_200",76,134.125,29.6244579416217,138.324323710966,6.7999451598821,2.34301409275781,0.844066231610995,6.41297911498759,12.9938883156614,0.54102017110176,0.993101913662661,9.947029663
"warble_200",232,374.8,43.551969842637,332.152503966964,9.68559499196172,3.5672885787405,0.932281452363728,14.7670030575844,51.9379698420919,0.654940441464532,0.980988593155893,20.61099815
"culi_201",82,94.6666666666667,7.51170789639607,103.878752840409,5.35409520668143,2.58008137125456,0.842550878556203,6.35125804977552,14.2404696413458,0.585488030093205,0.995552590615966,10.388426184
"culi_202",122,155,15.2611949093275,153.099044800727,6.1912514989535,2.40612086306352,0.76743491627647,4.29987160578578,23.1505804337941,0.500855604223757,0.992628992628993,12.644707664
"warble_202",167,197.75,12.4723748225794,204.020722811671,7.0914476178004,3.4748278791915,0.937639522841471,16.0357977611022,34.1733530292393,0.67894335291325,0.990656284760845,17.187782055
"warble_221",121,200.6875,30.9775045844164,202.000927756228,8.51832288487646,2.53174131525994,0.832154377438286,5.95785570536589,22.8956074847929,0.52790906758521,0.988654060066741,13.524684138
"warble_222",176,343.571428571429,60.6736330079608,273.383773511901,8.92147127639698,2.87446541074522,0.840371726875188,6.26455439518605,36.5208653557555,0.555937396480426,0.984622242032538,16.958736328
"warble_224",138,339,77.3774443864499,275.568053961425,10.0394165190908,2.51957182234939,0.798027170850167,4.95116102601182,26.9347096971326,0.511354191065768,0.985097864768683,14.784785352
"warble_225",186,229.976744186047,14.6532690512182,256.454580873167,8.44058831289695,3.47585665549004,0.942382448677432,17.3558226103982,39.2107989669609,0.665140672236268,0.986111111111111,16.908694661
"warble_227",150,288.666666666667,50.3636984741839,257.280797243324,8.98784338642295,2.87157983418791,0.882035907070797,8.47715584606038,29.8745141516291,0.573096955903242,0.985549132947977,15.712243489
"warble_228",175,276.076923076923,32.3484015729493,292.299355924211,10.0079849155375,3.06322131741965,0.891269668214069,9.19706565384906,36.2577336585308,0.593097435767047,0.98373440285205,17.78992379
"warble_229",161,323.75,62.4041702833232,250.311556365108,8.21571799920196,3.35489745104962,0.928022678458936,13.8932649699877,32.6506529767084,0.66023036351288,0.985968819599109,16.68552373
"warble_230",161,217,21.4363153783361,215.482223829772,7.64430711586016,3.07888526740513,0.882228059603985,8.4909868737616,32.6414951160939,0.605912272721587,0.989098998887653,15.949188185
"warble_232",180,360.461538461538,66.3918553799774,277.654915784701,9.04212243341053,3.43459251167997,0.933829387775204,15.1124489615236,37.5676446571148,0.661394386724241,0.984625668449198,17.542182089
"warble_234",169,360.153846153846,69.8064791521721,263.91850344844,8.77858058921802,3.03385451384806,0.905361478362934,10.5665217788899,34.735457789157,0.59140631861258,0.984119883694923,15.436583611
"warble_236",149,176.823529411765,11.0423794852542,202.504770132212,7.66070269411883,3.14447271055567,0.913123546014157,11.5105987194522,29.6394689575447,0.628398571507363,0.990200445434298,16.244765578
"warble_240",111,146.285714285714,14.9261116497885,161.301522550991,6.99802844672032,2.13072021596115,0.705841760991992,3.39953082181994,20.6319384486803,0.452427338796429,0.991249719542293,10.313850619
"warble_243",164,342.875,78.0484369147393,231.350098673016,7.7472337919719,3.42327563915455,0.926647647686561,13.632827966129,33.462012428271,0.671248097886959,0.987905935050392,14.237443278
"warble_245",161,202.045454545455,16.5703299806531,200.108511962273,7.04243791731053,3.09901277161374,0.886706402090484,8.82662408513736,32.6524864536559,0.609873284828262,0.990421029182446,16.190843891
"warble_247",119,266.333333333333,63.1864848430624,210.952543268596,8.22471501483775,2.39774499741128,0.749998933785219,3.99998294063625,22.4967940078191,0.50171229114864,0.988283010365029,11.917213263
"warble_250",142,256.230769230769,44.7989841064785,223.554542106295,8.10296794059125,3.14548492888286,0.913517909545688,11.5630877415977,27.9045014071752,0.634704337403845,0.987772343263673,14.783228597
"warble_251",147,210.588235294118,25.2778438458668,193.562330623306,7.03709776686945,2.91542194974694,0.861446844277045,7.21744658057126,29.267270529982,0.584202250817059,0.989352061622111,11.739357971
"warble_257",172,231.181818181818,19.6989925084494,252.118166122447,9.0875168597946,2.962413472348,0.884107420102083,8.62868011809592,35.4734844971505,0.575505905968815,0.985968819599109,15.820477799
"warble_262",157,240.181818181818,29.0619513192945,243.9615231459,8.5771170838033,2.93721823936678,0.876534248686731,8.09941209900959,31.6266021608817,0.580908909978209,0.986435401378697,16.919743669
"warble_263",150,213.75,24.121705563171,204.565337142857,7.33125076197509,2.70876284804108,0.838978831013669,6.21036355837715,29.8859951671172,0.540602675918693,0.988643954575818,15.484929401
"warble_265",172,237.807692307692,22.9040596807588,243.521206301047,8.47157990226671,3.0576406451435,0.854040323936967,6.85120731268375,35.4999679046153,0.594005619416677,0.986821532276078,16.838483075
"warble_269",110,218.1,46.6397720287337,175.789407953425,7.14333955970246,2.06494751019235,0.741077255619365,3.86215588125363,20.3619375214699,0.439305634636819,0.989550911516229,13.075796791
"warble_272",160,336.647058823529,59.3700289208906,328.01215359376,11.2121397124759,2.84817030439359,0.875674298760055,8.04338917879924,32.4315856195613,0.561196602931001,0.982554238425408,16.42282672
"warble_280",116,141.869565217391,11.5076738440102,150.402800076276,6.57087604399518,2.4515551199024,0.803077350270292,5.07813601621031,21.7469606601412,0.515727065511261,0.992197949175212,13.56560403
"warble_282",161,320.75,55.6095299256174,290.023979932724,9.2952116603712,2.98744387160845,0.893660150495285,9.40381244338383,32.6506529767084,0.587916972755539,0.983964365256125,16.568787056
"warble_283",179,232.636363636364,18.2537575680235,259.287342953418,8.83611544321968,3.19950850577338,0.904895299890444,10.5147274408946,37.3068704906707,0.616786301526076,0.986628036550033,18.294424539
"warble_286",163,212.214285714286,17.858338398706,224.633878699665,7.95083192925547,3.0407808492667,0.889457944058982,9.04633075156097,33.1669654493158,0.596963087978892,0.988185465893892,17.31907898
"warble_292",135,331.666666666667,81.4689454089319,237.611954744184,8.20123592136118,2.65777702671453,0.838389375023891,6.18771197839145,26.2133622698827,0.54182021329305,0.986648865153538,15.61940056
"warble_293",127,166,16.3468674461257,170.613556500427,6.78233049923223,2.52411214801995,0.823701124151455,5.67218591262646,24.307843741115,0.521060005109183,0.991095280498664,15.367074538
"warble_296",82,100.071428571429,9.9546180560585,104.824567846976,5.33434920002377,2.19504372610876,0.795692787970144,4.89458981924666,14.2437871849807,0.498112905075917,0.994879786286732,10.510414193
"warble_307",158,180.777777777778,9.41657817142795,195.417612962688,7.03470803442026,2.91853633328396,0.862826469376082,7.29003617134891,31.9394082759348,0.57649018225717,0.990813354246023,14.915062879
"warble_308",128,258.666666666667,56.910303284857,195.975968992248,7.73283605074427,2.57220475921233,0.809248246239458,5.24241575915122,24.5432296699968,0.530129578609517,0.989094146450033,14.476959493
"warble_310",137,163.714285714286,12.0654760211988,163.626821593914,6.27955308161172,2.8351811665204,0.852202355171237,6.7660076800181,26.7880043979968,0.576258568734834,0.992325056433409,13.665131407
"warble_315",155,181.90625,10.929292390271,201.885606907882,7.65602227015479,2.85728768324396,0.877934263931793,8.19230713065319,26.6075920366633,0.566537148268263,0.995327102803738,16.399761606
"warble_318",139,195.894736842105,22.3543581574545,195.491090010406,7.16974965266452,2.85046136467231,0.872762720324243,7.85933181335164,27.1844295385893,0.577662665422943,0.989534624805166,13.315905056
"warble_319",107,255.5,61.3647099894877,250.701599646999,9.66162143425251,2.18795228480088,0.732940980305449,3.74449064159581,19.690608734229,0.468228638863214,0.987753284346471,11.951287036
"warble_324",93,120,13.8157960470688,116.726119218619,5.35531961842593,2.40787233284727,0.833786036570029,6.01634170417529,16.5874716860482,0.531234303071448,0.993998666370305,11.291308835
"warble_325",143,196,19.1090957499932,221.139635326733,8.10175240551127,2.84728844561974,0.874369140787637,7.95982775465723,28.1687914775455,0.573721052692037,0.987959866220736,14.442499721
"warble_326",138,173.689655172414,13.8314858380019,192.135771497637,7.37461730020064,2.72940688142982,0.842368490808141,6.3439093181736,26.9390382448861,0.55394080675242,0.989761851769419,15.462500092
"culi_416",171,309.055555555556,47.1904797228263,296.594412386246,9.96705741137662,3.51788173229458,0.94678365536091,18.7912192538203,35.2164405431333,0.684191350452232,0.984183559812876,14.767154623
