"Taxa"	"jarjarbinks14"	"jarjarbinks15"	"jarjarbinks21"	"jarjarbinks29"	"jarjarbinks32"	"jarjarbinks44"	"jarjarbinks49"	"jarjarbinks68"
"Metabolism|Global and overview maps|Metabolic pathways"	0.143862307808183	0.143412795016415	0.150005938491263	0.146822975467705	0.145060511423012	0.143052574323235	0.14223467460866	0.146297987525578
"Metabolism|Global and overview maps|Biosynthesis of secondary metabolites"	0.0594941457467579	0.0601441153734405	0.063041283366545	0.0622637256564689	0.0604051402580578	0.0599466735596608	0.0583021315304381	0.0616162586688394
"Environmental Information Processing|Membrane transport|ABC transporters"	0.0581635265320223	0.0631115428112586	0.0496179414284994	0.0576803992952666	0.056459795891059	0.03988804405322	0.0674155291706923	0.0538449823468962
"Metabolism|Global and overview maps|Microbial metabolism in diverse environments"	0.0493240036946613	0.0502906721912357	0.0519634548664239	0.0508523382502164	0.0515831851247181	0.0462503324494768	0.0511130116775838	0.0500398316347895
"Metabolism|Global and overview maps|Biosynthesis of antibiotics"	0.0479929112595395	0.0478957652824882	0.0509728811466839	0.0488987875971713	0.0480971386115347	0.0474135329529159	0.0471111134840416	0.0490243566779605
"Environmental Information Processing|Signal transduction|Two-component system"	0.0559485774884715	0.0535617129445955	0.0382744322561606	0.0409638983154641	0.0438373177156298	0.0579375623074039	0.0465782178111106	0.0441466657890875
"Metabolism|Global and overview maps|Biosynthesis of amino acids"	0.0299570767573341	0.0303102967232511	0.0310357841920888	0.0304315997935996	0.028945884666072	0.027378862835428	0.0292267568343156	0.0296409486222556
"Cellular Processes|Cellular community - prokaryotes|Quorum sensing"	0.0267694520424665	0.0284890001894488	0.0222818868677242	0.0255475614758074	0.0250297455138007	0.0247348418832672	0.0281004030827679	0.0251511547307759
"Metabolism|Global and overview maps|Carbon metabolism"	0.0255976621289444	0.0256193741977924	0.0265600541917169	0.0251491228331148	0.0252548315489017	0.0233413395833209	0.0251036374352251	0.0251931847154598
"Metabolism|Carbohydrate metabolism|Amino sugar and nucleotide sugar metabolism"	0.0150738916484339	0.015087789445695	0.0147332123416947	0.0157957985350254	0.0150178795588811	0.0162220710785913	0.0152279282740557	0.0149395608852235
"Metabolism|Nucleotide metabolism|Purine metabolism"	0.0141442056908649	0.0142719440886358	0.0153969338882257	0.0151528094597193	0.0149999873892612	0.0140555760036377	0.0147500160462683	0.015020722024146
"Environmental Information Processing|Membrane transport|Phosphotransferase system (PTS)"	0.0111055421013563	0.01332269360468	0.0133220787054833	0.0177693678102993	0.0158894300594072	0.00875233386337295	0.0166941655312597	0.0141914364046345
"Metabolism|Carbohydrate metabolism|Glycolysis / Gluconeogenesis"	0.0115514001233129	0.0118764480337938	0.0117373944702759	0.0122192227112427	0.0120943231175057	0.0110036972943091	0.0127518960835696	0.0117463260407037
"Metabolism|Carbohydrate metabolism|Starch and sucrose metabolism"	0.0120126128767086	0.0129138049674966	0.0106530673453452	0.012777288199432	0.0110533975867591	0.0109159770853172	0.0123708275876888	0.0112765782332201
"Genetic Information Processing|Translation|Ribosome"	0.0107716114073351	0.0107407581096929	0.0122779948122489	0.0114645853484453	0.0110803920729245	0.0110538181323644	0.0106045960659728	0.0117189009659987
"Metabolism|Carbohydrate metabolism|Pyruvate metabolism"	0.0111384179298544	0.0110143779722546	0.0120934473863683	0.010803045912114	0.0110332124433808	0.00973591993303854	0.0109457278530101	0.0109658495884574
"Metabolism|Nucleotide metabolism|Pyrimidine metabolism"	0.0105208679118457	0.0105253291217483	0.0115547502992004	0.0112409424952402	0.0110115049545198	0.0100714335975568	0.0105654120834243	0.0110769867592476
"Metabolism|Carbohydrate metabolism|Fructose and mannose metabolism"	0.00910772126094948	0.00974634418360766	0.00891414491246314	0.0108542806838739	0.0103635269544462	0.00741655025170069	0.0103428435524415	0.00941427351946789
"Metabolism|Carbohydrate metabolism|Glyoxylate and dicarboxylate metabolism"	0.00855349302255729	0.00849840263813099	0.00903057249316681	0.00877078011173027	0.0086001328381967	0.00815580388400296	0.00815243132590941	0.00865014544056234
"Metabolism|Amino acid metabolism|Cysteine and methionine metabolism"	0.0082573369407943	0.00842262740725846	0.0090401420774079	0.00873625789286624	0.00827751248964569	0.00790838810689671	0.00847729763278301	0.00864363782018546
"Metabolism|Energy metabolism|Carbon fixation pathways in prokaryotes"	0.00813473871961274	0.00831946541860568	0.00847620589338817	0.0081889835523876	0.00786476611171666	0.006987232773931	0.00767631700876483	0.00805013108187098
"Metabolism|Carbohydrate metabolism|Propanoate metabolism"	0.00811988344642773	0.00802634920374633	0.00867258878207313	0.00786321663051817	0.00797934606120904	0.00675449309811679	0.00774615233735784	0.00793334032217986
"Metabolism|Amino acid metabolism|Glycine, serine and threonine metabolism"	0.00747006277279114	0.00749344112827637	0.00781637962052919	0.00786873305425217	0.00756118437077572	0.00757671739556036	0.00758238740750119	0.00780414482160672
"Metabolism|Energy metabolism|Methane metabolism"	0.00759535716949146	0.00790687895834585	0.00779676952258916	0.007402360839995	0.00745832800105225	0.00620283754275891	0.00749690214867944	0.00725895203592541
"Metabolism|Carbohydrate metabolism|Galactose metabolism"	0.00828113246137817	0.00824578017856515	0.00610151625900615	0.00694649948563187	0.00669417394776476	0.00703796727122597	0.00691152449538066	0.00639406770684016
"Cellular Processes|Cellular community - prokaryotes|Biofilm formation - Escherichia coli"	0.0068236017415345	0.00623924684047986	0.00575634748625806	0.00661347614069679	0.00707229791121324	0.00999394782135322	0.00635310600677217	0.00676360092163828
"Metabolism|Energy metabolism|Oxidative phosphorylation"	0.0065439557328123	0.00626371593041805	0.00618471043041876	0.00632637118198	0.00687679289289575	0.00838586929733783	0.00667786123203744	0.00701031660801934
"Metabolism|Carbohydrate metabolism|Butanoate metabolism"	0.00638257671223104	0.0061299631276181	0.00786059803501741	0.00667270186696702	0.00723647946684074	0.00555965845811872	0.00672553180806505	0.00683634232338219
"Metabolism|Amino acid metabolism|Alanine, aspartate and glutamate metabolism"	0.00658574194261174	0.00644875578654881	0.00686628960533709	0.00641257749873869	0.00655698548592735	0.00687613711272049	0.00632637972700419	0.00660256346986426
"Metabolism|Global and overview maps|Fatty acid metabolism"	0.00652501872043887	0.00604419167490271	0.0068728132453567	0.00619517674020833	0.00640958783258189	0.00695342861793764	0.00627221682078917	0.0067655822794666
"Metabolism|Carbohydrate metabolism|Pentose phosphate pathway"	0.00669113015025652	0.00689754195329628	0.00603863287246814	0.0064083327896855	0.00644221238844156	0.00579496702131731	0.00677491446402257	0.00622108291842611
"Cellular Processes|Cellular community - prokaryotes|Biofilm formation - Pseudomonas aeruginosa"	0.00623262982471183	0.0053525377051539	0.00477647394531369	0.00508142811224787	0.00592196754087257	0.0116205912716633	0.00589350328568319	0.00636817090898851
"Metabolism|Global and overview maps|2-Oxocarboxylic acid metabolism"	0.00617362635387037	0.00624038865237913	0.00679285475169226	0.00646900033115394	0.00623256761224197	0.00602732198617347	0.00606919608970633	0.00623366450463038
"Metabolism|Metabolism of cofactors and vitamins|Porphyrin and chlorophyll metabolism"	0.00621189378433821	0.00712717571058622	0.00673679494658112	0.00702494629701876	0.00580348900631768	0.00473367793379709	0.00588322321692902	0.00647372355013876
"Cellular Processes|Cellular community - prokaryotes|Biofilm formation - Vibrio cholerae"	0.00591369070280508	0.00552305260931322	0.00548585171268285	0.00578515758340445	0.00608948638678395	0.00790476838626838	0.0056542233874275	0.00610403872597177
"Genetic Information Processing|Translation|Aminoacyl-tRNA biosynthesis"	0.00582487440989366	0.00586662038668756	0.00674421603340241	0.00625953467034268	0.00593579276904154	0.00547096094598409	0.00583242979898556	0.00635267316780627
"Human Diseases|Drug resistance: Antimicrobial|beta-Lactam resistance"	0.00558092775283027	0.00540263298027311	0.00554111208249966	0.00584051376227844	0.00619866424483639	0.00657163976284877	0.00598748878336934	0.00576662897441185
"Metabolism|Carbohydrate metabolism|Citrate cycle (TCA cycle)"	0.00566179786674442	0.00565500910330339	0.00585889786375852	0.00590147536883651	0.00568708179845288	0.00575110511290893	0.00532894543798788	0.00584746911627391
"Metabolism|Glycan biosynthesis and metabolism|Peptidoglycan biosynthesis"	0.00555344820945287	0.00565800401513267	0.00624677862514292	0.00568331555911125	0.00553632287479382	0.00483511816694611	0.00573487832727122	0.00575111169693412
"Cellular Processes|Cell growth and death|Cell cycle - Caulobacter"	0.00567105436966931	0.00539088554053225	0.00496552570383122	0.00492511100900372	0.00509577411003946	0.00719364679752893	0.00544783085487817	0.00551783650985664
"Metabolism|Amino acid metabolism|Phenylalanine, tyrosine and tryptophan biosynthesis"	0.00517675470585208	0.00545919811970178	0.00622557768435112	0.0058330569347186	0.00543811436078838	0.00503935729524454	0.0052942505214085	0.005733209570196
"Environmental Information Processing|Membrane transport|Bacterial secretion system"	0.0046542395173838	0.004720420763222	0.00543443889855735	0.00545167221623407	0.00591614134696293	0.00651692381682241	0.00513477795579342	0.00578566299905527
"Metabolism|Amino acid metabolism|Valine, leucine and isoleucine degradation"	0.00514206601047253	0.0048358253756514	0.0065121728859394	0.0052479184808294	0.00504006375561913	0.00438927909056534	0.0049777054185833	0.0055029266670021
"Genetic Information Processing|Replication and repair|Homologous recombination"	0.00483691115287482	0.00478793243634964	0.00561517488420784	0.00510864537082085	0.00515964934161011	0.00517984605351776	0.00496142506795453	0.00535106382041567
"Metabolism|Lipid metabolism|Fatty acid biosynthesis"	0.00519778523938172	0.00490909241687422	0.00456773051109844	0.00459205557344987	0.00454941459960849	0.00566499989969132	0.00461805625661623	0.00488346763229089
"Metabolism|Energy metabolism|Sulfur metabolism"	0.00437590544906558	0.00440639309474407	0.0047826392674348	0.00474552905684525	0.00522188063985373	0.00531099532325398	0.00480981941371855	0.00488594191038966
"Metabolism|Amino acid metabolism|Lysine biosynthesis"	0.00479898069789757	0.0047386377740373	0.00500631492314173	0.00469181166674886	0.00459158520037528	0.00434069417636836	0.00477616849099392	0.00476934278690109
"Cellular Processes|Cell motility|Bacterial chemotaxis"	0.00418532747997668	0.00379511534415378	0.0029858254400787	0.00386532918614394	0.00470867456522615	0.0075553242037308	0.0051847241658492	0.00447635313350402
"Genetic Information Processing|Replication and repair|Mismatch repair"	0.00427912201990049	0.00426776060094835	0.0047290487401504	0.00443663732302632	0.00448254515013374	0.00442931534995718	0.00443547607202103	0.00458453830122887
"Metabolism|Carbohydrate metabolism|Pentose and glucuronate interconversions"	0.00481631477608038	0.00465182360067911	0.00398154170553744	0.00419014273257357	0.00451382758652096	0.00384419062141952	0.00486006192026439	0.00389416331535782
"Metabolism|Energy metabolism|Carbon fixation in photosynthetic organisms"	0.00432317858362524	0.00438231573558561	0.00426936505969008	0.00420976728290347	0.00434253936395748	0.00394069095116525	0.00437078331767111	0.00419751069538759
"Metabolism|Amino acid metabolism|Arginine and proline metabolism"	0.00380352494943508	0.00396697745665465	0.00426241702366887	0.00436921381386797	0.00421669170246399	0.00388592391357531	0.00403021408100676	0.00430773943841628
"Genetic Information Processing|Folding, sorting and degradation|RNA degradation"	0.00384470847874376	0.00352811085037964	0.00431290437610198	0.00391328211647004	0.00408269749507409	0.00470113498074114	0.0039010923124578	0.00424966006735279
"Metabolism|Metabolism of cofactors and vitamins|Folate biosynthesis"	0.00328254230792355	0.0035259091783984	0.00460784307375845	0.00416657216984445	0.00411559917100139	0.00407048667871593	0.00365025774625951	0.00419915398668524
"Metabolism|Energy metabolism|Nitrogen metabolism"	0.00371307951271338	0.00375180895529997	0.00381639610839491	0.00402842221021405	0.00407696352077398	0.00393148600358437	0.0041962003787155	0.0040175612720215
"Human Diseases|Drug resistance: Antimicrobial|Cationic antimicrobial peptide (CAMP) resistance"	0.00384772906564548	0.00384932433531073	0.00359774869458769	0.00372196243770869	0.00410933876098059	0.00514152093764595	0.00335275718933589	0.00383510627327018
"Metabolism|Lipid metabolism|Fatty acid degradation"	0.00374803357934777	0.00342168782207614	0.0046905227447276	0.00372062742355784	0.00415403914804237	0.0033781931714968	0.00410671559838123	0.00414385478791114
"Metabolism|Metabolism of cofactors and vitamins|Nicotinate and nicotinamide metabolism"	0.00353009210590091	0.00355868998287417	0.00401121491111105	0.00389477105165593	0.00407578805269897	0.00412565050632946	0.00377548632171252	0.00391463152132316
"Metabolism|Amino acid metabolism|Arginine biosynthesis"	0.0038388103084579	0.00388679660181707	0.00390312324928402	0.0038755954474642	0.00376963443672822	0.00377929493955568	0.00375454262131605	0.0038590000472353
"Metabolism|Glycan biosynthesis and metabolism|Lipopolysaccharide biosynthesis"	0.00293821374013253	0.00285383518442075	0.00449833297542548	0.00424290772172722	0.00431422896754127	0.00401017715354051	0.00342181808198607	0.00423056602789935
"Metabolism|Metabolism of cofactors and vitamins|Biotin metabolism"	0.00373323533639972	0.00339475070906186	0.00361986165772223	0.0036482688856361	0.00379709845464596	0.00486976920758627	0.0035065825603207	0.00390336977936207
"Metabolism|Metabolism of cofactors and vitamins|Pantothenate and CoA biosynthesis"	0.00368038333357091	0.00374862425105894	0.00419689192234469	0.00398522260358803	0.00384095373658573	0.00333758060573601	0.00365001471577097	0.00380966955803809
"Genetic Information Processing|Replication and repair|DNA replication"	0.00350222131665244	0.00342986487144344	0.00390355763077148	0.00356482680183191	0.00369521593384447	0.00386654218458714	0.00361866068219121	0.00380741173394678
"Metabolism|Metabolism of other amino acids|Selenocompound metabolism"	0.00344592608290421	0.00343765943112454	0.00376325583667997	0.00370052460239444	0.00379593085843732	0.00379025613555081	0.00373137850791588	0.00370904605763034
"Genetic Information Processing|Folding, sorting and degradation|Protein export"	0.003528138134619	0.00368650012464321	0.00391033476540154	0.00377251825227854	0.00362303995372745	0.00359172385398369	0.00342673682122116	0.00377166520377557
"Metabolism|Amino acid metabolism|Histidine metabolism"	0.00362458480817423	0.00371213842893223	0.00367524877517516	0.00359862660274621	0.00330732402102929	0.00352373170562668	0.00323243236701495	0.00354979864437162
"Metabolism|Metabolism of terpenoids and polyketides|Terpenoid backbone biosynthesis"	0.00332930019980838	0.00333673470374418	0.0038136132757159	0.00369269575979504	0.0034721631089235	0.00310700521438846	0.00337543437927982	0.00366086864238421
"Metabolism|Lipid metabolism|Glycerophospholipid metabolism"	0.0032390898722681	0.00321171239132296	0.00283916935894422	0.00298352131361053	0.00336259442016977	0.00399148886431895	0.0030061512389355	0.00321004592796927
"Metabolism|Metabolism of cofactors and vitamins|One carbon pool by folate"	0.00323880726759533	0.00309146577051479	0.00331389043710697	0.00313896561150859	0.00304174910250926	0.00307077842851932	0.00295498961467294	0.00318841819485385
"Metabolism|Lipid metabolism|Glycerolipid metabolism"	0.00310323910016201	0.00345502243450664	0.00307980423297209	0.00336013226397746	0.00305796406031743	0.00242324055003015	0.00318863216719813	0.00306421299735704
"Metabolism|Amino acid metabolism|Phenylalanine metabolism"	0.00296901237261511	0.00293818877472895	0.00340737844220264	0.00305772493567837	0.00309665523266698	0.00259953031206455	0.00301795395756927	0.00308874511979291
"Metabolism|Metabolism of cofactors and vitamins|Thiamine metabolism"	0.00297717679654994	0.00299951562838299	0.00320570434728814	0.00302627992598682	0.00293601509615004	0.00297913821746473	0.00284743613468597	0.00305327748288972
"Cellular Processes|Cell motility|Flagellar assembly"	0.00220387553983654	0.00190154039728703	0.00193145941166889	0.00271948441706533	0.00375562214843741	0.00450885203274327	0.00330965778797816	0.00326744219370987
"Metabolism|Amino acid metabolism|Valine, leucine and isoleucine biosynthesis"	0.00275644857830567	0.00273417802714444	0.00300802558046931	0.00281271595145776	0.00279790530510265	0.00284079395744718	0.0026504918933024	0.00274566144094147
"Metabolism|Xenobiotics biodegradation and metabolism|Benzoate degradation"	0.00260718447038221	0.0023416479782242	0.00366223095328243	0.00269523782687906	0.00284501768941344	0.00179133046605385	0.00262242674054897	0.00290010165389831
"Metabolism|Amino acid metabolism|Tyrosine metabolism"	0.0025948501826329	0.00258309887407837	0.00282135962000904	0.0025369626226783	0.00274211715790533	0.00272914633836815	0.00275204613893021	0.00259108165575196
"Metabolism|Global and overview maps|Degradation of aromatic compounds"	0.00275517489618211	0.00283883005812556	0.00268130585388084	0.00265977142830948	0.00274836977786416	0.00219940532891803	0.00273750893947996	0.00262244710479052
"Metabolism|Biosynthesis of other secondary metabolites|Streptomycin biosynthesis"	0.00270430710542917	0.00261164987604112	0.00227144803302631	0.00212710808898677	0.00220519528758641	0.0028223461121302	0.00236898833888216	0.0022813390838786
"Genetic Information Processing|Replication and repair|Base excision repair"	0.00220122825754062	0.00226555493965574	0.0024211721928401	0.00239426177861734	0.00235534146801823	0.00225446289962125	0.00223777722413414	0.00239620220635455
"Metabolism|Metabolism of other amino acids|beta-Alanine metabolism"	0.00181305117983319	0.00194899602713704	0.00295255254800871	0.0025624972838789	0.00250694389395338	0.00186361596696042	0.00226027785128681	0.00256888593937903
"Metabolism|Metabolism of cofactors and vitamins|Riboflavin metabolism"	0.00207714479839131	0.00195442877346757	0.00239582622219024	0.00236965403873033	0.00229826539434676	0.00214568782798494	0.00210293305129169	0.00227744710421397
"Metabolism|Xenobiotics biodegradation and metabolism|Drug metabolism - other enzymes"	0.00217791020320656	0.00216676620133596	0.00227039112916665	0.00222118896152261	0.00220871045814377	0.00221092735762204	0.0021545270801998	0.00220186444597401
"Genetic Information Processing|Replication and repair|Nucleotide excision repair"	0.00220764733435912	0.00225960105467024	0.00228917204101516	0.00214159184040809	0.00213605204326215	0.00207630042438619	0.00212877642409725	0.002206108850874
"Metabolism|Glycan biosynthesis and metabolism|Other glycan degradation"	0.00352708037146435	0.00269160093154429	0.00153661967096128	0.0012642512250119	0.00137688086155472	0.00386378418775988	0.00156805142798371	0.00145826971355863
"Genetic Information Processing|Folding, sorting and degradation|Sulfur relay system"	0.00173739516723192	0.00189181319964057	0.00199034143805497	0.00205739602226054	0.00227049611575306	0.00273860776031246	0.00211843252101595	0.00228380469078177
"Human Diseases|Drug resistance: Antimicrobial|Vancomycin resistance"	0.00249219308176531	0.00268700701122716	0.00195467703609541	0.0020034157096289	0.00185591053614914	0.00161618036826237	0.00205239855591341	0.00196532401236911
"Metabolism|Amino acid metabolism|Lysine degradation"	0.00182901847274429	0.0016847339808723	0.00243306000070999	0.00203196316113469	0.00232586445257561	0.00185064428863052	0.00192668596083052	0.0021291797724222
"Metabolism|Lipid metabolism|Sphingolipid metabolism"	0.00309283530812185	0.00247469904539832	0.00136760860079616	0.00129227368043268	0.00131462648493421	0.00328311436205076	0.00140408181453497	0.00138656486774271
"Metabolism|Carbohydrate metabolism|C5-Branched dibasic acid metabolism"	0.0018423007644668	0.00182803010780084	0.00213240745235752	0.0019821939040289	0.00196324838342631	0.00190509077855884	0.00182820489126078	0.00191654981168934
"Metabolism|Metabolism of other amino acids|Glutathione metabolism"	0.00137270840276577	0.00139200108810021	0.00182236734621862	0.00185437865020607	0.00203320675814788	0.00271407307119198	0.00156372635671425	0.00198810089334552
"Metabolism|Biosynthesis of other secondary metabolites|Prodigiosin biosynthesis"	0.00179828433614567	0.00165346354970949	0.00155078973753768	0.0016455242551219	0.00174310516380295	0.0023272192577501	0.00178893862617408	0.00180291758369236
"Metabolism|Energy metabolism|Photosynthesis"	0.00168202186193919	0.00168952551507785	0.00184644303644168	0.0017656084331231	0.00171022277763959	0.00165402786949924	0.0017574318373481	0.00181035111482762
"Metabolism|Carbohydrate metabolism|Ascorbate and aldarate metabolism"	0.00149610941622522	0.00148010685407022	0.00138962380467625	0.00172451362928976	0.00193102619512722	0.00166772835720019	0.00185352804727707	0.00159732877484403
"Metabolism|Biosynthesis of other secondary metabolites|Monobactam biosynthesis"	0.00152857476877259	0.0013911210589095	0.00172749224721054	0.00157487345006039	0.00168571224670726	0.00198447273486099	0.0015576096524412	0.00162130196629405
"Metabolism|Lipid metabolism|Biosynthesis of unsaturated fatty acids"	0.00158939981998782	0.00146370594017213	0.00136083244021317	0.00148970582720262	0.00163799774361891	0.00217697132509619	0.00161883795541267	0.00164585121331083
"Metabolism|Metabolism of cofactors and vitamins|Ubiquinone and other terpenoid-quinone biosynthesis"	0.00107066611175461	0.00115019671785725	0.00137776525736413	0.00172110781788458	0.00184134386001735	0.00248477025934155	0.00131540175472406	0.0017141636334979
"Human Diseases|Infectious diseases: Bacterial|Pertussis"	0.00175812655714949	0.0013530520938114	0.00131955850554354	0.00131173862702684	0.00163153136577839	0.00249443451396789	0.00133373960301789	0.00137476371534936
"Metabolism|Xenobiotics biodegradation and metabolism|Chloroalkane and chloroalkene degradation"	0.00153841301845392	0.00151640233712578	0.00141860061773422	0.00134980577960521	0.00152385388264273	0.00151370513022579	0.00173321236328767	0.00145555967814466
"Metabolism|Metabolism of other amino acids|Cyanoamino acid metabolism"	0.00182319671252428	0.00155742761444194	0.00113140441881837	0.00117058007534344	0.00118608045097493	0.00205899270394482	0.00130695861645762	0.00122581681728238
"Metabolism|Amino acid metabolism|Tryptophan metabolism"	0.00122040310514903	0.00114689779827651	0.00176161214597895	0.00136953115112422	0.00157662541199255	0.0013388179149618	0.0014191295360639	0.00153495680635824
"Metabolism|Metabolism of cofactors and vitamins|Vitamin B6 metabolism"	0.00123988041434277	0.00118909773219287	0.00145112216654541	0.0014344126044691	0.00144317240830268	0.00168064731369591	0.0012800810657922	0.00145202758842562
"Metabolism|Biosynthesis of other secondary metabolites|Novobiocin biosynthesis"	0.00121003600779199	0.00129713508002833	0.00157733506219793	0.00141311410469243	0.00129466528613861	0.0012080420620662	0.00128531970250714	0.00141363934960659
"Metabolism|Carbohydrate metabolism|Inositol phosphate metabolism"	0.00150740669790247	0.00161867291422528	0.000999431026198188	0.00112675071320688	0.0011990073577225	0.00148413547163496	0.00139946650667172	0.0011649799429403
"Cellular Processes|Cell growth and death|Necroptosis"	0.0012473454348983	0.00126923101107889	0.00121793083731222	0.0012029641762499	0.00121461083297107	0.0013218074923454	0.00123662378453242	0.00129217654834039
"Metabolism|Metabolism of other amino acids|Taurine and hypotaurine metabolism"	0.00114697771393124	0.00107115338378658	0.00131961409956485	0.00116137843507731	0.00127209790597832	0.00115173590853683	0.00124413011582494	0.00124725178575216
"Metabolism|Biosynthesis of other secondary metabolites|Tropane, piperidine and pyridine alkaloid biosynthesis"	0.00106642356137897	0.00113040477806024	0.00133271747719212	0.00120318548995887	0.00116757151525051	0.00107921379169819	0.00111609401769104	0.00120800604298961
"Metabolism|Metabolism of terpenoids and polyketides|Polyketide sugar unit biosynthesis"	0.00122513908711842	0.000952207268840818	0.0012609023025208	0.000966812628639874	0.00111920709340984	0.00148049554572059	0.00114148264300699	0.00113018806764428
"Human Diseases|Drug resistance: Antineoplastic|Antifolate resistance"	0.00115203010579239	0.0011283167167125	0.00124845167949574	0.00115638555516534	0.00112618605013599	0.00108524485377049	0.00112548885288507	0.00119170734891817
"Human Diseases|Cardiovascular diseases|Fluid shear stress and atherosclerosis"	0.00122546390189105	0.00103378917301553	0.0010842637465003	0.000977896962352435	0.00106367136656736	0.0016256102809797	0.000994152841351845	0.00112175256506501
"Cellular Processes|Transport and catabolism|Peroxisome"	0.0012280660326008	0.00107363037542556	0.00101426000617255	0.00101672752507321	0.00109111877474149	0.0012957990800775	0.00105789359907594	0.00107211030121308
"Organismal Systems|Endocrine system|Glucagon signaling pathway"	0.00111638878368682	0.00115952555257686	0.00109051373805061	0.00116933425891064	0.00102265299982662	0.00109716828130164	0.000950787132603843	0.00109367556573264
"Genetic Information Processing|Transcription|RNA polymerase"	0.00104925834893543	0.00112666934650127	0.00117917781934495	0.00118857353542468	0.00106095629176285	0.000859449663029446	0.00103797143940086	0.00112202649047933
"Human Diseases|Cancers: Overview|Central carbon metabolism in cancer"	0.00110687677383998	0.00105725763407164	0.00104928758275695	0.00102709350169845	0.000953513976398991	0.00114968998279428	0.000846405814860397	0.000978185865985289
"Human Diseases|Infectious diseases: Bacterial|Legionellosis"	0.00094344977668178	0.000964895597639417	0.00105670105569535	0.0010365070891425	0.00101509840420217	0.00102542262007343	0.000949980024587401	0.00106066977426013
"Organismal Systems|Endocrine system|PPAR signaling pathway"	0.00101390945926372	0.000889442618605117	0.001217680857985	0.000895703780687619	0.00100790514064902	0.000830671047549732	0.00109756051757041	0.00108341420325056
"Metabolism|Xenobiotics biodegradation and metabolism|Aminobenzoate degradation"	0.000876930434304058	0.000911864018380231	0.00121503610971178	0.0010022604996374	0.00109134713699824	0.000798551677627805	0.00101960338448075	0.00105282757480734
"Metabolism|Metabolism of other amino acids|D-Glutamine and D-glutamate metabolism"	0.000944315617704288	0.000910582814551899	0.00109512021571925	0.00098898048818108	0.000983613794471134	0.000880552449697938	0.00093265820370554	0.0010142622572521
"Organismal Systems|Aging|Longevity regulating pathway - worm"	0.000829383000783681	0.000802426122480768	0.000927504274469434	0.00089921016851113	0.00099449017641789	0.00124198894795788	0.000909870206157722	0.00100593639662638
"Metabolism|Xenobiotics biodegradation and metabolism|Naphthalene degradation"	0.0011394362586102	0.00109460381227437	0.000854802689909557	0.000814943869642913	0.000932301334236464	0.000746305564105248	0.00107567085873978	0.000843373249752334
"Human Diseases|Drug resistance: Antineoplastic|Platinum drug resistance"	0.000696065014666671	0.000732335428407633	0.000864088875206964	0.000928174642529549	0.000962721173949808	0.0012578527035071	0.000849334166978105	0.00104017739364221
"Cellular Processes|Transport and catabolism|Lysosome"	0.00149646116912978	0.00103406194686988	0.000649385999154916	0.00046344101892064	0.000553860271217588	0.00184632351857299	0.000615865852051636	0.000606813996529491
"Environmental Information Processing|Signal transduction|MAPK signaling pathway - plant"	0.000780629858593327	0.000805603114857573	0.000878822668408757	0.000943175373562053	0.000900134996831666	0.00112421494965817	0.000828986611599563	0.000995931919463995
"Organismal Systems|Immune system|NOD-like receptor signaling pathway"	0.00108683616795149	0.000883887260760918	0.000865337864872124	0.000745554826032598	0.000805939020018651	0.00115785965073526	0.000836838251647805	0.000861922617934523
"Metabolism|Xenobiotics biodegradation and metabolism|Nitrotoluene degradation"	0.000721237700483647	0.000885143662010379	0.000907105081368618	0.000824987925578857	0.000982873254617785	0.000986512738683426	0.000856176207393627	0.00092618805612384
"Metabolism|Metabolism of terpenoids and polyketides|Biosynthesis of siderophore group nonribosomal peptides"	0.000864986639282777	0.000760450359221292	0.000614221019597477	0.000877678642383404	0.00120590294249599	0.000801758783163524	0.00108428436958278	0.000805596905641775
"Human Diseases|Infectious diseases: Bacterial|Salmonella infection"	0.000921591972456898	0.000700122068362368	0.000798722794983777	0.000765174129478308	0.000930469815395299	0.00107319115988748	0.000812445971739646	0.000880445226535678
"Human Diseases|Infectious diseases: Bacterial|Tuberculosis"	0.000777246792912487	0.000735277678715867	0.000874652780897491	0.00082570270596072	0.000889775344491493	0.00103173458802467	0.000823901753139693	0.00091764863237177
"Metabolism|Biosynthesis of other secondary metabolites|Phenylpropanoid biosynthesis"	0.00124563658021154	0.00102762129945025	0.000476761349200199	0.000610316625769591	0.000623311089416122	0.0014990941782329	0.00075881489736259	0.000600981238511548
"Metabolism|Metabolism of terpenoids and polyketides|Biosynthesis of ansamycins"	0.000916301703490467	0.0010515609758026	0.000825003184909919	0.000770849223322137	0.000738937584541569	0.00044101990059666	0.000884452243130332	0.000716566413008852
"Metabolism|Glycan biosynthesis and metabolism|Glycosphingolipid biosynthesis - globo and isoglobo series"	0.00116044379766115	0.00104476933070605	0.000602095707573351	0.00063188894818941	0.000538786135867008	0.00113254211767489	0.000606421611560061	0.000603385900082492
"Metabolism|Glycan biosynthesis and metabolism|Glycosaminoglycan degradation"	0.00109094087354911	0.000775412979401918	0.000647907676898384	0.000545358595222467	0.000558528091732465	0.00134468806081194	0.000562625007013355	0.000595674972133681
"Genetic Information Processing|Folding, sorting and degradation|Protein processing in endoplasmic reticulum"	0.000715509400241305	0.00077831203111775	0.000871400704514617	0.000841658019476068	0.000683421900215704	0.000595399054604028	0.000692145737048994	0.000773049442962997
"Organismal Systems|Environmental adaptation|Plant-pathogen interaction"	0.000738786594453117	0.000680712960193347	0.000696722118499396	0.00063568319994171	0.000750109283480439	0.000843820805356461	0.000773506624892746	0.000729298473263079
"Metabolism|Biosynthesis of other secondary metabolites|Isoquinoline alkaloid biosynthesis"	0.000649839739996722	0.000689837908433885	0.000885623782778031	0.000758053956751483	0.000700410382600058	0.000662707758795653	0.000710675573823864	0.000765837616622177
"Metabolism|Metabolism of other amino acids|D-Alanine metabolism"	0.000711369531242826	0.000763761720869858	0.000677699357076217	0.000745801544429362	0.000688433172933091	0.000584923997002331	0.000731870315349646	0.000690370716707122
"Organismal Systems|Aging|Longevity regulating pathway - multiple species"	0.000651501175988204	0.000602782755095414	0.000609052008397712	0.000599224301327792	0.000679361395295994	0.000885582028087896	0.000611781859000606	0.000664345328425827
"Metabolism|Biosynthesis of other secondary metabolites|Neomycin, kanamycin and gentamicin biosynthesis"	0.000738946440953067	0.000811154507476846	0.000570824841443598	0.00058590590138828	0.000584579558837375	0.000678822598715995	0.000648329911614421	0.000600351592475824
"Environmental Information Processing|Signal transduction|HIF-1 signaling pathway"	0.000706952793372013	0.000670677526078035	0.000684817926718431	0.000626475106224311	0.00061266980243905	0.000641619425996143	0.000589803044412336	0.000629216291963115
"Metabolism|Metabolism of terpenoids and polyketides|Geraniol degradation"	0.00057234776148298	0.00053881481625935	0.000801689446658499	0.000665669137434293	0.000732976203950758	0.000528952070166625	0.000583834453188416	0.000702008458310807
"Metabolism|Xenobiotics biodegradation and metabolism|Caprolactam degradation"	0.00058036235749339	0.000570158532310514	0.000881286774389707	0.000707754240698389	0.000710953780834786	0.000292173207912051	0.000659037850975147	0.000703680924166829
"Human Diseases|Cancers: Overview|Pathways in cancer"	0.000522534901858399	0.000500318955991677	0.000648181679208882	0.000564202697230365	0.000685966049912083	0.00089495723552674	0.000586765140071011	0.000677669564605503
"Metabolism|Lipid metabolism|Synthesis and degradation of ketone bodies"	0.000617711765466302	0.000542104106495174	0.000723706273047173	0.000624501124573235	0.000679342640405478	0.000516082190063034	0.000644795137575717	0.000700045091337642
"Human Diseases|Endocrine and metabolic diseases|Insulin resistance"	0.000605098744368473	0.000601417495700766	0.000597017957219596	0.000596408455898135	0.000584865253043098	0.00070839672738424	0.000556169467498606	0.000622949737506522
"Genetic Information Processing|Translation|RNA transport"	0.000616897226264689	0.000671342988529113	0.000616264702691201	0.000670223784107217	0.000600274206196713	0.000434430994699616	0.000615052441841063	0.00060549671614996
"Metabolism|Xenobiotics biodegradation and metabolism|Drug metabolism - cytochrome P450"	0.000539853678647331	0.000527226902935957	0.000511859837429047	0.000539555319130398	0.000667418873456505	0.000861542470209003	0.000563881335722525	0.0006071665295915
"Metabolism|Metabolism of terpenoids and polyketides|Limonene and pinene degradation"	0.000461392105811627	0.000551842400389652	0.000713941986358982	0.000675783440502883	0.000656503505926768	0.00041485773715945	0.000554388661694815	0.000631041305728032
"Metabolism|Xenobiotics biodegradation and metabolism|Metabolism of xenobiotics by cytochrome P450"	0.000532734449767179	0.000520465382596488	0.000498624239663801	0.000522396920691208	0.000641702731728724	0.000789141824468832	0.000543352043660971	0.000573362795897135
"Organismal Systems|Endocrine system|Insulin signaling pathway"	0.000528637573329798	0.000517271369839537	0.000581457240591241	0.0005725354903998	0.000566214572828715	0.000679466167021148	0.000511702205179817	0.000579808023509754
"Cellular Processes|Cell growth and death|Ferroptosis"	0.000698818427454055	0.000588616020643261	0.000474277136910211	0.000475000996538493	0.00050765463830128	0.000671654870086577	0.000562341138327453	0.000526039460450854
"Organismal Systems|Environmental adaptation|Thermogenesis"	0.000572898912360554	0.000469643303205399	0.000462063898552968	0.000479715980777899	0.000534891338554299	0.000841804878298021	0.000536577650397886	0.000602806519681575
"Metabolism|Metabolism of other amino acids|Phosphonate and phosphinate metabolism"	0.000562627685508475	0.000537646795428644	0.000546055894650386	0.000514188295707735	0.000632091564631079	0.000629652504574328	0.000543560363783896	0.000520185032152377
"Metabolism|Metabolism of terpenoids and polyketides|Nonribosomal peptide structures"	0.000789046235167673	0.000696528401087884	0.000372882006643275	0.000477126816789138	0.000521073334450212	0.000236331128140985	0.000798472259738779	0.000413562698694568
"Metabolism|Biosynthesis of other secondary metabolites|Acarbose and validamycin biosynthesis"	0.000560441929278589	0.000430373579950734	0.000596293584176303	0.000444202851645968	0.000522892122983544	0.000714769272416911	0.000503539283605028	0.000509605204098358
"Metabolism|Lipid metabolism|Steroid hormone biosynthesis"	0.000760314192439303	0.00045604202265178	0.000468813632535232	0.000318082391700851	0.000436493579462937	0.00097774026716081	0.000401241640047635	0.000426068511103953
"Metabolism|Xenobiotics biodegradation and metabolism|Styrene degradation"	0.000450626499644587	0.000458783029538073	0.000788205397154624	0.000541076712369537	0.000577793093994668	0.000203600382094149	0.000617778604789074	0.000573343067713207
"Human Diseases|Infectious diseases: Bacterial|Epithelial cell signaling in Helicobacter pylori infection"	0.000454555287433909	0.000472095078710743	0.000527541721697069	0.00053827916560678	0.000510797522462576	0.000539858511051491	0.000471014853096822	0.000541222813995788
"Metabolism|Metabolism of cofactors and vitamins|Retinol metabolism"	0.000542602559727841	0.000507321736584005	0.000488372426598522	0.000439556624524145	0.000507067784526606	0.000510617887476604	0.000486536955635434	0.000466287772238065
"Organismal Systems|Nervous system|GABAergic synapse"	0.000568378673942319	0.000518449222442147	0.000428646080089039	0.000403864140078582	0.000464823672304073	0.000575092701290447	0.000394112850649976	0.000459405081578531
"Metabolism|Biosynthesis of other secondary metabolites|Phenazine biosynthesis"	0.000406929369337654	0.000395847966699269	0.000525867204244589	0.000477551211642136	0.000482014834864913	0.000518898380915419	0.000440504433592475	0.000463163743420043
"Organismal Systems|Endocrine system|Adipocytokine signaling pathway"	0.000552014538593452	0.000447669898789256	0.00038810150518679	0.000384468362421955	0.00039867556997004	0.000543710460111729	0.000435583273748601	0.000425411547598776
"Organismal Systems|Nervous system|Glutamatergic synapse"	0.000515635133960538	0.00048052352690398	0.000399286749693036	0.000364402517624208	0.000397400979748566	0.000503838911881193	0.000367882898971537	0.000417646217754996
"Metabolism|Metabolism of terpenoids and polyketides|Biosynthesis of vancomycin group antibiotics"	0.000422402916262681	0.000313804757680401	0.0005437539266441	0.000358202718165287	0.000411808305146673	0.000496917822057825	0.000399436465761105	0.00039851379904911
"Metabolism|Biosynthesis of other secondary metabolites|Carbapenem biosynthesis"	0.000408846729979156	0.000397189249150775	0.000425043701810463	0.000424099490939812	0.000395008679060286	0.000457352990328717	0.00039805220979896	0.000407359094274774
"Environmental Information Processing|Signal transduction|Phosphatidylinositol signaling system"	0.000388156487916396	0.000372887616381777	0.000352733433185043	0.000359798705235696	0.000409794449326485	0.00062333312812696	0.000363743035638277	0.000416010283115379
"Metabolism|Xenobiotics biodegradation and metabolism|Atrazine degradation"	0.000321711882125104	0.000348422045565621	0.000273775430597098	0.000401064636961497	0.000326069809010975	0.000528928227859759	0.000351543464251493	0.000427167714650642
"Environmental Information Processing|Signal transduction|AMPK signaling pathway"	0.000375327782311595	0.00034143147755284	0.000365774998188858	0.000356627018290328	0.000340807656063332	0.000425681909406429	0.0003078468912443	0.00036644418122239
"Human Diseases|Neurodegenerative diseases|Alzheimer's disease"	0.0002351674451342	0.000231707734247812	0.000305111887054549	0.000317578624297052	0.000368712413166782	0.000563755425549405	0.000305117652054094	0.000399723408361888
"Metabolism|Glycan biosynthesis and metabolism|Various types of N-glycan biosynthesis"	0.000524241674342861	0.000340040803166677	0.000286198243447692	0.000208670970299755	0.000205305695028201	0.000700042455286488	0.000195756089135421	0.000250518594892413
"Human Diseases|Cancers: Overview|MicroRNAs in cancer"	0.000439132113735578	0.000429483662184262	0.000282329964496623	0.000268440025937868	0.000331995532974046	0.000292718330616616	0.000340189863707173	0.0002797052398658
"Human Diseases|Endocrine and metabolic diseases|Type II diabetes mellitus"	0.000283056958938476	0.000293555383958046	0.000423444870833782	0.000338997867280259	0.000317135597646331	0.000284915034576006	0.000278743470265611	0.000322586862947516
"Cellular Processes|Cell growth and death|Apoptosis - fly"	0.000260652742181166	0.000244327548616201	0.000251084744334696	0.000301700223936651	0.000304812551812743	0.000449132822871536	0.000343742638352337	0.000341563969518969
"Metabolism|Glycan biosynthesis and metabolism|Glycosphingolipid biosynthesis - ganglio series"	0.000495179466858996	0.000287736239023053	0.000251994677234751	0.000142978281078969	0.000178951053206152	0.00069459649165147	0.00017636375281318	0.000212298936215241
"Metabolism|Lipid metabolism|alpha-Linolenic acid metabolism"	0.000243999233469169	0.000220847493341695	0.000294067632739626	0.000274228068076233	0.000313434513062773	0.000348951142080686	0.00024519285033291	0.000291749465688937
"Metabolism|Xenobiotics biodegradation and metabolism|Xylene degradation"	0.000287102363400636	0.00025553817549687	0.000311366490248103	0.000223390473043305	0.00030431168490192	0.000264283241970007	0.000273829869136304	0.000302071389389325
"Metabolism|Metabolism of cofactors and vitamins|Lipoic acid metabolism"	0.000263739599663324	0.000210248777387107	0.000217409381345526	0.00025217341691423	0.000277801612173615	0.000429674948744492	0.000246544332552038	0.000269848015448024
"Metabolism|Xenobiotics biodegradation and metabolism|Chlorocyclohexane and chlorobenzene degradation"	0.000185607788022432	0.000160367712096808	0.000187148036504928	0.00023394174812533	0.000322451736847216	0.000528154906971696	0.00023889644516996	0.000306006484086458
"Human Diseases|Cancers: Specific types|Renal cell carcinoma"	0.000259178075599018	0.000243409990155808	0.000355718062909133	0.000233041475563334	0.000279844051765695	0.000231090456990306	0.000261334953920987	0.000268647097895335
"Human Diseases|Endocrine and metabolic diseases|Cushing's syndrome"	0.000259178075599018	0.000243409990155808	0.000355718062909133	0.000233041475563334	0.000279844051765695	0.000231090456990306	0.000261334953920987	0.000268647097895335
"Metabolism|Xenobiotics biodegradation and metabolism|Ethylbenzene degradation"	0.000239316007382396	0.000217701252286746	0.000283993444785984	0.000258517244106154	0.000286792224715246	0.000311813236525003	0.000234240198938275	0.000278381127564156
"Human Diseases|Neurodegenerative diseases|Huntington's disease"	0.000187148551482158	0.000166993715669889	0.000162377789947001	0.000210466846200047	0.000286718754062764	0.000501457901050973	0.00025126906713706	0.000289121168563714
"Metabolism|Biosynthesis of other secondary metabolites|Glucosinolate biosynthesis"	0.000249329946608538	0.000233113804519844	0.000264391117772447	0.000262232972574422	0.000252947796311946	0.000277152378191814	0.000247363016150775	0.000256249390634708
"Human Diseases|Endocrine and metabolic diseases|Type I diabetes mellitus"	0.000249010093278792	0.000233289505598841	0.000253935332289744	0.000248350543680763	0.000270835642746385	0.000275488157476829	0.00022052402005434	0.000256478489395132
"Genetic Information Processing|Translation|Ribosome biogenesis in eukaryotes"	0.000212704317913099	0.000210698571043449	0.000247123043250438	0.000242692698103799	0.000257156653513411	0.000336887207985614	0.000227175837551611	0.000266581408247523
"Metabolism|Metabolism of terpenoids and polyketides|Zeatin biosynthesis"	0.000250321448503605	0.000223829354153075	0.000266269335279214	0.000231065339552008	0.000233490207074268	0.000277120445453207	0.000225037691523817	0.000251549415711132
"Environmental Information Processing|Signal transduction|PI3K-Akt signaling pathway"	0.000268400633375942	0.000240664385495787	0.000244228155860227	0.000216944177839408	0.000225357955340666	0.000273259677190728	0.000230269597209666	0.000240045234650425
"Organismal Systems|Endocrine system|Thyroid hormone synthesis"	0.000199363637701272	0.000145675262151157	0.000263449968374028	0.000189143319144945	0.000253401602592767	0.000355717632264001	0.000241701509840892	0.000267803598977379
"Human Diseases|Cancers: Overview|Viral carcinogenesis"	0.000221818052273752	0.000217327267321533	0.000275051417776133	0.000235816733990442	0.000245432508858075	0.000239910523642175	0.000214610102081595	0.000239938050485621
"Human Diseases|Infectious diseases: Viral|Human papillomavirus infection"	0.000221818052273752	0.000217327267321533	0.000275051417776133	0.000235816733990442	0.000245432508858075	0.000239910523642175	0.000214610102081595	0.000239938050485621
"Metabolism|Biosynthesis of other secondary metabolites|Penicillin and cephalosporin biosynthesis"	0.0002847432979378	0.000223281148595877	0.000225991681665274	0.000224072454424601	0.000201932654840048	0.000214093766212434	0.000193265209664128	0.000208623613144251
"Metabolism|Metabolism of terpenoids and polyketides|Insect hormone biosynthesis"	0.000166417342531329	0.000207238662510298	0.000230020145779112	0.000225460710385324	0.000234215548201779	0.000245135297546644	0.000213224585635611	0.000225657048476996
"Organismal Systems|Digestive system|Protein digestion and absorption"	0.000246152950738879	0.000153945605408248	0.000216605766166495	0.000174860898439916	0.000194101234071529	0.00024816787403657	0.000238044081157323	0.000190555679295744
"Human Diseases|Cancers: Overview|Proteoglycans in cancer"	0.00020163178955804	0.000199711025354112	0.00022462767773569	0.000208769171774597	0.000203109677636164	0.000204062360949164	0.00019688582007672	0.000214884685358293
"Human Diseases|Cancers: Specific types|Prostate cancer"	0.000207064633885538	0.000205906994807664	0.000201046222687167	0.00019382350840625	0.000193257992165448	0.000213547593590102	0.000198224866171484	0.000201895182093204
"Organismal Systems|Endocrine system|Estrogen signaling pathway"	0.000207064633885538	0.000205906994807664	0.000201046222687167	0.00019382350840625	0.000193257992165448	0.000213547593590102	0.000198224866171484	0.000201895182093204
"Organismal Systems|Endocrine system|Progesterone-mediated oocyte maturation"	0.000207064633885538	0.000205906994807664	0.000201046222687167	0.00019382350840625	0.000193257992165448	0.000213547593590102	0.000198224866171484	0.000201895182093204
"Organismal Systems|Immune system|Antigen processing and presentation"	0.000207064633885538	0.000205906994807664	0.000201046222687167	0.00019382350840625	0.000193257992165448	0.000213547593590102	0.000198224866171484	0.000201895182093204
"Organismal Systems|Immune system|IL-17 signaling pathway"	0.000207064633885538	0.000205906994807664	0.000201046222687167	0.00019382350840625	0.000193257992165448	0.000213547593590102	0.000198224866171484	0.000201895182093204
"Organismal Systems|Immune system|Th17 cell differentiation"	0.000207064633885538	0.000205906994807664	0.000201046222687167	0.00019382350840625	0.000193257992165448	0.000213547593590102	0.000198224866171484	0.000201895182093204
"Human Diseases|Immune diseases|Primary immunodeficiency"	0.000189500316166561	0.000211680596530874	0.000140487557337448	0.000185232400491059	0.000190627502991949	0.000272578302848693	0.000173894995382624	0.00019136733516804
"Human Diseases|Infectious diseases: Bacterial|Staphylococcus aureus infection"	0.000221599465276316	0.000291930462312982	0.000137465222538379	0.000184500752711168	0.000155305338437565	0.000156522906023985	0.000213644117445473	0.000166270402133694
"Metabolism|Glycan biosynthesis and metabolism|N-Glycan biosynthesis"	0.000223214104546304	0.000188866796901588	0.000163055014372871	0.000155009769570547	0.000151977304672675	0.000291319119577793	0.000133858623853486	0.000179993159661129
"Organismal Systems|Digestive system|Carbohydrate digestion and absorption"	0.000154810378928562	0.000169158753836739	0.000226380980663297	0.000183950146630817	0.000189601337178825	0.000195260755928943	0.000165271069854755	0.000170457161141439
"Organismal Systems|Excretory system|Proximal tubule bicarbonate reclamation"	0.000230605199679492	0.000193310976636431	0.000173538679042314	0.000168368335284209	0.000194035893906018	0.000137724719058563	0.00018482947094397	0.000167103678926176
"Metabolism|Xenobiotics biodegradation and metabolism|Toluene degradation"	0.000107786212637069	8.46513107309291e-05	0.000191230610828774	0.000182030686733833	0.000237893893190129	0.000225603811382028	0.000188243099274238	0.000211871961506246
"Metabolism|Lipid metabolism|Secondary bile acid biosynthesis"	0.000251433897490303	0.000217688779375448	0.000121349917017931	0.000138927112991042	0.000149524824062824	0.000200316456147222	0.000195103579453803	0.00015028987085225
"Human Diseases|Cancers: Overview|Chemical carcinogenesis"	8.31481762803657e-05	0.000109466479974142	8.67772575420536e-05	0.000148794431563732	0.000230123334490634	0.000421657607587839	0.000142539540899115	0.000198316776161929
"Metabolism|Lipid metabolism|Primary bile acid biosynthesis"	0.000250051388305268	0.000211862546104598	0.000127306329986647	0.000130556432790317	0.000135131907435859	0.000192758450024245	0.000205840807593523	0.000146486388087509
"Metabolism|Xenobiotics biodegradation and metabolism|Fluorobenzoate degradation"	0.000148462288369527	0.000138842875854721	0.000171056470245162	0.000140061998688524	0.000189057580982566	0.000262316965079039	0.000136051466296364	0.000207500729103922
"Metabolism|Lipid metabolism|Arachidonic acid metabolism"	0.000114070566416953	7.84216817723235e-05	0.000181255194341503	0.000127064707578619	0.000182927763740216	0.000251016660136462	0.000153738520795643	0.000185864075283845
"Environmental Information Processing|Signal transduction|FoxO signaling pathway"	0.000146645669132255	0.000107657549380449	8.44175559470537e-05	0.000115422433905088	0.000163513372564306	0.000296772982678276	0.000131326030121295	0.000146030334117011
"Metabolism|Xenobiotics biodegradation and metabolism|Dioxin degradation"	0.000165591406687739	0.000128884697570368	0.000141255421156136	0.000118901181071212	0.000171476779065915	0.000150685708782053	0.000132141135839472	0.000158294396038582
"Organismal Systems|Aging|Longevity regulating pathway"	0.00013082705982162	9.71467548148021e-05	8.30133891574511e-05	0.000115154227498362	0.00016256387888964	0.00029508830958411	0.000130210673354295	0.000144791581134821
"Human Diseases|Cancers: Specific types|Hepatocellular carcinoma"	4.75292229800635e-05	4.36581577597713e-05	7.34290938773137e-05	0.000116047525155152	0.000183299467348582	0.000383423356075699	0.000101499779702918	0.000168358356821834
"Metabolism|Metabolism of terpenoids and polyketides|Tetracycline biosynthesis"	0.000111894967435816	0.00010998204854889	0.000179398320350887	0.00015696971652963	0.000127234610139927	0.000128987756889679	0.000118416756823174	0.000151587026241802
"Genetic Information Processing|Folding, sorting and degradation|Proteasome"	0.000132980587613334	0.000152255348999163	0.000112502581004591	0.000150759672669667	0.000116164555327942	0.000113544556301565	0.000127719680429931	0.000129512607425264
"Metabolism|Metabolism of terpenoids and polyketides|Biosynthesis of enediyne antibiotics"	9.17025931741625e-05	8.58817585508646e-05	8.62266332134893e-05	0.000126206152866324	0.000167931778914949	0.000184526715819043	0.000153626613797885	0.000133535718464635
"Metabolism|Metabolism of terpenoids and polyketides|Biosynthesis of type II polyketide backbone"	0.000106697836023397	0.000107104572459509	0.000169914639684116	0.000149339100902077	0.000119454326497148	0.000120861488577837	0.000108119141467813	0.000143663052063482
"Metabolism|Metabolism of terpenoids and polyketides|Type I polyketide structures"	0.000175705668811339	0.000155290164122678	8.75475907487875e-05	9.72523511418608e-05	0.00010644851308361	9.615275794767e-05	0.000168353002392716	9.86085760080521e-05
"Organismal Systems|Immune system|RIG-I-like receptor signaling pathway"	8.60230490412196e-05	0.00011173785383292	0.000139834939363569	0.00015070492387669	0.000110402424915183	5.06345786814235e-05	0.000155179219315985	0.00012020666172303
"Environmental Information Processing|Signal transduction|MAPK signaling pathway - fly"	9.80746134086987e-05	7.74334028893079e-05	7.27222536605289e-05	9.79322706861152e-05	0.000131058530119402	0.000196495020856956	0.000118139431741065	0.000111529276627585
"Human Diseases|Neurodegenerative diseases|Parkinson's disease"	3.46047035751557e-05	2.92520757233756e-05	7.05960532776802e-05	8.22506192584238e-05	0.000111562129641901	0.000266454372572125	9.72603084756125e-05	0.000152003505686922
"Human Diseases|Endocrine and metabolic diseases|Non-alcoholic fatty liver disease (NAFLD)"	3.46047035751557e-05	2.92520757233756e-05	7.05960532776802e-05	8.22506192584238e-05	0.000111548368864007	0.000266454372572125	9.72603084756125e-05	0.000152003505686922
"Organismal Systems|Endocrine system|Prolactin signaling pathway"	9.07714689994327e-05	0.00012931635728509	0.000106475824412621	0.000125253341863293	0.000102057382032115	8.43877121218981e-05	9.72177733250415e-05	9.76935347079917e-05
"Metabolism|Metabolism of other amino acids|D-Arginine and D-ornithine metabolism"	0.000158994969386098	0.000155413300454937	7.80609707359579e-05	0.000122542735831709	8.27107521874015e-05	2.73262492978935e-05	0.000117169491942203	8.98442506258204e-05
"Cellular Processes|Cell growth and death|Apoptosis"	9.70152197948296e-05	5.57504759697465e-05	0.000104317005631519	6.39517061655595e-05	9.56408940639065e-05	0.000192543417414304	9.19213171865346e-05	0.000120422685100529
"Human Diseases|Neurodegenerative diseases|Amyotrophic lateral sclerosis (ALS)"	9.59805477912444e-05	8.73613302726092e-05	4.70725292231859e-05	6.80690587791695e-05	0.000103940388012393	0.000203767692386494	7.33719012144228e-05	9.7347719482686e-05
"Human Diseases|Infectious diseases: Parasitic|Amoebiasis"	0.000125741329177305	8.04954935746391e-05	7.50821124848296e-05	6.63172269964488e-05	7.92691576393051e-05	0.000162373906643939	9.46895405401435e-05	9.08321523014625e-05
"Metabolism|Biosynthesis of other secondary metabolites|Flavone and flavonol biosynthesis"	0.000134469477812895	0.0001123771373082	5.9731569599581e-05	7.3839959757048e-05	8.62582914955639e-05	0.000134159169421321	0.000101891967319473	6.79720030821048e-05
"Organismal Systems|Digestive system|Mineral absorption"	5.36875463350652e-05	4.7419716906505e-05	8.00441611166428e-05	8.34573204456636e-05	0.000103405153344842	0.000143549922226048	0.000122303145289433	0.000119489868345662
"Metabolism|Biosynthesis of other secondary metabolites|Betalain biosynthesis"	5.68753851173737e-05	4.67810852461027e-05	0.000114012942571716	9.49509365873731e-05	0.000113527612318652	0.000107232074430905	9.8652432174496e-05	0.000102629547852257
"Metabolism|Lipid metabolism|Ether lipid metabolism"	5.52846629815739e-05	4.2047151478052e-05	9.04218483468287e-05	9.2180119790098e-05	0.000129890234344938	0.000124776270115671	8.43782118950419e-05	0.000106173671788338
"Organismal Systems|Circulatory system|Cardiac muscle contraction"	2.64800169473788e-05	2.24349050107416e-05	5.33099184604298e-05	6.20897831570988e-05	8.39269843737874e-05	0.000203639157892771	7.25353684139026e-05	0.00011411208952975
"Metabolism|Glycan biosynthesis and metabolism|Lipoarabinomannan (LAM) biosynthesis"	4.17769232580562e-05	3.19599414419828e-05	4.9093240590576e-05	6.26197153156285e-05	7.54607805800269e-05	0.000146999897247535	8.31921430019771e-05	8.39900280271866e-05
"Human Diseases|Cancers: Overview|Choline metabolism in cancer"	4.73985023216674e-05	3.78882505420378e-05	4.56177991184832e-05	5.51575979064932e-05	8.4618569744272e-05	0.0001335205413729	5.20100136565153e-05	7.80960513982932e-05
"Human Diseases|Infectious diseases: Bacterial|Bacterial invasion of epithelial cells"	1.54992541442481e-05	2.31438474809952e-05	3.12959217136496e-05	8.56948371521584e-05	0.000167599067621348	7.32690968159432e-05	4.03639773524048e-05	5.88542627394323e-05
"Environmental Information Processing|Signal transduction|Phospholipase D signaling pathway"	4.54062849291696e-05	3.57592573756663e-05	4.22420550058063e-05	4.78826200770012e-05	7.00535239417019e-05	0.000130422143754691	4.67787449898567e-05	7.02707052052459e-05
"Cellular Processes|Cell growth and death|Meiosis - yeast"	6.49982217005406e-05	4.82819975126485e-05	6.73677059984131e-05	3.90000957223248e-05	5.22662593440241e-05	7.86412388433396e-05	6.19493509856949e-05	5.88817432964933e-05
"Metabolism|Metabolism of terpenoids and polyketides|Carotenoid biosynthesis"	1.65854171983458e-05	1.45971946804746e-05	6.83741971956851e-05	5.29711980224337e-05	7.17242263729467e-05	6.90113955479682e-05	7.95991013817033e-05	8.42893169185315e-05
"Organismal Systems|Endocrine system|Renin-angiotensin system"	3.68274244924053e-05	2.44032628859532e-05	4.64509837476515e-05	4.45640402284899e-05	7.39439514133012e-05	0.000111551233073884	4.98427174009609e-05	6.93750025312008e-05
"Metabolism|Xenobiotics biodegradation and metabolism|Steroid degradation"	5.8685628975024e-05	4.3152248947264e-05	1.83459605231676e-05	2.83284886093495e-05	3.87207801671219e-05	0.000105605286110647	4.14388188854396e-05	8.59840874446337e-05
"Metabolism|Metabolism of terpenoids and polyketides|Sesquiterpenoid and triterpenoid biosynthesis"	1.70869698151184e-05	1.45369633314705e-05	3.52494283734722e-05	4.11249823646731e-05	5.54834564674718e-05	0.000133123555522676	4.78859838632017e-05	6.60688903051097e-05
"Environmental Information Processing|Signaling molecules and interaction|Neuroactive ligand-receptor interaction"	3.86000290095419e-05	2.99582246657844e-05	4.28729703654953e-05	4.49846002747986e-05	5.06687568650012e-05	8.0939773458439e-05	6.04310918806022e-05	5.53950425105348e-05
"Human Diseases|Infectious diseases: Viral|HTLV-I infection"	3.86000290095419e-05	2.99582246657844e-05	4.28729703654953e-05	4.49846002747986e-05	5.06687568650012e-05	8.0939773458439e-05	6.04310918806022e-05	5.53950425105348e-05
"Organismal Systems|Digestive system|Cholesterol metabolism"	3.86000290095419e-05	2.99582246657844e-05	4.28729703654953e-05	4.49846002747986e-05	5.06687568650012e-05	8.0939773458439e-05	6.04310918806022e-05	5.53950425105348e-05
"Human Diseases|Cancers: Specific types|Bladder cancer"	2.0956741641602e-05	2.26673374229789e-05	7.65803453102607e-05	4.54548918929847e-05	6.38693839459303e-05	3.58529091015991e-05	5.51223654417618e-05	4.53176863338163e-05
"Human Diseases|Infectious diseases: Parasitic|African trypanosomiasis"	1.57960743816229e-05	1.88118524236286e-05	2.39909038543842e-05	3.62502517127347e-05	5.82461198450803e-05	0.000123927986430353	3.30941771443967e-05	5.46496810771625e-05
"Genetic Information Processing|Replication and repair|Non-homologous end-joining"	6.11780527106003e-05	7.96278793726935e-05	2.04298197963101e-05	2.83643175468811e-05	2.9984735030412e-05	3.52108137041898e-05	4.97994403612552e-05	2.88166059475477e-05
"Metabolism|Biosynthesis of other secondary metabolites|Flavonoid biosynthesis"	4.57725905685892e-05	2.46750021963789e-05	4.17777663834571e-05	2.28524630264315e-05	3.11504695005513e-05	8.49153151911046e-05	3.09506191619811e-05	3.80802498098115e-05
"Metabolism|Biosynthesis of other secondary metabolites|Stilbenoid, diarylheptanoid and gingerol biosynthesis"	4.57725905685892e-05	2.46750021963789e-05	4.17777663834571e-05	2.28524630264315e-05	3.11504695005513e-05	8.49153151911046e-05	3.09506191619811e-05	3.80802498098115e-05
"Human Diseases|Neurodegenerative diseases|Prion diseases"	5.44692344983041e-05	6.03082370572058e-05	1.90594830087917e-05	3.02839562555083e-05	4.41118550793555e-05	3.85085076218917e-05	3.5869326920383e-05	2.55883862492073e-05
"Metabolism|Xenobiotics biodegradation and metabolism|Furfural degradation"	2.03813321955833e-05	1.73073704638215e-05	2.44423736297494e-05	3.17827805718305e-05	3.90047237437926e-05	7.22286240608013e-05	4.19052322612908e-05	5.34151230176529e-05
"Human Diseases|Substance dependence|Alcoholism"	1.57946779803615e-05	1.45844697475864e-05	2.55332397833485e-05	3.31681922984646e-05	4.01401891159761e-05	7.71278220862746e-05	4.58411631237017e-05	4.75382926850476e-05
"Human Diseases|Substance dependence|Amphetamine addiction"	1.57946779803615e-05	1.45844697475864e-05	2.55332397833485e-05	3.31681922984646e-05	4.01401891159761e-05	7.71278220862746e-05	4.58411631237017e-05	4.75382926850476e-05
"Human Diseases|Substance dependence|Cocaine addiction"	1.57946779803615e-05	1.45844697475864e-05	2.55332397833485e-05	3.31681922984646e-05	4.01401891159761e-05	7.71278220862746e-05	4.58411631237017e-05	4.75382926850476e-05
"Organismal Systems|Nervous system|Dopaminergic synapse"	1.57946779803615e-05	1.45844697475864e-05	2.55332397833485e-05	3.31681922984646e-05	4.01401891159761e-05	7.71278220862746e-05	4.58411631237017e-05	4.75382926850476e-05
"Organismal Systems|Nervous system|Serotonergic synapse"	1.57946779803615e-05	1.45844697475864e-05	2.55332397833485e-05	3.31681922984646e-05	4.01401891159761e-05	7.71278220862746e-05	4.58411631237017e-05	4.75382926850476e-05
"Genetic Information Processing|Transcription|Basal transcription factors"	5.07232110421153e-05	6.33874716919238e-05	2.14383297368227e-05	3.01144707818828e-05	3.05147215618615e-05	5.84354415102392e-06	5.52908905515421e-05	3.36276401514977e-05
"Environmental Information Processing|Signal transduction|MAPK signaling pathway - yeast"	3.27524464129216e-05	1.97133519254942e-05	1.02911354969222e-05	1.7221956812247e-05	3.15053487702379e-05	9.85932887271538e-05	1.20712416132299e-05	3.32623045072359e-05
"Organismal Systems|Endocrine system|Thyroid hormone signaling pathway"	9.32125314144062e-06	7.79105224301031e-06	1.80604900869576e-05	2.09648007924257e-05	2.84435279063155e-05	7.04124591194318e-05	2.46493845507009e-05	3.81405925917658e-05
"Cellular Processes|Cell growth and death|Apoptosis - multiple species"	8.75886688001865e-06	7.3397412899091e-06	1.77219107174719e-05	2.05631457114142e-05	2.83231841627993e-05	6.66658960374481e-05	2.54313326808099e-05	3.84970287262428e-05
"Cellular Processes|Cell growth and death|p53 signaling pathway"	8.75886688001865e-06	7.3397412899091e-06	1.77219107174719e-05	2.05631457114142e-05	2.83231841627993e-05	6.66658960374481e-05	2.54313326808099e-05	3.84970287262428e-05
"Human Diseases|Cancers: Specific types|Colorectal cancer"	8.75886688001865e-06	7.3397412899091e-06	1.77219107174719e-05	2.05631457114142e-05	2.83231841627993e-05	6.66658960374481e-05	2.54313326808099e-05	3.84970287262428e-05
"Human Diseases|Cancers: Specific types|Small cell lung cancer"	8.75886688001865e-06	7.3397412899091e-06	1.77219107174719e-05	2.05631457114142e-05	2.83231841627993e-05	6.66658960374481e-05	2.54313326808099e-05	3.84970287262428e-05
"Human Diseases|Cardiovascular diseases|Viral myocarditis"	8.75886688001865e-06	7.3397412899091e-06	1.77219107174719e-05	2.05631457114142e-05	2.83231841627993e-05	6.66658960374481e-05	2.54313326808099e-05	3.84970287262428e-05
"Human Diseases|Infectious diseases: Parasitic|Toxoplasmosis"	8.75886688001865e-06	7.3397412899091e-06	1.77219107174719e-05	2.05631457114142e-05	2.83231841627993e-05	6.66658960374481e-05	2.54313326808099e-05	3.84970287262428e-05
"Human Diseases|Infectious diseases: Viral|Hepatitis B"	8.75886688001865e-06	7.3397412899091e-06	1.77219107174719e-05	2.05631457114142e-05	2.83231841627993e-05	6.66658960374481e-05	2.54313326808099e-05	3.84970287262428e-05
"Human Diseases|Infectious diseases: Viral|Herpes simplex infection"	8.75886688001865e-06	7.3397412899091e-06	1.77219107174719e-05	2.05631457114142e-05	2.83231841627993e-05	6.66658960374481e-05	2.54313326808099e-05	3.84970287262428e-05
"Human Diseases|Infectious diseases: Viral|Human cytomegalovirus infection"	8.75886688001865e-06	7.3397412899091e-06	1.77219107174719e-05	2.05631457114142e-05	2.83231841627993e-05	6.66658960374481e-05	2.54313326808099e-05	3.84970287262428e-05
"Human Diseases|Infectious diseases: Viral|Influenza A"	8.75886688001865e-06	7.3397412899091e-06	1.77219107174719e-05	2.05631457114142e-05	2.83231841627993e-05	6.66658960374481e-05	2.54313326808099e-05	3.84970287262428e-05
"Human Diseases|Infectious diseases: Viral|Kaposi's sarcoma-associated herpesvirus infection"	8.75886688001865e-06	7.3397412899091e-06	1.77219107174719e-05	2.05631457114142e-05	2.83231841627993e-05	6.66658960374481e-05	2.54313326808099e-05	3.84970287262428e-05
"Metabolism|Chemical structure transformation maps|Biosynthesis of terpenoids and steroids"	9.06040164146192e-06	7.49294948188294e-06	1.76247141867361e-05	2.05624911823365e-05	2.79068575684605e-05	6.67250879082213e-05	2.39429919316009e-05	3.3033412858403e-05
"Metabolism|Lipid metabolism|Steroid biosynthesis"	8.54348490755918e-06	7.26848166573523e-06	1.76247141867361e-05	2.05624911823365e-05	2.77417282337359e-05	6.65617777613379e-05	2.39429919316009e-05	3.3033412858403e-05
"Cellular Processes|Transport and catabolism|Autophagy - yeast"	3.55380254558134e-05	5.02095311929122e-05	1.03359587593277e-05	1.5487429952841e-05	1.62184528255363e-05	3.13651055283626e-05	2.52938129049676e-05	1.92291166627971e-05
"Metabolism|Lipid metabolism|Linoleic acid metabolism"	6.57428678203193e-06	6.37030345791761e-06	1.43722162058306e-05	2.7408831334644e-05	5.00046246031219e-05	4.21635318204457e-05	1.66288466821222e-05	2.15155946057441e-05
"Human Diseases|Infectious diseases: Parasitic|Chagas disease (American trypanosomiasis)"	1.97573114880654e-06	3.31288416581085e-06	5.49463786720512e-06	1.49725434457951e-05	2.91420745998663e-05	5.57693421656919e-05	6.99482879659571e-06	1.45018498568479e-05
"Metabolism|Xenobiotics biodegradation and metabolism|Polycyclic aromatic hydrocarbon degradation"	7.68605953148242e-06	7.60509855707088e-06	7.85620996640438e-06	1.3012957377219e-05	1.19534055179412e-05	9.21901003577189e-06	2.0487399822699e-05	2.4593299451556e-05
"Human Diseases|Immune diseases|Rheumatoid arthritis"	1.94510433699712e-05	9.58034747286194e-06	1.38244716536934e-05	7.96317593303531e-06	7.71036043639166e-06	1.91463342731145e-05	6.98319560596026e-06	8.9815490032508e-06
"Organismal Systems|Development|Osteoclast differentiation"	1.94510433699712e-05	9.58034747286194e-06	1.38244716536934e-05	7.96317593303531e-06	7.71036043639166e-06	1.91463342731145e-05	6.98319560596026e-06	8.9815490032508e-06
"Organismal Systems|Digestive system|Bile secretion"	6.71273814165365e-06	6.91218354486587e-06	8.02150453370683e-06	1.26802028957742e-05	1.1380163318105e-05	5.8588051533804e-06	2.09067429547675e-05	1.04422288424619e-05
"Metabolism|Glycan biosynthesis and metabolism|Glycosphingolipid biosynthesis - lacto and neolacto series"	1.83720822507932e-05	1.00618589333511e-05	7.84396620398695e-07	3.84429182974118e-07	1.59349808009257e-06	3.09017178987038e-05	1.06330678454004e-06	1.63515393649095e-06
"Metabolism|Metabolism of terpenoids and polyketides|Biosynthesis of 12-, 14- and 16-membered macrolides"	9.70230550379482e-06	8.64741425713484e-06	5.03340286711907e-06	7.56334678976655e-06	1.00612045053898e-05	2.32392124229239e-06	9.43604528292337e-06	4.90141661046779e-06
"Human Diseases|Infectious diseases: Bacterial|Pathogenic Escherichia coli infection"	1.56913100904617e-06	2.59451726355965e-06	2.41825478874681e-06	6.1496209703587e-06	1.71047412187675e-05	4.75271770633463e-06	5.10608201635161e-06	7.37738486062761e-06
"Human Diseases|Infectious diseases: Bacterial|Vibrio cholerae infection"	3.85044853179565e-07	5.33063220000303e-07	4.49747068633327e-07	1.18486876864544e-06	2.64034041329531e-06	3.52711959956284e-05	7.27811467397597e-07	3.78589718773427e-06
"Metabolism|Metabolism of terpenoids and polyketides|Biosynthesis of type II polyketide products"	1.47477319254011e-05	9.44687298162601e-06	1.603103903518e-06	9.53418621855072e-07	1.99901492365868e-06	4.69261456633435e-06	6.94296304080717e-07	1.45139335259271e-06
"Metabolism|Glycan biosynthesis and metabolism|Other types of O-glycan biosynthesis"	1.56654487968858e-05	1.05036686032291e-05	1.35574724513355e-06	2.68206406726129e-07	6.60517338898474e-07	1.82924250548888e-06	3.71785589000014e-07	9.08418853606083e-07
"Metabolism|Glycan biosynthesis and metabolism|Mannose type O-glycan biosynthesis"	1.56654487968858e-05	1.05036686032291e-05	1.35574724513355e-06	2.68206406726129e-07	6.60517338898474e-07	1.51276767639404e-06	3.71785589000014e-07	9.08418853606083e-07
"Human Diseases|Infectious diseases: Bacterial|Shigellosis"	2.75542728417865e-06	4.26744947446146e-06	8.64988562139452e-07	2.01744599138909e-06	7.75248939527501e-06	3.51332676247351e-06	2.38506323294184e-06	3.11780800014892e-06
"Environmental Information Processing|Signal transduction|cAMP signaling pathway"	7.05974243061613e-07	5.22570577275082e-07	4.35775900221497e-07	4.02309610089193e-07	7.01799672579629e-07	3.88660959040829e-06	7.06392619100026e-07	6.42316361135614e-07
"Environmental Information Processing|Signal transduction|cGMP-PKG signaling pathway"	6.34180252241788e-07	5.22570577275082e-07	4.35775900221497e-07	4.02309610089193e-07	7.01799672579629e-07	3.85068135809393e-06	7.06392619100026e-07	6.05612569070722e-07
"Organismal Systems|Circulatory system|Adrenergic signaling in cardiomyocytes"	6.34180252241788e-07	5.22570577275082e-07	4.35775900221497e-07	4.02309610089193e-07	7.01799672579629e-07	3.85068135809393e-06	7.06392619100026e-07	6.05612569070722e-07
"Organismal Systems|Digestive system|Gastric acid secretion"	6.34180252241788e-07	5.22570577275082e-07	4.35775900221497e-07	4.02309610089193e-07	7.01799672579629e-07	3.85068135809393e-06	7.06392619100026e-07	6.05612569070722e-07
"Organismal Systems|Digestive system|Pancreatic secretion"	6.34180252241788e-07	5.22570577275082e-07	4.35775900221497e-07	4.02309610089193e-07	7.01799672579629e-07	3.85068135809393e-06	7.06392619100026e-07	6.05612569070722e-07
"Organismal Systems|Digestive system|Salivary secretion"	6.34180252241788e-07	5.22570577275082e-07	4.35775900221497e-07	4.02309610089193e-07	7.01799672579629e-07	3.85068135809393e-06	7.06392619100026e-07	6.05612569070722e-07
"Organismal Systems|Endocrine system|Aldosterone synthesis and secretion"	6.34180252241788e-07	5.22570577275082e-07	4.35775900221497e-07	4.02309610089193e-07	7.01799672579629e-07	3.85068135809393e-06	7.06392619100026e-07	6.05612569070722e-07
"Organismal Systems|Endocrine system|Insulin secretion"	6.34180252241788e-07	5.22570577275082e-07	4.35775900221497e-07	4.02309610089193e-07	7.01799672579629e-07	3.85068135809393e-06	7.06392619100026e-07	6.05612569070722e-07
"Organismal Systems|Excretory system|Aldosterone-regulated sodium reabsorption"	6.34180252241788e-07	5.22570577275082e-07	4.35775900221497e-07	4.02309610089193e-07	7.01799672579629e-07	3.85068135809393e-06	7.06392619100026e-07	6.05612569070722e-07
"Organismal Systems|Excretory system|Endocrine and other factor-regulated calcium reabsorption"	6.34180252241788e-07	5.22570577275082e-07	4.35775900221497e-07	4.02309610089193e-07	7.01799672579629e-07	3.85068135809393e-06	7.06392619100026e-07	6.05612569070722e-07
"Human Diseases|Cardiovascular diseases|Dilated cardiomyopathy (DCM)"	8.13665229291352e-07	8.55115490086499e-07	2.25957874188925e-07	1.49003559292294e-07	7.98125117835658e-07	2.75048668435281e-07	1.43757094413339e-06	5.23029036924715e-07
"Human Diseases|Cardiovascular diseases|Hypertrophic cardiomyopathy (HCM)"	8.13665229291352e-07	8.55115490086499e-07	2.25957874188925e-07	1.49003559292294e-07	7.98125117835658e-07	2.75048668435281e-07	1.43757094413339e-06	5.23029036924715e-07
"Environmental Information Processing|Signal transduction|Notch signaling pathway"	4.10251376113286e-09	4.07197852422142e-09	2.66389017796331e-07	7.27042394214177e-07	1.24135446955925e-06	2.29932833184756e-07	2.74207594811324e-07	2.71899068886723e-07
"Environmental Information Processing|Signal transduction|Wnt signaling pathway"	4.10251376113286e-09	4.07197852422142e-09	2.66389017796331e-07	7.27042394214177e-07	1.24135446955925e-06	2.29932833184756e-07	2.74207594811324e-07	2.71899068886723e-07
"Human Diseases|Cancers: Specific types|Chronic myeloid leukemia"	4.10251376113286e-09	4.07197852422142e-09	2.66389017796331e-07	7.27042394214177e-07	1.24135446955925e-06	2.29932833184756e-07	2.74207594811324e-07	2.71899068886723e-07
"Metabolism|Biosynthesis of other secondary metabolites|Staurosporine biosynthesis"	0	0	0	0	0	2.63243177447533e-06	0	0
"Organismal Systems|Endocrine system|Parathyroid hormone synthesis, secretion and action"	4.92985403629465e-07	1.710230980173e-07	0	0	2.40813613140069e-07	8.17696770535719e-08	4.95714118666684e-07	3.67037920648922e-07
"Organismal Systems|Endocrine system|Oxytocin signaling pathway"	1.4358798163965e-07	0	0	0	8.25646673623093e-08	1.3752433421764e-07	0	1.65167064292015e-07
"Organismal Systems|Nervous system|Retrograde endocannabinoid signaling"	7.1793990819825e-08	0	0	0	0	1.31171307908673e-07	0	0
"Cellular Processes|Transport and catabolism|Endocytosis"	7.97711009109167e-08	0	0	0	4.12823336811546e-08	3.59282323143585e-08	0	3.67037920648923e-08
"Metabolism|Glycan biosynthesis and metabolism|Glycosaminoglycan biosynthesis - chondroitin sulfate / dermatan sulfate"	4.41809174275847e-08	6.99545028520091e-08	1.0191601642288e-09	2.850374670659e-09	2.655153678295e-08	4.66846969571799e-09	3.41410530434126e-09	4.24908448383278e-09
"Environmental Information Processing|Signal transduction|Ras signaling pathway"	7.1793990819825e-08	0	0	0	0	3.59282323143585e-08	0	3.67037920648923e-08
"Environmental Information Processing|Signal transduction|Sphingolipid signaling pathway"	7.1793990819825e-08	0	0	0	0	3.59282323143585e-08	0	3.67037920648923e-08
"Organismal Systems|Endocrine system|GnRH signaling pathway"	7.1793990819825e-08	0	0	0	0	3.59282323143585e-08	0	3.67037920648923e-08
"Organismal Systems|Immune system|Fc gamma R-mediated phagocytosis"	7.1793990819825e-08	0	0	0	0	3.59282323143585e-08	0	3.67037920648923e-08
"Organismal Systems|Nervous system|Synaptic vesicle cycle"	0	0	0	0	1.37607778937182e-08	0	0	0
"Human Diseases|Immune diseases|Systemic lupus erythematosus"	0	0	1.98170031933377e-10	4.26886049814211e-10	1.16394028568967e-09	5.15950776396331e-10	5.57931988949542e-10	8.26210871856373e-10
