"ID"	"hamlet11"	"hamlet17"	"hamlet22"	"hamlet25"	"hamlet31"	"hamlet41"	"hamlet59"	"hamlet67"
"ko00010"	0.0145956962381001	0.0109670907587717	0.0123787278838648	0.0107665877206243	0.0114035838652376	0.0121603008405344	0.0117754017059195	0.00984525768515161
"ko00020"	0.005646484577266	0.00588999086151445	0.00536775345143874	0.00605359891777858	0.00622733939417727	0.00568650982540658	0.00582536137288126	0.00629287681599447
"ko00030"	0.00646036248913467	0.00599318569170791	0.00645694883595449	0.0058932075848417	0.00608541634047296	0.00657343793480011	0.00641425764292943	0.00569237556548715
"ko00040"	0.00504488055551187	0.00422533455107891	0.00574535059881584	0.00443281147358097	0.00376382790086483	0.0046057148963461	0.00473646348936892	0.00409431161581916
"ko00051"	0.0116047685020441	0.00821730300643641	0.0136634584236808	0.00865430005900679	0.00968029663769981	0.0103552050335844	0.00995979831996654	0.00692302343799981
"ko00052"	0.00870423735743331	0.00752926615634996	0.00752869588197502	0.00785623228490315	0.00718481015970691	0.00746772256756369	0.00813362024205031	0.00861865436042784
"ko00053"	0.00166847733420594	0.00130364415720875	0.00318413682569288	0.00136704530546537	0.00127868895307255	0.00168686063872578	0.00157737254140717	0.00112273257906052
"ko00061"	0.00505549321862743	0.00501649428046761	0.00384189598781831	0.00499156321902255	0.00497436516541614	0.00476948980460323	0.00498088892201685	0.00622144216039758
"ko00071"	0.00375385544066075	0.00377936154390909	0.00441243024936586	0.00367438478177646	0.0034604262582627	0.00360294543275994	0.003595871876488	0.00308460965790746
"ko00072"	0.000590282422853224	0.000520707542778417	0.000814829291289421	0.000475938734539745	0.000556122266133556	0.000587144023726639	0.000571206455172402	0.000399178575798782
"ko00100"	8.69602690389192e-06	3.19872909686177e-05	4.62322559056412e-06	1.37782829958614e-05	2.75070839592507e-05	2.36241653919304e-05	1.1632052485259e-05	6.87130266237898e-05
"ko00120"	0.000334102994078864	0.000217908310379109	5.69404392805571e-05	0.000237058639487366	0.000158049197195057	0.000207761665610226	0.00023598007502316	0.000299514107903879
"ko00121"	0.000272275842505363	0.000206413417482612	0.000157416596091123	0.000226722968956808	0.000152126493811981	0.000194983602128138	0.000234815812200851	0.000305235375766303
"ko00130"	0.0014371796092898	0.00141251574606095	0.00309885338038583	0.00118975863233812	0.00172769998942612	0.00146477620557483	0.00145294701921092	0.00193677031547555
"ko00140"	0.000690118909306493	0.000783566643250726	0.000509839858205177	0.000962839122277973	0.000484517503600608	0.000450581963122797	0.000747057991196744	0.00156562424299688
"ko00190"	0.00593750397539761	0.00679817656643835	0.00662942381832616	0.00658537637233437	0.00641644767019658	0.00659267286296149	0.00638466455440072	0.00860477965433864
"ko00195"	0.00180041182079442	0.00179818665890595	0.00129934071411557	0.00174657929274336	0.00183954158043747	0.00171564674456918	0.00169655391846857	0.00174136055302513
"ko00220"	0.00343544203674222	0.00396596800462169	0.00363923539886971	0.00388225328914926	0.00391733628933269	0.00384149857597438	0.00387182900730276	0.00371930474539328
"ko00230"	0.014346103794135	0.0147826375058302	0.0145739893274841	0.0147576402163923	0.0149444741461006	0.0146212083144807	0.0145143918615856	0.0139399987145157
"ko00240"	0.0111784361233984	0.0108348075196923	0.0108001340704595	0.0111100962796874	0.0112216561513634	0.0106455925366911	0.0107880594224831	0.0101055529749884
"ko00250"	0.00606480776995476	0.00684514936456965	0.00691798448792577	0.00676654570849754	0.0065650749144872	0.00632852609097488	0.00664154756638068	0.00716463805362487
"ko00253"	0.000100534661076721	0.000146946558162444	3.96352780331025e-05	0.000148306495720719	0.000173702609648398	0.00012974403588669	0.000121518691550154	0.000122414148624518
"ko00260"	0.00712999790405457	0.0078684093768879	0.00675850871306677	0.00805942627140554	0.00795292153008112	0.00774943998832215	0.00764557495269306	0.00769581016225473
"ko00261"	0.00140221381341767	0.00170643799183631	0.00181311947434311	0.00168797056664689	0.0015593520557157	0.00151459663302337	0.00160343344206209	0.00197186235028634
"ko00270"	0.00908541341404007	0.00874857051865327	0.00672472877104786	0.00877414567395139	0.00886766531281888	0.00851231909112261	0.0083739921787448	0.00767163807416346
"ko00280"	0.00510856098791013	0.00551279779702906	0.00413685506001097	0.00565536152423615	0.00548005000734746	0.00488263847838374	0.00516073131303007	0.00489072632010804
"ko00281"	0.000580914140392957	0.000566420114881721	0.00106405330745141	0.000566137429948891	0.000645227762332794	0.000583761844177025	0.000605370595133779	0.000355667783965249
"ko00290"	0.0024260471531162	0.0030262055481339	0.00262648575482706	0.00303745863842799	0.00289849808950111	0.00276795641524325	0.00275137457316713	0.00270252381604057
"ko00300"	0.00503973400715447	0.00502766989150353	0.00334433972724051	0.005294525588306	0.00475969332906317	0.00474017217830476	0.00473801126937535	0.00470363450657114
"ko00310"	0.00163584772054544	0.00171832837688444	0.0033804396607825	0.00173607770474658	0.00178522707851939	0.00179615095412066	0.00186108323673388	0.00120534879364154
"ko00311"	0.000210458971561634	0.000286653190995605	0.000193337351060897	0.00036820293517433	0.000237253614127487	0.000238711841678021	0.000274195501480689	0.000312889831597799
"ko00330"	0.00365530499231822	0.00401101556786038	0.00500818183545367	0.00414093753439518	0.00430942559460549	0.00413658760394746	0.00403283794261496	0.00345960619169174
"ko00332"	0.000439159714004903	0.000455734286156999	0.000322327883618625	0.000453136289191331	0.000451830902833665	0.000426097645731946	0.000422770808599985	0.000444971301736812
"ko00333"	0.00152476188271055	0.00175169849557929	0.00170137365594219	0.00163612349847398	0.00167772080506576	0.00175840803009624	0.00174402195000215	0.0022545177403647
"ko00340"	0.0030700986796888	0.00385902457298866	0.00262987289333387	0.00403829827748269	0.00391092584873376	0.00353071761586659	0.00356206110572763	0.00369264819748174
"ko00350"	0.00227841247921071	0.00247595185112754	0.00365815281973666	0.00230027943084239	0.00236568285928402	0.00252507786687381	0.00254353331036169	0.0020006914173614
"ko00360"	0.00317550098070213	0.00300098785960986	0.00360002428807058	0.00304778827089043	0.00298020318241199	0.00295515653216929	0.00299525796639055	0.00235930269385951
"ko00361"	0.000236056123848559	0.00028559543575779	0.000459428902591791	0.000215909811264684	0.000228923499522944	0.00025380976747492	0.000214173691627794	0.000476829760488917
"ko00362"	0.00217050911729579	0.00268953605558833	0.00287675848434134	0.00290987138642632	0.00255366628445657	0.00245078565053206	0.00248446100378321	0.00155155230660258
"ko00364"	9.85591009441709e-05	0.000204489335995823	0.000243858252767736	0.000205724075662663	0.000152913486865124	0.00014339215097594	0.000157428675153098	0.000305743432769823
"ko00365"	1.46983849463688e-05	4.14539877719919e-05	1.35163564360901e-05	2.35312023414735e-05	3.45333297729191e-05	3.91743771203436e-05	2.62036847238053e-05	7.63371839281126e-05
"ko00380"	0.00118009975736579	0.00134798912162696	0.0020984096338487	0.00138607293218759	0.00125357310233399	0.00125779056277917	0.00130057913117385	0.00099246379316734
"ko00400"	0.00522550571923088	0.00587398486531255	0.00443206273348796	0.00579222314698748	0.00612766758488223	0.00543216981233985	0.0054215149037202	0.00515779948956886
"ko00401"	0.00128324545575958	0.00146213366490946	0.000921885929143284	0.00136125518141607	0.00150671865013762	0.00129549998568824	0.00128999962386996	0.00124737096516544
"ko00404"	0	0	0	0	8.79140280228742e-07	1.03270649129837e-07	3.51775780804203e-08	0
"ko00405"	0.00034073808145063	0.000499022695010487	0.000530154474866453	0.000503557413486816	0.000483833192268573	0.000445379882148825	0.000454824993466962	0.000498413898837646
"ko00410"	0.00207680890095657	0.00221614505637066	0.00313689941306856	0.00219659059338021	0.00248957040501026	0.00218052483839505	0.00220941378436627	0.00156577678629882
"ko00430"	0.000962229330758183	0.00118983171674751	0.00137545962439322	0.00115317506018015	0.00106607380677507	0.00113852033293141	0.00114688367435599	0.00112944976189866
"ko00440"	0.000500654178922684	0.000499714016362115	0.00104988833043045	0.000506228770920478	0.000456392187958306	0.000494845088421955	0.000562023052564864	0.000478745445309059
"ko00450"	0.00403246463622211	0.00363001381347383	0.00383648902009222	0.00352592637479175	0.00358055475407422	0.00362958882202171	0.00355833324223545	0.00349074144628486
"ko00460"	0.00173486159684777	0.00184146957637507	0.00102695595638479	0.00207924022965765	0.00145442830651655	0.00148578458109856	0.00172809215839497	0.00257010712915253
"ko00471"	0.000918392990758956	0.00101259361943874	0.000870622136101478	0.00106502628974058	0.000995048540881043	0.000926715532719334	0.000962288197002333	0.000946651235308752
"ko00472"	0.000107302809630329	7.24760385514332e-05	6.28207034391279e-05	8.42413545136194e-05	0.000114842601279128	0.000141014085585672	0.000120384494162264	2.8893838833846e-05
"ko00473"	0.000664908575443888	0.000646612717235559	0.000613303810799923	0.000647828853651802	0.000734229494933244	0.000746048854172658	0.000703021744970793	0.000505696580107545
"ko00480"	0.00135156317127974	0.00180061948750452	0.00287532568302134	0.0015753209572264	0.00188522090043913	0.00164643514391556	0.00162003644406834	0.0020967556520054
"ko00500"	0.0154715536644016	0.0116042241657375	0.00949356539044988	0.0119690274909333	0.0129148961016787	0.0129834687882779	0.012571335572425	0.0107484481865246
"ko00510"	0.000192050858269642	0.000232338436157752	7.18142719172069e-05	0.000230760040706766	0.000224842518864537	0.000166453027004209	0.000222056391119134	0.000398030343269347
"ko00511"	0.00279390605518794	0.0033125666985087	0.00107563259965964	0.00390460156842165	0.00210699209603649	0.0020656518534848	0.00310464681599164	0.00623105530887915
"ko00513"	0.000472777904572342	0.000576438848171548	0.00010278826985046	0.000727037995899438	0.000389843880809601	0.000314599088122632	0.000521221004163847	0.00116581353627518
"ko00514"	3.31868781842406e-06	8.24414715686022e-07	9.67987858024363e-07	1.20559976213787e-06	1.71070071329158e-06	4.12010451346756e-06	5.67590046263627e-06	2.09490934828627e-06
"ko00515"	3.31868781842406e-06	8.24414715686022e-07	9.67987858024363e-07	1.20559976213787e-06	1.6729454571708e-06	4.11235471637308e-06	5.6431173543351e-06	2.09490934828627e-06
"ko00520"	0.0208957236654864	0.0153411681128641	0.0151226605037908	0.0156011325792414	0.0160321167574118	0.0157026659413528	0.0160673721033278	0.0164212671103646
"ko00521"	0.00261573536520101	0.00278000802233221	0.00159714894580597	0.00274791845917294	0.00231003453400951	0.00233862079914262	0.00253238348860141	0.00341279034875224
"ko00522"	4.24054716844163e-06	2.7370568560776e-06	6.60987120282037e-06	2.89444367716266e-06	2.75293473716439e-06	8.47233351565737e-06	6.47075185351916e-06	1.59923364756188e-06
"ko00523"	0.000996944745580849	0.00138015484897688	0.000845723811086713	0.00135042436974631	0.000997631276130252	0.00100706594512755	0.00115950242867514	0.00182188635025418
"ko00524"	0.000903142622201765	0.000709686605321287	0.000436919284035176	0.000642149589384969	0.000620656635183617	0.000647706003768388	0.000688583313542636	0.000799213581639273
"ko00525"	0.000474540449661	0.000684204369871636	0.000457228723188864	0.000712855658697047	0.00047495983181093	0.00047107828974904	0.000558923067657961	0.000919257992104579
"ko00531"	0.000988143841358792	0.00117555724568597	0.000422130528223782	0.00141562744022369	0.000836566024254888	0.000753096795659921	0.00107102806755304	0.00211891910782962
"ko00532"	2.26150917188137e-09	1.20793364935681e-09	1.98478872362252e-06	0	2.41584825810098e-08	6.04638682587272e-09	1.35588845935759e-08	5.71598730773882e-10
"ko00540"	0.00427782649057043	0.00393240709933373	0.00505488963491128	0.00423906994477426	0.00422944206744908	0.0035730988300959	0.00366067253395631	0.0040330028891699
"ko00550"	0.00552528235093378	0.0057302977016831	0.00417956377570872	0.00571420939660506	0.00574736796328223	0.00549245226705818	0.00547076695195114	0.00506936800393546
"ko00561"	0.00314739124540907	0.00287399620632684	0.00325986318844142	0.0027586248764576	0.0032852235805844	0.00322588339175031	0.00317046395798432	0.00228640007492221
"ko00562"	0.00105636998544661	0.00121999815276313	0.00118803221108901	0.00123220479440206	0.00108025421095294	0.0013071432379945	0.00128115048149973	0.00138319116351887
"ko00564"	0.00324445503334662	0.00318437317265408	0.00435873008863989	0.00302188060930087	0.00308786781168962	0.0030875158727059	0.00321277486083257	0.00391465450405311
"ko00565"	2.69390072322802e-05	8.13098103011049e-05	0.000224640585074236	8.90791101883234e-05	7.17082370334713e-05	7.46192332033279e-05	6.81142855960335e-05	8.78076935742162e-05
"ko00571"	2.99144688936642e-05	8.55450182391985e-05	1.52550207750219e-05	4.96534873463355e-05	6.97732935028248e-05	7.91438213410388e-05	5.02891507669273e-05	0.000156434966123352
"ko00590"	8.1781000761488e-05	0.000130637653169747	0.000234904187600769	0.000102386123642985	0.000124879220769167	0.000103004022665088	0.000127430408180563	0.000223988097504784
"ko00591"	2.27642363891261e-06	3.04501091188362e-06	0.000127272722233527	2.44313461168598e-06	8.87300491339454e-06	1.11730874230045e-05	1.84738301114687e-05	6.98829394499115e-06
"ko00592"	0.000153557372326342	0.000223402501027993	0.000488578463488302	0.00020151160247184	0.000258883716708241	0.000251214571960665	0.000241395065755241	0.000196242893833289
"ko00600"	0.00270100818886304	0.00286795708426692	0.00119422922908693	0.00331580364532712	0.00204106173330813	0.00190734628948709	0.00276504224746509	0.00515945951117544
"ko00601"	2.20417661523138e-05	2.67110367882271e-05	2.66557850455963e-06	4.14381861100531e-05	1.19358223963532e-05	1.12433527883817e-05	1.97744892249403e-05	5.4802828551169e-05
"ko00603"	0.00107964640650909	0.00111167767867611	0.000377952883437508	0.00123062238160006	0.000904700444192253	0.000815677283376568	0.00107765930572024	0.00172634612440169
"ko00604"	0.000409385643142338	0.000544220721082538	8.58268109650774e-05	0.000687528769408806	0.000310604175790145	0.000264755015709287	0.000476296131186995	0.00116234995281934
"ko00620"	0.0101569853702615	0.0108625633085142	0.0111113448762795	0.0109404827005239	0.0107104913670977	0.0105199072770681	0.0108496043813147	0.0101278153266379
"ko00621"	6.02663347441512e-05	0.000100421072137721	0.000459233172787062	6.75529871334892e-05	9.4294701399894e-05	0.000112484833997257	0.000132065501813717	0.00014062469319432
"ko00622"	0.000143045449317674	0.000251523054021411	0.000672177329317472	0.000219962048420597	0.000199744311353305	0.000228876910287482	0.000272721962233007	0.000290338180738214
"ko00623"	6.02897608641581e-05	0.000167936780592826	0.000345590285790558	0.000148036403212575	0.000142112291387751	0.000163878485058483	0.000145525332688113	0.000196947940163549
"ko00624"	4.97782765969083e-06	5.55105908561923e-06	3.01285400724785e-06	6.7743224729652e-06	6.86566431323467e-06	1.43826291790181e-05	7.72166649605365e-06	4.20527588053935e-06
"ko00625"	0.00133034907211312	0.00132034121448669	0.00175483892556262	0.00109361990702712	0.00117923942117759	0.00148531316824611	0.0013806253448781	0.00129153417911625
"ko00626"	0.000934202077048661	0.000785769730813646	0.00115939104719374	0.000719094952151953	0.000688760719260676	0.000937598263575496	0.000936762014129304	0.000667398875165799
"ko00627"	0.00102559497545066	0.000934815280168264	0.00137586143609059	0.000888538519848602	0.000909264245964509	0.000931340385352308	0.000919727926207583	0.000543266211173721
"ko00630"	0.00774025074545689	0.00878220667833832	0.00893182216210639	0.00889406845326011	0.00899273790808164	0.00846588142865589	0.00875144813206056	0.00888051392331575
"ko00633"	0.000815133000896088	0.000834771323916119	0.00117115667053141	0.000663178069505241	0.000808997938879274	0.000788368569109091	0.000756389553394508	0.000860921246880289
"ko00640"	0.00791158290361207	0.00779772623423743	0.00884190042153962	0.00772675652602361	0.00779218638218288	0.00761524605589021	0.00798987433805957	0.00732845072534784
"ko00642"	0.000152086735158308	0.000220404599528435	0.000460915396226049	0.000199090561316853	0.000251509009271199	0.000244925595793978	0.00023197051610024	0.000189731878505503
"ko00643"	0.000485019123545351	0.000474303822795178	0.000513602926609223	0.000480435141668096	0.000429350935856548	0.000479586147900048	0.000464791919688705	0.00013553832535878
"ko00650"	0.0062179970443136	0.00630897707916452	0.00881093961283413	0.00640723751047473	0.00616682912394879	0.00620885923772434	0.0063840776179561	0.0049082116783979
"ko00660"	0.00176751894022654	0.00207563573624544	0.00188241616495869	0.00213757941091522	0.00200187989424995	0.00191229884202046	0.00191011522051526	0.00180156438344869
"ko00670"	0.00308314569746553	0.00336682636920509	0.00248283180823113	0.00361149751629964	0.00329477641243365	0.00307772587011197	0.00320869321664191	0.00355283671404483
"ko00680"	0.00755842663687123	0.00724144103293471	0.00734491075621015	0.00751432044577002	0.00720818448700116	0.00731698864109468	0.00747684453058619	0.00643118323071374
"ko00710"	0.00411481672068705	0.00409259908879956	0.00415349145227337	0.00401468565736823	0.00406066954407615	0.00420228650568344	0.00415878542591049	0.00401024942899485
"ko00720"	0.00828829567686997	0.00804414005563142	0.00727942272872519	0.00834710427254283	0.0084414954562094	0.00790228087924062	0.00812339855426691	0.00764810089176502
"ko00730"	0.00328493914567576	0.00318964572571389	0.00247431874819077	0.00320531330481816	0.00318118321908042	0.00293884451450042	0.00299673270173996	0.0031645322463001
"ko00740"	0.00240121268606912	0.00220665497904325	0.00253823171748579	0.00248091638231955	0.00235337746593793	0.00218448268512829	0.00227657719526217	0.00217956862947688
"ko00750"	0.00126916782268187	0.00145437354085492	0.00149480699899151	0.00142106615964713	0.00147709019329115	0.00132343700907742	0.00136079300101508	0.00161858754479934
"ko00760"	0.00373266271834507	0.0037995053534802	0.00470253315504115	0.00375128867054817	0.00373851746426321	0.00368508555363932	0.00373868423221291	0.00360045872834826
"ko00770"	0.00365268671761923	0.00384594471399753	0.00372261081777696	0.00397538367583262	0.00402660526639267	0.00374565602581294	0.00380255485794582	0.00329554870372073
"ko00780"	0.00369754236678534	0.00395167591743998	0.00395566857529126	0.00405120769076791	0.00383488147616683	0.00366771047576273	0.00382153549578739	0.0051032228857275
"ko00785"	0.000209804795417733	0.00027368259764181	0.000369101875024823	0.000266166970932566	0.000255423888656196	0.000257458973963863	0.000273615341215646	0.000452759347992979
"ko00790"	0.00439262049377966	0.00410624091410938	0.00428235237304025	0.00390325114987043	0.00429134752216242	0.00368651135001245	0.0038214396675	0.00409162897076771
"ko00791"	0.000395146494212485	0.000382666567561405	0.000178321870482148	0.00033897569665827	0.000455473469213879	0.00042442597571211	0.000353581111742854	0.000457810990331256
"ko00830"	0.000374102260724715	0.000450712001794439	0.000653968088112972	0.000431744403547102	0.000399648541460305	0.000446609050690487	0.000488365729720141	0.000473509626386529
"ko00860"	0.00724678017568183	0.00600108446564915	0.00465291532886328	0.00566607853505004	0.00762853896887883	0.00650727776966894	0.00642740637496719	0.00510223531057704
"ko00900"	0.00347477977009214	0.00355672840891389	0.00273034537491306	0.00368249599892716	0.00380350175850822	0.00349674317157546	0.00341804619078524	0.0031556842777458
"ko00903"	0.000527122767515152	0.000475804350117608	0.00108428002425445	0.000470679964266493	0.000631550397544075	0.000547319304331875	0.000555477815054761	0.000160409974561679
"ko00906"	1.39486551104197e-05	3.88986343351188e-05	7.39940342905725e-06	2.145680529043e-05	3.45688997070154e-05	3.89056205089325e-05	2.03319766447107e-05	7.29085000649489e-05
"ko00908"	0.000256212249068518	0.00027675881422531	0.000169078475501102	0.000291911053687783	0.000255054257375898	0.00022569215911166	0.000252279351288768	0.000342054706890879
"ko00909"	1.73920538077838e-05	6.39745819372354e-05	9.24645118112824e-06	2.75565659917228e-05	5.50161786702528e-05	4.72483307838609e-05	2.32641049705179e-05	0.00013742605324758
"ko00910"	0.00352318675425654	0.00382981484606652	0.00409683973928914	0.00385095676585912	0.0038348852705372	0.00405965153879611	0.00382982316821084	0.00384468713862003
"ko00920"	0.0045182006822148	0.00443671172007355	0.00666432336638327	0.00426161735331497	0.00438540345162756	0.00460113498209551	0.00452922686699261	0.00432419942219517
"ko00930"	0.000721531324307811	0.000625876747231775	0.000749562781655879	0.000704916772439851	0.000667077872433139	0.000610513511113781	0.000624676978416823	0.000260093977578267
"ko00940"	0.00101647146797446	0.00118702199855268	0.000636956501445487	0.0013619415828536	0.000849632791092464	0.000921782922184188	0.00114432713537867	0.00189470589519666
"ko00941"	3.27364425827076e-05	4.69158711559474e-05	8.71858830968085e-06	5.51278944295125e-05	3.28141277592344e-05	2.46783857721773e-05	4.32027028046621e-05	0.000101450806807517
"ko00944"	0.000107820853486959	0.00013511354040231	0.000122996034302344	0.000163585056931384	8.39924250109567e-05	0.000105497947296658	0.000126982151440264	0.000216587200374146
"ko00945"	3.27364425827076e-05	4.69158711559474e-05	8.71858830968085e-06	5.51278944295125e-05	3.28141277592344e-05	2.46783857721773e-05	4.32027028046621e-05	0.000101450806807517
"ko00950"	0.000722447289321533	0.000812857818747786	0.000472492226255607	0.000740807281111893	0.000802564098290582	0.000696942461898563	0.000691369675280022	0.000652349665340519
"ko00960"	0.00109808968710413	0.00124699049566697	0.00105211927941755	0.00117398551872329	0.00125192617649331	0.00111528380238479	0.00112175336682122	0.00104213186238957
"ko00965"	3.17894460409472e-05	9.46802164774468e-05	0.000119491337721205	0.000100491250921601	7.58907986904475e-05	8.50664679586725e-05	6.9625302852532e-05	8.49214581963865e-05
"ko00966"	0.00024135669897636	0.000301650674719484	0.000171193420535603	0.000308530817086745	0.000277280766071043	0.000269562101683614	0.000251542346859044	0.000294014894332005
"ko00970"	0.00636646491812065	0.00631686327579774	0.00427556679000911	0.00643648009786514	0.00648331231068988	0.00591836998577657	0.00590524086081844	0.00569010488043995
"ko00980"	0.000367879148239128	0.000477874667717965	0.00106466887268189	0.000412112810685678	0.000456384518261109	0.000515711488912718	0.0005216644472714	0.000525313697019352
"ko00981"	0.000120266239059716	0.000153663491114516	0.000496841854354906	0.000122820516565372	0.000192378132784195	0.000187453209451894	0.000191639429470662	8.37350709442193e-05
"ko00982"	0.000376495736218922	0.000520179348253124	0.00106931308166241	0.000425282962917168	0.000482850848233196	0.000540984316377869	0.000532515865383674	0.000596517642905401
"ko00983"	0.00239273831036855	0.00218372419413222	0.00232332020572557	0.00223560247716459	0.00223035556853999	0.00214955474757854	0.00223006763635042	0.00222584072569288
"ko00984"	3.92491022216957e-05	4.37359254273331e-05	9.8407066581332e-05	5.96116610417517e-05	3.21097483750464e-05	4.57889656842269e-05	5.40096399985133e-05	8.1100962612802e-05
"ko01040"	0.00129135189021992	0.00154914123949344	0.00192713340555325	0.00142951538849941	0.00147278770652003	0.00158517613030377	0.00155836345590894	0.00195638301237797
"ko01051"	0.000790361266479108	0.00066231572825178	0.000527656983267115	0.000593172841424528	0.000727874448002576	0.000773728270765728	0.000762146538616381	0.000414999645017815
"ko01052"	7.64440616100008e-05	8.02548096798541e-05	2.4669402327594e-05	6.39351998805223e-05	7.35546984856264e-05	0.000119920340327506	8.963887308007e-05	9.69195917049251e-05
"ko01053"	0.0004349900029163	0.000540918146276593	0.00190020488117307	0.000488244819908997	0.000497754800341617	0.000910401990700232	0.000805126857098117	0.00061300059751069
"ko01054"	0.00035164696183112	0.000320900951816803	0.000289727196343245	0.000312857448172581	0.000290754698421595	0.000612724767729401	0.000481536258280164	0.000217358735271254
"ko01055"	0.000378889889828477	0.000546203300291331	0.000281689939684603	0.000586243985967193	0.000371959022272759	0.000361630052994041	0.000428339694595911	0.000661241837814501
"ko01056"	9.96005379749007e-05	0.000144350829543341	3.81849600344299e-05	0.000146372113161927	0.00016830916168101	0.00012851206361638	0.000118455294115006	0.000117139700283249
"ko01057"	3.13711445654342e-06	8.26830582984736e-07	6.28455873827737e-06	1.20760825820141e-06	2.15662706524534e-06	4.06437359367102e-06	5.87741881079446e-06	2.04232189849475e-06
"ko01059"	5.2848598258349e-05	9.22883050914291e-05	0.000198616381653182	5.87169932077166e-05	8.48395610050907e-05	0.000128570615930828	8.59959165400844e-05	0.000153010832635499
"ko01062"	8.73152089125475e-06	3.19872909686177e-05	4.65212075050515e-06	1.37782829958614e-05	2.75785629408652e-05	2.36565651209501e-05	1.17193309087126e-05	6.88526872470089e-05
"ko01100"	0.146869248936163	0.147681392211859	0.141867881904407	0.149481652419193	0.148885108730554	0.143873302942518	0.146017580623888	0.148118086421806
"ko01110"	0.0595672607806381	0.0621073528553384	0.0575800833405424	0.0624531668525963	0.0642515327468701	0.0602701173142834	0.0607602524867983	0.0609290605515648
"ko01120"	0.0489791213286409	0.0484964300429999	0.0558044930627313	0.0485651479397763	0.0487559409757333	0.049855839814928	0.049442895425214	0.0442372604153713
"ko01130"	0.0465840857998969	0.0498031039880941	0.0443806566740509	0.0497746752959297	0.0500338876982538	0.0476453497775128	0.0482308128971797	0.0487972366996485
"ko01200"	0.0245815341262824	0.0252541750145075	0.0241694965675315	0.0255916681402294	0.0251345266355278	0.0247548849211232	0.0252082674498091	0.0244519563397032
"ko01210"	0.00567348220697601	0.00676526950894832	0.00552168867923608	0.00687545794910646	0.00668199143887	0.00632858670168759	0.00628640059251992	0.00595106933785803
"ko01212"	0.00634902622813599	0.00660283786084752	0.00575406365124853	0.00657288017929891	0.00646143515283004	0.00616641782954191	0.00635472337285626	0.00720948591676601
"ko01220"	0.00252976805131627	0.00232814334313427	0.00444772232695998	0.00229353730664278	0.0024250033814508	0.00262750949755821	0.00262748512480014	0.00177951129701726
"ko01230"	0.0288953276235208	0.0310167627526698	0.0241431778926046	0.0317631443005945	0.0312604334793097	0.0300170098325655	0.0299046208148711	0.0283794855957516
"ko01501"	0.0055215787020074	0.00537208130271612	0.00818018483662085	0.00537647168069963	0.00542119592052542	0.00580387863891394	0.00582311850220659	0.00537384827314942
"ko01502"	0.0023085169378314	0.00198095931011308	0.00138741100407852	0.00193301955758173	0.0021523132531876	0.00214484468263375	0.00213850471594426	0.00174900661584966
"ko01503"	0.00343363493201213	0.00366417340421249	0.00624472943105346	0.00375904175410155	0.00383741504785405	0.00355871806609262	0.00396973470668695	0.00455964105569414
"ko01523"	0.0011571106913184	0.00121832020684808	0.000852209614583274	0.00125788481485028	0.00119952006219874	0.00112544495010684	0.00114580007637778	0.00121016451016062
"ko01524"	0.000802570597350053	0.000904634657732304	0.000928450162538664	0.000785029098405353	0.000969034947552935	0.000890584593907485	0.000768638317871534	0.00104271025949515
"ko02010"	0.0532275601763618	0.0483274125883792	0.0537869976351938	0.0475140642854909	0.0484635031667376	0.0617132760155176	0.0541816629240617	0.0299561677680994
"ko02020"	0.0450986169576466	0.0486496915377563	0.0441699837936293	0.0483009645479954	0.0444675471850558	0.0481847321327127	0.0497884821021178	0.0632302407518932
"ko02024"	0.0256788888947392	0.0238252514245123	0.0232685088746996	0.0220590466035668	0.0244135151544077	0.0276789364721026	0.0250854594559177	0.0206994339744918
"ko02025"	0.00506274088311237	0.00752753429400979	0.00524014644229057	0.00687351907961896	0.00627406509534694	0.00629002787497753	0.00624043383274198	0.0124627242392994
"ko02026"	0.00585062246506228	0.00730002956224991	0.00925122258902962	0.00773372120094824	0.00693517812627253	0.00696431136303064	0.00709238458874113	0.00951092216520717
"ko02030"	0.0030530875625846	0.00419946943159798	0.0053340616049253	0.00356048710355077	0.00383470512811573	0.00478659132677304	0.00404973548528012	0.00592917867976723
"ko02040"	0.00149187842452641	0.00230176525634426	0.00591640253526443	0.00160701643384583	0.00230828274139957	0.00293331964451726	0.0023817145056683	0.00344614110111085
"ko02060"	0.0218620438937757	0.0104158333835004	0.0212790403763909	0.0108613520226642	0.0142817964717379	0.0161714142925956	0.0141850023846564	0.00385210157745486
"ko03008"	0.000229449535720695	0.000276205328238838	0.000268608568736204	0.000231589238650367	0.00025839413452113	0.000231576218929997	0.000228458087735575	0.000298491750419494
"ko03010"	0.0116586720915984	0.0119239911621827	0.0089190475184591	0.0118732010118171	0.0120507386618976	0.0108121022648352	0.0110440900307268	0.0116210823687846
"ko03013"	0.000645316686126823	0.000572724492275638	0.000587440315980389	0.000630430840220584	0.000683734666007414	0.00063875700151254	0.000642752607944853	0.000484287743669895
"ko03018"	0.00366874303573598	0.00433982360662748	0.00343723528619536	0.00428724099419505	0.00408285528634578	0.00381196522981182	0.00390259111402891	0.00512305909229057
"ko03020"	0.00110167420629061	0.00109541940141144	0.000834285165208938	0.00113659325475497	0.00122345759737373	0.0011038610338307	0.00107095271482795	0.000835331917726199
"ko03022"	2.51081931319807e-05	2.64994370112011e-05	1.0851237753447e-05	2.2851856443761e-05	2.7660643155504e-05	4.43578079019118e-05	3.60606448284156e-05	9.27276338390567e-06
"ko03030"	0.00350020901693944	0.00390329821759262	0.00306526198928634	0.00378777327218501	0.00365096620298246	0.00346644229318925	0.00350972295095417	0.00413960160452042
"ko03050"	0.00010850673913345	0.000143059017818466	3.9044295373777e-05	0.000146066544197272	0.000155347233310719	0.000153376120792256	0.00012350191384276	0.000104269665232735
"ko03060"	0.00355096597756635	0.00378341294970755	0.00317462896602042	0.00379103828869682	0.0039938338201889	0.00354403829999534	0.00360466958787593	0.0036890477953512
"ko03070"	0.00444985185313556	0.00517640635666516	0.0070785843596763	0.00485094740201346	0.00542065071289423	0.00507492303815136	0.00491425801764094	0.00553655478062473
"ko03320"	0.00094687860387767	0.00107476946802486	0.000676098033419023	0.00103849644113294	0.000872216639199718	0.000904017073465698	0.000951066404136095	0.00105231538494004
"ko03410"	0.00226321310675348	0.00233900465838986	0.00223726446780614	0.00234145508905526	0.00242243153585655	0.00227022710155274	0.00224632989344835	0.00223099949690757
"ko03420"	0.00217439795917674	0.00227762243453523	0.00191902448545223	0.00223093773250393	0.00221965160624694	0.00210007510795015	0.00214831559897701	0.00215382942384309
"ko03430"	0.00455040498649241	0.00462833797730559	0.00382985639525987	0.00458940208030415	0.00451224916469262	0.00431118064551139	0.004324910296058	0.00463835602077494
"ko03440"	0.00526618691530001	0.00531714866311689	0.0044415401953862	0.00516886130171103	0.00524228535104551	0.00482662991425498	0.00493957744549591	0.00536124157402136
"ko03450"	3.93036753397673e-05	4.86047435877956e-05	1.24273267046362e-05	5.87299312698592e-05	3.22202860645492e-05	4.74063113137453e-05	4.54907566112696e-05	6.16673421554748e-05
"ko04011"	2.71265255576564e-05	3.21997276711008e-05	0.000102598749277752	4.57537411769711e-05	2.27618044084254e-05	2.20620840505395e-05	3.97543547003463e-05	7.59632986966806e-05
"ko04013"	6.09988425618515e-05	9.95294574846922e-05	0.00022445231328817	9.17367957667491e-05	8.30685806607037e-05	0.000108870099781838	0.000104149674950115	0.000180605812741844
"ko04014"	0	0	0	0	6.03225525422164e-10	0	0	1.55178470243428e-08
"ko04016"	0.000906914995629902	0.000950261693882729	0.000744099369669	0.000897306265947197	0.00102839239885426	0.000914824639468771	0.000843173861071507	0.00107872186243579
"ko04022"	8.87349684070604e-08	1.19265328869245e-05	1.08356849778847e-07	6.02799881068936e-07	3.4853030357725e-07	2.91656362863339e-07	4.71569695348337e-07	1.83886487238462e-06
"ko04024"	8.87349684070604e-08	1.19265328869245e-05	1.08356849778847e-07	6.02799881068936e-07	3.49133529102673e-07	2.91656362863339e-07	4.71569695348337e-07	1.85438271940896e-06
"ko04066"	0.000681770989762476	0.000649578497990111	0.000654998388800637	0.000653269766970936	0.000667057033350537	0.000617877476628769	0.000678003962852994	0.000653767353375981
"ko04068"	9.16451885329879e-05	0.000132677262078832	0.000328218908613538	0.000138925774755789	0.000108082427030705	0.000135683752077359	0.000149641460943866	0.000258873511721639
"ko04070"	0.000390867528390307	0.000452894835707505	0.000490825364016101	0.000392450552102063	0.000396933121090404	0.000378479883407588	0.000392034715627807	0.00064966849167606
"ko04071"	0	0	0	0	6.03225525422164e-10	0	0	1.55178470243428e-08
"ko04072"	7.99131970761094e-05	5.17452869521727e-05	0.000115795504964506	2.84111475918232e-05	5.11113892273978e-05	4.59213656662264e-05	5.07601836150123e-05	0.000115829059381282
"ko04080"	2.34919490645664e-05	5.29910224536813e-05	1.08103914954115e-05	3.18458767100773e-05	4.50641783143504e-05	5.05607137620946e-05	3.46165617601686e-05	9.6990312522134e-05
"ko04112"	0.0049791899250276	0.00607769178817879	0.00329926628495406	0.0057229103813996	0.00560343487989872	0.00548936167930756	0.00545996457293729	0.00813385764433673
"ko04113"	3.90663277577792e-05	8.02467165244034e-05	2.09782872407125e-05	6.81095008365247e-05	4.50264241625773e-05	4.36962337054976e-05	5.85824147799065e-05	0.000112137889560947
"ko04115"	8.69619337471695e-06	3.22346153833235e-05	4.69610326870428e-06	1.41227400707579e-05	2.75071358914993e-05	2.42809385018553e-05	1.16344248543648e-05	6.95175087158487e-05
"ko04122"	0.00192430012470813	0.0019845677396747	0.00246356227809649	0.00160978308862397	0.00203900266877163	0.00203359698168326	0.00183568713440012	0.00244127239552929
"ko04138"	1.66259752472029e-05	2.86878776767584e-05	9.24404325113316e-06	9.98064374512711e-06	1.92898118018332e-05	2.11693910044974e-05	2.33034024451303e-05	1.77412130320224e-05
"ko04141"	0.000913505207838409	0.000815146039680113	0.00034456876179796	0.000812573748715221	0.000937491824667207	0.000777675965106465	0.000773434351792706	0.000672051257793795
"ko04142"	0.00133042444513948	0.00153459807935941	0.00036520465579182	0.00188522061703373	0.000886568950838827	0.000851847279990653	0.00136440911495968	0.00304120001861473
"ko04144"	9.85944093411782e-09	0	0	5.26253864425261e-08	6.03225525422164e-10	8.10156563509274e-09	8.7327721360803e-09	1.55178470243428e-08
"ko04146"	0.00119339360439707	0.00119994965820831	0.00124002171479769	0.00127857966682235	0.001045837051797	0.00108478990799166	0.00118411395590808	0.00143301407534568
"ko04151"	0.000327492651860787	0.00025487426317126	0.000175357150094697	0.0002605710554167	0.000247773330306737	0.000230891410820338	0.000262525096825182	0.000361303038600704
"ko04152"	0.000373421395883117	0.000383441986140299	0.000307284265092427	0.000393802686646017	0.000416182033479043	0.00034736825475737	0.000380886665800339	0.000521767717756435
"ko04210"	8.83777202480734e-05	0.000135229923549286	1.95053645550138e-05	0.00015228201240408	8.44650305030276e-05	7.36215896371452e-05	9.97923007923284e-05	0.00029046671124792
"ko04211"	8.81253681195078e-05	0.000131729185155793	0.000327051062565921	0.00013749053694372	0.000105830385069129	0.000130932183832377	0.000143904029650461	0.000256569111438524
"ko04212"	0.000851202217523487	0.000965986509888663	0.00109473328039168	0.00087870895486623	0.000923116345636399	0.000885505448797528	0.000884181402586725	0.00116037034842512
"ko04213"	0.000516354306650088	0.000626617339870996	0.00090395584918773	0.000595762929952104	0.000606549321118825	0.000593350013577044	0.000648890674696109	0.000837081288383262
"ko04214"	0.000259290134358848	0.00031348856486657	0.00017714476911375	0.000240907127163442	0.000304613660018236	0.000323924769073686	0.000265681563143404	0.000465555332504282
"ko04215"	8.69619337471695e-06	3.22346153833235e-05	4.69610326870428e-06	1.41227400707579e-05	2.75071358914993e-05	2.42809385018553e-05	1.16344248543648e-05	6.95175087158487e-05
"ko04216"	0.000554450817442204	0.00061470892134044	0.000442972310390612	0.000655400787919596	0.000487801568662418	0.000550503845852639	0.000609528549423741	0.00081990888472424
"ko04217"	0.00127626215474091	0.00125630994578496	0.0010507018306048	0.00122451426750785	0.00125718413439638	0.00121872577615586	0.00121572303668032	0.0014085912923151
"ko04260"	2.61768156800828e-05	0.000107888405792777	1.39780336214712e-05	4.19376488686531e-05	8.28697821813293e-05	7.11641525386547e-05	3.53677271511253e-05	0.000209971988086382
"ko04261"	8.87349684070604e-08	1.19265328869245e-05	1.08356849778847e-07	6.02799881068936e-07	3.4853030357725e-07	2.91656362863339e-07	4.71569695348337e-07	1.83886487238462e-06
"ko04310"	6.618222639841e-08	0	1.17720916634616e-06	0	4.59860061564769e-08	6.92014852195001e-07	4.48555497854819e-07	3.23260380725649e-08
"ko04330"	6.618222639841e-08	0	1.17720916634616e-06	0	4.59860061564769e-08	6.92014852195001e-07	4.48555497854819e-07	3.23260380725649e-08
"ko04380"	7.98995008385289e-06	1.44881071820918e-05	4.14129560154773e-06	1.08110313363955e-05	1.14053669343153e-05	8.28512396505357e-06	1.53338745937434e-05	3.31886844815487e-05
"ko04612"	0.000291409633326728	0.000207010315092274	0.000165486701054842	0.000204007923175119	0.000215059739812509	0.000202571925196263	0.000213785000455965	0.000257547831510073
"ko04614"	3.3958362899198e-05	6.428822388951e-05	0.000106649858543806	5.95467866188995e-05	4.6340230330098e-05	4.33653773106848e-05	4.8068928914523e-05	0.000136829989618355
"ko04621"	0.000993454598757934	0.00104177258813412	0.000615413022464241	0.00109695041236631	0.000891491811835573	0.000860801342893885	0.00101410447996819	0.00156499780587694
"ko04622"	9.49866669245514e-05	9.37997752106743e-05	3.14272967885625e-05	9.3058666877829e-05	0.000131597423424166	0.000135161156996894	0.0001033642773694	2.29470567030858e-05
"ko04626"	0.000646758021783042	0.000711287609330398	0.000687450594576392	0.000620659125048008	0.000669912502375284	0.000696715469196296	0.00070564031561946	0.000906483002820143
"ko04657"	0.000291409633326728	0.000207010315092274	0.000165486701054842	0.000204007923175119	0.000215059739812509	0.000202571925196263	0.000213785000455965	0.000257547831510073
"ko04659"	0.000291409633326728	0.000207010315092274	0.000165486701054842	0.000204007923175119	0.000215059739812509	0.000202571925196263	0.000213785000455965	0.000257547831510073
"ko04666"	0	0	0	0	6.03225525422164e-10	0	0	1.55178470243428e-08
"ko04714"	0.000515948605036488	0.000652483491447906	0.000434524759710798	0.000612715089686059	0.000525754385652375	0.000538813346822795	0.000544166748657887	0.00097759230414431
"ko04723"	0	0	0	0	1.63567463648834e-08	3.05513108013402e-09	1.10920291244568e-08	0
"ko04724"	0.000440011618177024	0.000464946406983333	0.000503884992140501	0.000492761923720221	0.000404654154210595	0.000389013478447526	0.000466871058181093	0.000599916306409687
"ko04726"	1.35764501662803e-05	4.91536039303296e-05	6.75424363621478e-06	2.0854005409361e-05	3.34276276493623e-05	3.87055953200585e-05	1.91519552525685e-05	7.58103079334608e-05
"ko04727"	0.000474589265811964	0.000510348547458492	0.000714527286715794	0.000546897545775744	0.000436147202510312	0.000423758004199157	0.000529942974735174	0.000701760299955042
"ko04728"	1.35764501662803e-05	4.91536039303296e-05	6.75424363621478e-06	2.0854005409361e-05	3.34276276493623e-05	3.87055953200585e-05	1.91519552525685e-05	7.58103079334608e-05
"ko04910"	0.000521124551220244	0.000599156667618738	0.00058391867978328	0.000560132693776724	0.000634300354288814	0.000553474401141276	0.000572378297438139	0.000754687987542766
"ko04911"	8.87349684070604e-08	1.19265328869245e-05	1.08356849778847e-07	6.02799881068936e-07	3.4853030357725e-07	2.91656362863339e-07	4.71569695348337e-07	1.83886487238462e-06
"ko04912"	0	0	0	0	6.03225525422164e-10	0	0	1.55178470243428e-08
"ko04914"	0.000291409633326728	0.000207010315092274	0.000165486701054842	0.000204007923175119	0.000215059739812509	0.000202571925196263	0.000213785000455965	0.000257547831510073
"ko04915"	0.000291409633326728	0.000207010315092274	0.000165486701054842	0.000204007923175119	0.000215059739812509	0.000202571925196263	0.000213785000455965	0.000257547831510073
"ko04917"	0.000152703808294457	0.000100706716559766	0.00013690071633878	7.34902415662998e-05	0.000125467115700856	0.000110864731796358	0.000108925886558218	3.42332113027613e-05
"ko04918"	0.000179568698721381	0.000228070338760672	0.000255275198114849	0.000155632660507177	0.000184402221377222	0.000185997798566512	0.000198133513657498	0.000325847031242851
"ko04919"	8.78476187229898e-06	4.39138238555421e-05	4.73158244034297e-06	1.43810828769303e-05	2.78556142628279e-05	2.39158217547938e-05	1.21036221806073e-05	7.1136073778945e-05
"ko04920"	0.000483779127861037	0.000525337038309872	0.000314600866667605	0.000559012591437904	0.000413585847295454	0.000442280868472828	0.000493204553196333	0.000699375870543108
"ko04921"	8.87349684070604e-08	8.24414715686023e-08	7.22378998525644e-08	0	8.04300700562885e-08	1.45828181431669e-07	7.85949492247228e-08	1.39660623219085e-07
"ko04922"	0.00120477497681422	0.00113278797372311	0.000899216820449383	0.00107559857610141	0.00129734621092658	0.00111236083463538	0.00114167103552299	0.00112393577793002
"ko04925"	8.87349684070604e-08	1.19265328869245e-05	1.08356849778847e-07	6.02799881068936e-07	3.4853030357725e-07	2.91656362863339e-07	4.71569695348337e-07	1.83886487238462e-06
"ko04928"	3.54939873628242e-08	5.49609810457348e-08	2.88951599410258e-08	2.15285671810334e-08	2.2580742168303e-07	2.72212605339116e-07	1.1527259219626e-07	6.20713880973711e-08
"ko04930"	0.000317826589363261	0.000343347407720241	0.000294620754903076	0.000333001057939094	0.000368084189449213	0.000289912838242174	0.000322319035808899	0.000295443946535081
"ko04931"	0.000586491051548152	0.000636354657952067	0.000514661902818649	0.000590712912856694	0.000653546940262238	0.000592901366718005	0.000598169101046402	0.000740210820723958
"ko04932"	3.47842740863927e-05	0.000128196488289176	1.85657800403966e-05	5.54575890583421e-05	0.000110028387769251	9.51534346776467e-05	4.65305823101417e-05	0.000277650631929846
"ko04934"	0.000177517034333154	0.000269037968633085	0.000289467091948611	0.000273642851317002	0.000205137296206204	0.000208591645584994	0.000228740001832689	0.000222976048700826
"ko04940"	0.000247257861351469	0.000262716637320122	0.000391012124426985	0.0002708044966359	0.000250819910806499	0.000231606551459053	0.000264377437484996	0.00031572641195696
"ko04960"	8.87349684070604e-08	1.19265328869245e-05	1.08356849778847e-07	6.02799881068936e-07	3.4853030357725e-07	2.91656362863339e-07	4.71569695348337e-07	1.83886487238462e-06
"ko04961"	8.87349684070604e-08	1.19265328869245e-05	1.08356849778847e-07	6.02799881068936e-07	3.4853030357725e-07	2.91656362863339e-07	4.71569695348337e-07	1.83886487238462e-06
"ko04964"	0.000165685336814072	0.000187481999064047	0.000247433804374574	0.000243581111896642	0.000134743150842773	0.000180189658538562	0.000198807691487474	0.000169191709192379
"ko04970"	8.87349684070604e-08	1.19265328869245e-05	1.08356849778847e-07	6.02799881068936e-07	3.4853030357725e-07	2.91656362863339e-07	4.71569695348337e-07	1.83886487238462e-06
"ko04971"	8.87349684070604e-08	1.19265328869245e-05	1.08356849778847e-07	6.02799881068936e-07	3.4853030357725e-07	2.91656362863339e-07	4.71569695348337e-07	1.83886487238462e-06
"ko04972"	8.87349684070604e-08	1.19265328869245e-05	1.08356849778847e-07	6.02799881068936e-07	3.4853030357725e-07	2.91656362863339e-07	4.71569695348337e-07	1.83886487238462e-06
"ko04973"	0.000130893215308202	0.00017908811968787	0.000255478017962051	0.000138977870471134	0.000184296771469226	0.000140371541240569	0.000171319234728251	0.000159146026514729
"ko04974"	0.000152099122988019	0.000253785823743098	0.000116924475977619	0.000245453311277828	0.000164182891256981	0.000191354842373272	0.000233235748025984	0.00040648885779006
"ko04976"	4.5846400343648e-06	1.74775919725437e-05	1.67351134658441e-06	7.31971284155138e-06	5.05548801727501e-06	1.31702771283304e-05	7.29901293017394e-06	3.80963144447616e-06
"ko04978"	9.466400374142e-05	9.86013740205745e-05	1.64378819379855e-05	5.16829136126009e-05	7.47653802222242e-05	9.18219628311362e-05	5.51328396662296e-05	0.000151895328245754
"ko04979"	2.34919490645664e-05	5.29910224536813e-05	1.08103914954115e-05	3.18458767100773e-05	4.50641783143504e-05	5.05607137620946e-05	3.46165617601686e-05	9.6990312522134e-05
"ko05010"	0.000249333535250148	0.000345791941872883	0.000413641808767265	0.000272174667544244	0.0003405022035401	0.000306983024439781	0.000268872844451332	0.000494578938946147
"ko05012"	3.47842740863927e-05	0.000128196488289176	1.85657800403966e-05	5.54575890583421e-05	0.000110028387769251	9.51534346776467e-05	4.65305823101417e-05	0.000277650631929846
"ko05014"	5.92805793856109e-05	8.41314138845399e-05	0.000227028305186551	7.58494478922169e-05	7.65559516305803e-05	8.32847006491618e-05	9.40468127543688e-05	0.000153863201364238
"ko05016"	0.000119240977101482	0.000247423016603984	0.000362751545968662	0.000163167351469579	0.000219383979760611	0.000240965212556251	0.000193338290459914	0.000466638838623398
"ko05020"	2.34578604532376e-05	1.96970708301156e-05	0.000119733452640095	1.59729666444879e-05	2.62870113306556e-05	3.6941678096767e-05	4.26580331996577e-05	8.38239395170864e-06
"ko05030"	1.35764501662803e-05	4.91536039303296e-05	6.75424363621478e-06	2.0854005409361e-05	3.34276276493623e-05	3.87055953200585e-05	1.91519552525685e-05	7.58103079334608e-05
"ko05031"	1.35764501662803e-05	4.91536039303296e-05	6.75424363621478e-06	2.0854005409361e-05	3.34276276493623e-05	3.87055953200585e-05	1.91519552525685e-05	7.58103079334608e-05
"ko05034"	1.35764501662803e-05	4.91536039303296e-05	6.75424363621478e-06	2.0854005409361e-05	3.34276276493623e-05	3.87055953200585e-05	1.91519552525685e-05	7.58103079334608e-05
"ko05100"	7.32428309362618e-06	1.51983377498197e-06	0.000650963189231013	4.691578307552e-07	1.50537017959309e-05	3.73744432609098e-05	6.46358938825728e-05	8.17742189831408e-06
"ko05110"	7.96092922877495e-08	3.27194713220778e-07	1.02118384481216e-05	3.01274409530496e-09	5.45139855422004e-06	1.5965415005035e-06	2.01510331947035e-06	4.20067254885512e-07
"ko05111"	0.00674461464017869	0.00624075501169076	0.00662755415297886	0.00602355092172321	0.00610255979629201	0.00600546392867689	0.00609478623503928	0.00809439219164302
"ko05120"	0.000510399273268516	0.000515569510906352	0.000468068149257644	0.000503405544361548	0.000566402351866386	0.00050115480677468	0.000494199285245025	0.00050842704686677
"ko05130"	6.10603073519983e-07	4.10697440781315e-08	7.62987654550559e-05	1.00424803176832e-08	9.76657882326273e-07	1.21239056297691e-06	1.49186185361833e-05	7.00601441490075e-07
"ko05131"	3.88379302969698e-07	2.9725521491172e-07	0.000120687809072097	1.00424803176832e-09	2.64044445154716e-06	7.83931768929588e-07	8.4925072969353e-06	3.91653261953168e-07
"ko05132"	0.000882609018983147	0.000850215332882729	0.00128847932184106	0.000942233004336943	0.000740514183653288	0.000817526627505354	0.000860862461190521	0.00111687813794847
"ko05133"	0.00118393387402072	0.00175086658142563	0.00255555042433916	0.00211478159194758	0.00138536292342414	0.00146537000519456	0.00177540593264	0.00256680367934721
"ko05134"	0.00109253893418463	0.00104830758394327	0.000912461369207552	0.000996525515631332	0.00108350461521608	0.000989413355719742	0.000975082574037462	0.000959519365137791
"ko05142"	1.07606806048171e-06	1.30103239586359e-05	0.000105353842697624	3.83584391439842e-08	4.57811795510456e-06	8.44702520785726e-06	1.13157997734233e-05	9.58535146127924e-06
"ko05143"	1.03932397432231e-05	4.6151795529214e-05	0.000110302138837525	1.46347269878846e-05	3.35219927815799e-05	3.37067940868059e-05	2.50810079168743e-05	7.93122107573261e-05
"ko05145"	8.69619337471695e-06	3.22346153833235e-05	4.69610326870428e-06	1.41227400707579e-05	2.75071358914993e-05	2.42809385018553e-05	1.16344248543648e-05	6.95175087158487e-05
"ko05146"	0.00014234997438559	0.000122307092021429	2.36776575682587e-05	0.000131837391494447	8.77773843425135e-05	9.57788827337305e-05	0.000109911965268011	0.000228248686628124
"ko05150"	0.000204378459839579	0.000129800996267049	6.4697001937815e-05	0.000123348550180476	0.000179540872679482	0.000203320127395966	0.000177306716844052	6.30345409518831e-05
"ko05152"	0.000754358340288454	0.000902704338305688	0.000876998856833006	0.000813382715138056	0.000865386642116003	0.000805246393090612	0.000804908744132042	0.00108461553306576
"ko05161"	8.69619337471695e-06	3.22346153833235e-05	4.69610326870428e-06	1.41227400707579e-05	2.75071358914993e-05	2.42809385018553e-05	1.16344248543648e-05	6.95175087158487e-05
"ko05163"	8.69619337471695e-06	3.22346153833235e-05	4.69610326870428e-06	1.41227400707579e-05	2.75071358914993e-05	2.42809385018553e-05	1.16344248543648e-05	6.95175087158487e-05
"ko05164"	8.69619337471695e-06	3.22346153833235e-05	4.69610326870428e-06	1.41227400707579e-05	2.75071358914993e-05	2.42809385018553e-05	1.16344248543648e-05	6.95175087158487e-05
"ko05165"	0.000225170380447545	0.000238438672257015	0.000267883788217646	0.00022778418400427	0.000243228378697167	0.000215149507301803	0.000231199045771059	0.000219985976860396
"ko05166"	2.34919490645664e-05	5.29910224536813e-05	1.08103914954115e-05	3.18458767100773e-05	4.50641783143504e-05	5.05607137620946e-05	3.46165617601686e-05	9.6990312522134e-05
"ko05167"	8.69619337471695e-06	3.22346153833235e-05	4.69610326870428e-06	1.41227400707579e-05	2.75071358914993e-05	2.42809385018553e-05	1.16344248543648e-05	6.95175087158487e-05
"ko05168"	8.69619337471695e-06	3.22346153833235e-05	4.69610326870428e-06	1.41227400707579e-05	2.75071358914993e-05	2.42809385018553e-05	1.16344248543648e-05	6.95175087158487e-05
"ko05200"	0.000566723559091467	0.000603868169089287	0.000943796040640619	0.000535281792010539	0.000540103074771191	0.000536978946345788	0.000543542654345955	0.000723008255265853
"ko05203"	0.000225170380447545	0.000238438672257015	0.000267883788217646	0.00022778418400427	0.000243228378697167	0.000215149507301803	0.000231199045771059	0.000219985976860396
"ko05204"	4.49051881681741e-05	9.93176129834462e-05	0.00056729550179196	5.71944611354862e-05	0.000112566505918333	0.000138455529896533	0.000120568584125314	0.000160634926863847
"ko05205"	0.000219758396996087	0.000220517634899646	0.000161310203784665	0.000217700237309003	0.000226487411493572	0.000200939766468339	0.000206447033680561	0.000214198587779758
"ko05206"	0.000308932960041358	0.000265795111388754	0.000481836370445078	0.000289934081490327	0.000219823501272069	0.000289025306114825	0.000335202980985091	0.000300563940540246
"ko05210"	8.69619337471695e-06	3.22346153833235e-05	4.69610326870428e-06	1.41227400707579e-05	2.75071358914993e-05	2.42809385018553e-05	1.16344248543648e-05	6.95175087158487e-05
"ko05211"	0.000177517034333154	0.000269037968633085	0.000289467091948611	0.000273642851317002	0.000205137296206204	0.000208591645584994	0.000228740001832689	0.000222976048700826
"ko05215"	0.000291409633326728	0.000207010315092274	0.000165486701054842	0.000204007923175119	0.000215059739812509	0.000202571925196263	0.000213785000455965	0.000257547831510073
"ko05219"	1.57919279661816e-05	3.54570113516152e-05	0.000110394895012791	2.12416050494418e-05	3.53482047017862e-05	3.18320427971044e-05	3.45234824993676e-05	8.44424363064717e-06
"ko05220"	6.618222639841e-08	0	1.17720916634616e-06	0	4.59860061564769e-08	6.92014852195001e-07	4.48555497854819e-07	3.23260380725649e-08
"ko05222"	8.69619337471695e-06	3.22346153833235e-05	4.69610326870428e-06	1.41227400707579e-05	2.75071358914993e-05	2.42809385018553e-05	1.16344248543648e-05	6.95175087158487e-05
"ko05225"	8.90345158304694e-05	9.55852699806042e-05	0.000482968935202116	4.35082774476605e-05	9.2352916854823e-05	0.00010084242221048	8.89346717050815e-05	0.000172934540301033
"ko05230"	0.00119286393246653	0.00111955765816288	0.00102759577860764	0.00112163157354981	0.00116724927327183	0.000999724090743728	0.00112221518141101	0.00129828522729609
"ko05231"	8.07162705404455e-05	5.41594933421185e-05	0.000145885042622069	2.93840881912012e-05	5.44382499547826e-05	4.97828257779416e-05	5.64519016721823e-05	0.000119130867241428
"ko05322"	6.05286278356483e-11	0	1.4782653448683e-10	0	0	3.3157840252767e-11	2.41253254782573e-09	1.11144197650477e-10
"ko05323"	7.98995008385289e-06	1.44881071820918e-05	4.14129560154773e-06	1.08110313363955e-05	1.14053669343153e-05	8.28512396505357e-06	1.53338745937434e-05	3.31886844815487e-05
"ko05340"	0.000223738910056666	0.000199205056350685	0.000257858128539473	0.000183998734797236	0.000202540370901133	0.000189349768143313	0.000199679860626354	0.00026533459351738
"ko05410"	2.95783228023535e-07	6.32051282025952e-07	1.68555099655984e-07	2.29638049931024e-07	4.02150350281444e-07	1.43397711741142e-06	3.14379796898892e-07	2.09490934828628e-07
"ko05414"	2.95783228023535e-07	6.32051282025952e-07	1.68555099655984e-07	2.29638049931024e-07	4.02150350281444e-07	1.43397711741142e-06	3.14379796898892e-07	2.09490934828628e-07
"ko05416"	8.69619337471695e-06	3.22346153833235e-05	4.69610326870428e-06	1.41227400707579e-05	2.75071358914993e-05	2.42809385018553e-05	1.16344248543648e-05	6.95175087158487e-05
"ko05418"	0.00123450878244163	0.00128386689529319	0.00110133506595517	0.00130818939385492	0.0011206055937082	0.00105099926337745	0.00121434913252768	0.00186292391561919
