"ID"	"hdz.095"	"hdz.005"	"hdz.004"	"hdz.019"	"hdz.025"	"hdz.002"	"hdz.023"	"hdz.001"	"hdz.030"	"hdz.050"	"hdz.036"	"hdz.067"	"hdz.186"	"hdz.183"	"hdz.195"	"hdz.157"	"hdz.173"	"hdz.161"	"hdz.162"	"hdz.170"	"hdz.099"	"hdz.103"	"hdz.101"	"hdz.096"	"hdz.106"	"hdz.107"	"hdz.193"	"hdz.259"	"hdz.251"	"hdz.323"	"hdz.246"	"hdz.247"	"hdz.248"	"hdz.267"	"hdz.265"	"hdz.209"	"hdz.207"	"hdz.260"	"hdz.205"	"hdz.208"	"hdz.194"	"hdz.200"	"hdz.239"	"hdz.199"	"hdz.237"	"hdz.307"	"hdz.315"	"hdz.306"	"hdz.331"	"hdz.303"	"hdz.312"	"hdz.313"	"hdz.333"	"hdz.335"	"hdz.332"	"hdz.325"	"hdz.242"	"hdz.334"	"hdz.302"	"hdz.232"	"hdz.309"	"hdz.337"	"hdz.344"	"hdz.338"	"hdz.409"	"hdz.346"	"hdz.210"	"hdz.393"	"hdz.340"	"hdz.349"	"hdz.218"	"hdz.406"	"hdz.391"	"hdz.316"	"hdz.223"	"hdz.217"	"hdz.228"	"hdz.403"	"hdz.402"	"hdz.387"	"hdz.376"	"hdz.378"	"hdz.379"	"hdz.359"	"hdz.355"	"hdz.360"	"hdz.380"	"hdz.451"	"hdz.453"	"hdz.449"	"hdz.448"	"hdz.439"	"hdz.432"	"hdz.440"	"hdz.443"	"hdz.165"	"hdz.214"	"hdz.446"	"hdz.447"	"hdz.189"	"hdz.475"	"hdz.441"	"hdz.160"	"hdz.464"	"hdz.164"	"hdz.474"	"hdz.423"	"hdz.416"	"hdz.415"	"hdz.414"	"hdz.171"	"hdz.412"	"hdz.159"	"hdz.473"	"hdz.463"	"hdz.158"	"hdz.461"	"hdz.466"	"hdz.488"	"hdz.483"	"hdz.489"	"hdz.477"	"hdz.484"	"hdz.509"	"hdz.479"	"hdz.480"	"hdz.517"	"hdz.487"	"hdz.481"	"hdz.525"	"hdz.522"
"txid604330"	5	0	21	5	0	10	8	6	7	3	0	0	2	13	2	3	8	2	2	4	12	3	2	7	0	4	8	1	1	4	0	4	9	5	3	28	4	3	8	6	11	12	7	1	3	2	5	4	3	0	2	1	0	1	0	4	0	7	2	6	3	9	8	10	0	3	5	5	12	28	0	2	29	14	5	17	0	81	6	12	1	2	2	4	7	2	9	17	2	1	4	29	0	1	4	10	1	12	4	2	1	1	5	0	2	0	1	0	0	1	0	1	0	1	2	5	1	2	4	2	11	8	1	1	0	1	2	1	0	6	3
"txid2003188"	1	1	1	1	4	1	0	6	0	0	1	2	2	0	0	1	0	0	0	1	0	0	1	3	0	2	1	0	2	1	7	1	0	1	2	0	1	1	2	0	1	1	0	0	1	1	1	1	0	3	1	0	0	0	0	0	2	2	1	3	0	4	3	5	5	4	0	1	2	7	4	2	7	8	1	2	3	13	2	3	0	1	1	4	8	3	10	8	0	2	1	37	1	3	1	8	1	1	1	1	1	0	7	0	0	1	1	0	1	3	0	0	0	0	0	1	0	0	0	0	0	2	0	2	1	1	1	1	0	2	2
"txid147207"	0	0	2	3	3	3	3	8	3	0	7	5	24	0	0	0	0	1	1	0	1	0	1	4	0	0	1	1	13	1	4	0	1	0	20	2	0	3	0	1	2	0	1	1	0	1	3	2	2	8	0	6	0	1	1	1	13	4	0	1	3	4	0	7	4	6	3	2	23	10	11	2	10	11	2	1	6	11	2	1	0	8	6	12	16	7	12	57	2	1	4	33	0	1	6	16	2	2	1	2	0	0	3	1	1	0	1	0	3	1	0	0	0	0	2	1	0	0	0	0	2	3	1	2	3	0	3	2	1	3	0
"txid1871016"	1	0	0	0	0	2	0	0	1	0	0	0	1	2	1	2	2	1	1	0	4	0	1	1	0	0	1	0	1	0	0	1	0	1	2	1	0	4	0	0	2	0	0	0	2	0	1	0	0	0	0	0	0	0	1	1	1	1	1	1	2	2	0	2	0	0	1	0	1	1	1	1	1	1	1	1	0	11	0	1	1	0	0	1	0	1	1	6	0	0	1	3	14	0	2	2	2	1	0	1	2	1	5	0	2	1	3	0	2	0	0	0	0	1	0	0	0	0	1	0	2	0	0	2	1	2	0	1	0	2	0
"txid742742"	1	0	0	0	0	0	0	0	1	0	3	1	12	0	1	1	0	0	0	0	1	0	1	0	0	0	2	0	1	0	1	0	0	1	7	0	0	0	0	1	0	0	0	0	1	1	0	0	0	1	0	2	1	0	0	0	10	1	0	0	0	0	1	3	2	3	1	0	1	2	1	0	2	1	0	0	0	6	1	0	0	3	1	5	2	1	3	8	1	0	0	11	1	0	1	6	2	0	0	0	1	0	17	0	1	0	0	0	1	0	0	0	0	1	0	1	1	0	0	1	4	1	1	0	1	0	0	1	1	0	0
"txid1870987"	5	3	22	5	3	13	1	15	3	4	6	1	15	5	1	6	0	3	4	1	5	3	5	15	0	0	6	0	4	4	4	4	5	2	10	12	2	5	5	2	5	5	3	1	2	4	13	2	2	2	1	1	1	6	1	7	4	21	3	6	6	9	8	5	3	9	8	7	37	43	4	2	31	32	7	8	4	81	6	8	1	1	8	25	23	12	21	59	3	2	7	43	0	1	7	14	3	6	5	4	1	1	7	5	3	2	0	3	3	3	1	0	1	5	2	16	2	0	3	2	26	28	2	6	6	4	4	9	1	14	16
"txid1411144"	10	5	1	5	1	1	1	9	2	2	2	10	12	0	2	3	0	0	2	3	1	3	1	2	3	4	2	0	24	0	11	0	1	0	9	0	0	0	0	0	0	0	0	0	5	0	0	0	0	1	0	23	0	0	0	0	30	1	0	0	0	0	5	0	6	4	20	5	7	28	1	14	3	4	6	9	4	9	7	6	1	9	49	9	16	3	7	6	7	8	0	4	0	6	3	30	3	3	1	6	7	6	19	6	25	1	20	0	2	4	0	4	0	1	6	3	1	1	0	1	2	5	7	2	3	1	0	5	0	0	1
"txid246787"	0	2	1	2	0	1	2	6	4	0	0	0	0	0	1	0	0	0	0	0	0	1	1	0	3	5	0	12	0	0	0	0	1	0	0	28	0	0	0	4	1	0	0	1	0	0	0	0	4	0	0	0	0	0	1	0	0	1	1	1	0	243	221	16	0	10	20	2	5	81	0	4	4	8	14	231	0	23	6	6	0	0	1139	111	35	8	79	31	61	110	2	9	0	3	8	16	0	0	0	0	0	0	0	21	0	0	9	0	0	2	0	2	1	0	0	0	0	0	0	1	0	14	25	0	0	0	0	0	0	0	0
"txid1871006"	0	0	0	0	0	0	0	0	0	0	0	0	0	0	0	0	3	1	0	0	0	0	0	0	0	0	0	0	0	0	0	0	0	0	0	1	0	0	0	1	0	0	0	0	0	0	0	0	0	0	0	0	0	0	0	0	0	0	0	0	0	0	1	0	0	0	0	0	0	0	0	0	0	0	0	1	0	1	0	0	0	0	8	1	0	0	0	0	0	1	0	3	0	0	1	0	0	0	0	0	1	0	1	3	11	1	0	0	127	178	0	0	0	0	2	1	0	0	6	29	0	6	0	1	15	0	41	6	0	3	3
"txid817"	1	34	25	10	0	27	7	17	1	0	0	0	0	0	0	0	0	0	0	0	0	0	0	0	0	0	0	0	0	0	0	0	0	3	0	0	0	0	0	0	0	0	0	0	0	0	0	0	0	0	0	0	0	0	0	0	0	0	0	0	0	18	1	136	0	0	0	0	0	3	0	0	0	5	3	0	0	7	4	4	0	0	88	59	72	0	8	7	0	0	0	7	0	0	3	0	0	0	0	0	0	0	0	0	0	0	0	0	0	0	0	0	0	1	0	0	0	0	0	0	2	0	0	0	0	0	0	0	0	0	0
"txid1912896"	2	2	0	5	0	1	0	11	1	0	0	1	1	0	2	1	1	0	0	0	0	2	3	1	0	0	0	2	1	0	0	0	0	0	0	4	0	0	0	0	1	0	0	0	2	0	0	0	0	0	0	2	0	0	0	0	8	2	0	0	0	21	13	1	0	1	3	2	6	72	0	40	0	2	6	10	0	6	3	2	2	0	17	2	5	1	6	10	3	3	1	2	0	6	1	7	0	1	1	0	0	0	2	46	17	0	9	0	1	4	0	9	0	2	2	2	0	3	0	1	1	9	13	0	0	2	3	2	0	0	0
"txid1903262"	8	13	5	6	1	3	4	6	7	4	8	52	67	3	16	10	15	9	19	8	3	15	24	5	22	8	6	7	84	3	53	3	1	6	53	35	7	3	9	15	7	8	12	11	16	13	12	8	10	18	12	55	14	12	10	7	101	10	10	9	4	2	6	3	19	6	22	6	15	17	2	16	8	11	10	7	24	30	26	18	6	54	19	15	10	16	12	13	15	4	9	10	0	29	8	91	12	11	11	4	33	17	109	14	45	14	34	0	7	6	0	3	1	2	14	6	4	5	3	13	3	9	12	3	12	13	13	27	0	4	6
"txid28116"	2	5	4	7	0	1	4	8	2	0	0	1	1	1	2	1	16	0	2	1	0	11	17	2	2	1	1	2	1	0	1	0	0	0	0	51	3	1	3	1	3	0	0	1	3	0	1	0	1	1	3	3	1	0	0	0	15	2	1	1	0	44	15	14	0	8	8	3	11	137	0	62	2	7	15	22	0	25	6	4	4	1	47	4	15	2	19	20	4	12	2	5	0	5	11	10	0	1	1	3	3	1	7	18	58	0	9	1	7	6	0	3	0	2	1	0	0	3	1	8	2	7	10	3	0	2	11	4	0	0	5
"txid1236512"	2	1	1	1	0	0	1	1	1	1	0	1	2	1	1	1	1	1	1	3	0	2	0	1	1	1	0	2	1	1	0	0	1	0	3	8	2	0	1	1	2	1	0	1	0	1	1	3	1	0	1	0	0	0	1	1	0	2	1	3	0	4	8	2	0	2	3	1	0	30	0	6	1	4	13	4	0	13	2	1	0	2	2	5	2	1	3	5	2	1	0	1	0	4	1	16	0	0	1	1	1	1	1	2	5	0	12	0	1	0	0	1	0	2	1	1	0	0	0	2	0	0	2	0	0	0	1	0	0	0	2
"txid818"	18	4	26	31	0	8	12	13	8	1	0	0	0	6	3	9	10	3	0	2	0	0	15	5	10	6	1	1	0	1	0	0	0	6	0	46	1	0	1	0	4	6	0	8	0	1	1	0	1	0	15	0	5	7	5	0	0	2	1	0	8	5	0	5	0	1	1	0	1	16	0	1	3	11	15	1	0	22	4	1	0	0	18	12	0	1	2	0	0	5	2	7	1	3	5	0	1	8	3	2	1	1	68	5	44	4	0	0	14	58	0	0	0	1	9	3	0	1	1	5	8	12	1	10	27	1	24	2	0	3	21
"txid820"	17	11	9	18	0	4	11	26	7	2	0	4	15	1	2	7	8	3	3	4	2	10	8	4	9	5	1	13	9	2	4	4	7	3	10	79	13	0	9	10	6	6	7	8	5	9	7	23	6	0	5	8	4	4	7	4	13	3	4	20	5	27	34	15	3	10	25	13	21	210	0	26	9	17	23	35	1	33	28	22	2	18	52	27	30	5	15	59	24	35	4	19	0	14	12	88	7	8	4	6	12	13	18	16	41	6	44	0	2	9	2	6	1	4	10	6	0	3	2	15	3	19	9	1	3	3	17	10	0	1	6
"txid657309"	1	2	0	1	0	0	0	3	0	0	0	0	0	0	0	0	0	0	0	0	0	0	0	0	0	0	0	1	0	0	0	0	0	0	0	0	0	0	0	0	0	0	0	0	0	0	0	0	0	0	0	2	0	0	0	0	3	0	0	0	0	6	3	3	0	0	1	0	4	33	0	19	0	1	5	4	0	3	1	0	0	0	8	4	3	1	7	3	2	1	0	0	0	1	0	3	0	0	0	0	0	0	0	1	1	0	5	0	0	0	0	0	0	0	0	0	0	0	0	0	0	2	0	0	0	0	0	1	0	0	0
"txid435590"	1	0	3	5	0	0	2	35	5	0	0	2	2	7	21	1	0	0	2	0	0	7	19	3	9	3	2	1	1	3	0	0	1	1	0	0	0	0	0	0	0	0	0	1	1	0	0	0	1	2	0	0	0	3	4	1	6	3	1	0	0	7	2	24	0	2	6	3	16	84	0	13	6	12	31	7	0	19	5	1	0	1	61	39	12	6	13	9	2	4	3	15	0	19	19	1	0	1	0	2	1	8	6	14	3	0	3	1	1	12	0	6	0	4	1	0	0	9	0	1	26	7	1	0	2	0	0	0	0	0	2
"txid487174"	12	4	4	10	0	11	5	22	7	6	1	1	1	1	0	1	0	1	0	0	0	0	1	1	5	2	2	2	2	0	4	2	0	0	0	2	2	0	3	1	3	1	1	2	0	1	0	2	1	2	3	3	2	1	0	2	2	0	1	2	0	4	5	1	1	3	5	4	4	6	0	6	3	2	3	9	2	1	2	1	3	1	6	1	3	3	3	6	2	4	0	7	0	1	6	7	3	2	2	1	3	1	3	2	4	4	1	0	2	3	0	3	0	1	2	4	0	2	1	1	0	2	3	1	1	1	4	1	0	1	1
"txid397865"	6	4	2	11	2	23	11	13	9	11	4	10	16	1	2	12	13	9	9	8	2	26	29	6	32	29	8	18	16	2	34	11	6	6	6	32	17	5	22	9	16	7	11	6	11	3	3	11	5	6	3	17	1	3	4	1	16	2	1	4	5	8	10	8	1	27	34	8	8	8	1	6	16	6	9	17	6	15	10	7	9	19	24	12	10	18	14	17	9	16	10	12	0	4	11	19	15	9	13	8	12	13	44	16	40	17	20	0	5	8	0	40	0	10	10	10	3	21	14	16	17	18	12	9	23	12	32	7	2	9	6
"txid2518971"	4	2	9	3	1	8	1	3	1	1	2	3	7	0	5	5	3	0	2	5	0	3	2	2	0	2	3	1	6	0	3	1	1	3	7	12	1	1	0	1	3	3	0	2	0	1	2	1	0	3	2	7	3	1	2	0	7	1	1	3	1	1	1	9	2	7	4	3	2	7	1	2	5	5	1	2	4	9	2	4	0	5	1	3	2	2	4	6	4	2	1	4	0	2	1	6	1	4	1	1	1	3	10	3	7	1	0	1	1	4	0	3	0	0	5	1	0	0	3	3	3	2	1	1	4	1	4	2	0	0	6
"txid2530391"	16	37	50	54	0	72	31	249	26	42	2	2	30	2	5	2	17	6	8	5	2	6	10	10	14	16	20	82	2	10	4	84	19	25	1	66	82	22	40	42	36	53	20	16	36	26	29	69	26	15	59	37	26	36	36	22	55	42	47	55	32	124	114	94	15	145	205	78	79	189	5	146	80	119	120	150	32	253	65	69	40	23	82	247	57	94	153	133	247	163	48	126	0	60	100	128	51	52	41	40	91	67	63	73	301	83	90	1	10	53	3	73	2	32	45	36	3	33	38	143	18	85	103	7	7	4	38	25	5	1	17
"txid2601703"	1	0	0	1	0	0	1	0	1	1	0	0	0	1	0	0	0	1	0	0	0	0	0	0	0	0	0	1	0	0	0	0	0	0	0	1	1	0	1	1	0	0	0	1	3	1	0	0	0	0	1	2	1	0	2	0	0	0	0	0	1	0	5	2	2	6	3	4	3	3	1	2	1	1	1	3	0	2	2	1	2	0	2	3	1	1	1	2	1	2	2	3	0	0	3	3	0	1	1	2	1	2	2	1	3	2	1	0	0	0	0	1	0	2	1	1	0	0	0	0	2	0	1	0	1	0	1	1	0	0	0
"txid2530390"	5	8	4	18	0	12	13	26	16	20	0	0	1	0	1	5	3	2	0	0	0	2	3	1	8	17	7	14	1	6	1	7	7	8	0	14	11	4	20	15	17	10	12	7	22	12	11	19	12	8	14	18	14	16	14	9	31	11	10	14	7	39	61	31	8	47	64	26	36	34	0	33	39	32	31	47	18	45	32	38	25	12	38	23	25	50	39	72	33	58	15	62	0	22	34	48	15	13	20	13	40	17	18	30	28	31	28	2	1	16	4	38	2	8	25	10	3	6	2	6	18	18	12	3	1	0	10	10	4	1	17
"txid1796646"	0	0	0	1	0	0	1	1	0	1	0	0	0	0	1	0	1	0	0	0	0	0	1	0	0	0	0	2	1	0	1	1	0	0	1	1	0	0	1	0	0	1	1	0	1	0	0	0	1	0	0	1	1	0	0	0	3	1	1	0	0	2	1	0	0	0	3	1	1	0	0	1	0	0	1	0	1	1	0	0	0	0	0	1	0	2	1	1	1	1	1	5	0	1	1	2	0	1	1	2	1	0	1	1	3	1	2	0	0	3	0	0	0	0	1	0	0	1	0	1	0	1	0	1	0	0	0	0	0	0	0
"txid2094151"	2	2	4	3	3	6	4	6	4	3	7	6	10	0	1	1	1	1	2	0	0	1	2	1	1	4	2	4	4	1	6	4	2	1	3	6	3	1	4	4	3	8	1	2	3	3	2	4	1	4	4	14	5	4	5	1	16	4	2	1	1	6	7	6	12	10	13	6	7	10	3	6	6	6	8	5	8	9	6	4	3	20	4	4	8	7	8	16	5	8	4	22	0	4	5	11	9	7	6	4	9	5	11	11	9	6	7	0	1	6	0	9	0	2	6	6	1	0	1	1	1	5	3	1	1	0	2	3	1	0	0
"txid2606626"	1	0	0	0	1	1	0	1	0	0	1	4	3	0	0	0	0	1	0	0	0	0	1	1	0	1	0	1	2	0	1	0	0	0	1	3	1	0	1	0	2	1	0	0	1	0	0	0	1	1	0	4	0	0	0	1	8	0	0	0	0	2	1	1	3	3	3	1	5	3	0	1	0	0	0	1	1	2	1	0	0	6	2	1	2	1	1	3	2	1	1	2	0	1	1	1	1	0	0	0	1	0	2	2	3	1	1	0	0	0	0	0	0	0	1	1	1	0	0	1	0	2	0	0	0	1	2	2	0	0	1
"txid2042309"	1	2	7	14	0	1	1	1	1	1	0	0	1	0	4	3	1	0	3	1	0	0	1	0	0	0	0	1	1	0	0	0	0	0	0	4	2	1	0	0	2	0	0	0	0	0	1	1	0	0	0	3	0	0	0	0	4	1	1	0	0	1	2	5	0	12	36	18	2	22	0	22	8	8	11	10	1	41	2	1	0	0	2	1	0	0	0	3	15	5	0	2	0	1	1	5	0	1	1	2	5	7	7	1	20	1	1	0	0	2	0	2	0	3	4	3	0	4	1	4	2	5	3	2	3	0	1	1	0	1	1
"txid28118"	1	0	0	1	0	0	0	0	1	0	0	0	3	1	13	5	3	1	14	10	0	5	4	1	1	1	5	2	2	0	1	3	0	1	0	3	15	3	6	3	15	3	1	1	3	2	2	5	1	0	7	5	4	3	5	3	4	2	3	3	4	1	1	3	0	4	12	5	0	8	0	50	15	17	17	5	1	45	2	0	1	3	1	25	1	1	18	2	10	6	0	6	0	0	1	3	3	5	2	3	16	13	26	18	83	4	0	0	0	1	0	5	0	1	8	5	0	12	6	16	2	3	2	4	12	0	64	5	0	0	6
"txid1841864"	20	21	14	14	12	9	33	19	21	18	35	8	36	21	15	36	17	22	25	21	11	10	26	13	46	13	26	44	31	13	30	21	31	26	20	54	23	9	23	34	34	27	15	12	42	12	28	35	15	18	38	33	27	21	31	19	29	18	40	14	15	82	22	22	19	42	36	20	19	55	19	15	22	12	29	37	20	41	52	22	27	33	22	30	8	6	10	25	17	22	13	10	0	20	27	26	13	16	16	6	13	50	40	26	36	18	10	0	29	9	5	30	1	16	20	10	6	32	12	14	48	24	19	9	39	8	50	22	12	12	22
"txid1870999"	7	4	1	5	3	2	4	2	3	5	7	3	15	4	6	7	5	8	4	5	6	3	3	2	8	5	9	15	11	5	12	14	8	6	15	5	9	5	6	4	11	8	8	3	11	3	4	6	4	9	10	10	5	4	5	9	6	3	3	3	2	2	1	2	8	11	8	5	3	5	8	4	1	4	4	7	8	3	3	8	13	9	0	3	0	2	2	1	8	8	4	1	0	3	1	8	3	4	3	2	6	4	5	5	9	5	8	1	13	1	1	5	0	4	2	3	1	2	3	8	8	5	1	4	5	1	9	3	3	3	1
"txid305719"	8	10	7	7	5	4	9	6	11	13	17	10	19	7	9	9	7	10	14	8	7	10	8	3	10	6	9	19	26	6	26	16	11	13	24	8	6	8	6	7	9	8	10	6	17	5	8	8	9	14	7	12	8	7	6	6	16	9	5	9	3	1	3	4	13	14	13	6	6	9	13	13	5	10	3	7	8	14	6	8	12	25	4	6	4	7	6	4	10	18	5	4	0	6	6	24	11	9	7	7	11	14	23	10	22	8	10	0	13	2	0	13	0	4	5	6	3	12	4	9	10	13	7	7	5	7	17	9	7	6	6
"txid873513"	82	124	70	136	23	92	62	73	66	75	119	140	151	73	63	150	68	68	97	45	79	166	152	63	96	132	86	184	175	39	231	116	75	110	150	231	98	47	161	173	91	154	141	60	147	115	88	146	123	88	79	162	85	85	67	65	154	92	97	104	24	35	64	17	122	124	259	75	80	143	60	80	47	49	48	64	99	151	196	147	56	152	47	51	38	40	29	77	54	78	58	30	0	54	61	240	71	59	82	28	167	102	197	93	194	127	138	0	83	24	13	103	4	34	76	46	13	57	43	103	48	132	50	18	68	43	125	114	28	37	34
"txid537011"	0	0	0	0	0	0	0	0	0	0	13	13	213	0	11	0	3	0	31	7	0	6	4	13	0	0	0	0	17	0	14	0	0	0	83	0	0	0	0	0	0	0	0	0	7	0	0	0	0	79	0	102	0	0	0	0	152	1	0	0	0	0	0	0	6	0	0	0	0	0	0	0	0	0	0	0	59	0	1	0	0	325	0	0	0	0	1	0	0	0	0	0	1	1	0	8	1	9	0	0	0	1	2	0	1	0	9	0	0	0	0	0	0	0	0	0	0	0	0	0	0	0	0	0	0	0	0	0	0	0	0
"txid2801997"	1	2	0	2	0	1	0	1	2	1	0	0	0	0	1	3	0	1	0	0	0	2	2	0	0	0	0	6	1	0	1	1	2	1	0	2	2	0	1	0	0	0	1	1	2	1	1	2	2	0	0	0	4	1	1	1	0	0	0	1	0	2	1	2	0	0	0	0	0	2	1	0	0	0	1	2	0	2	2	0	2	1	0	0	0	0	1	0	0	1	2	0	0	1	0	5	0	0	0	0	0	1	0	1	1	0	0	0	0	0	0	2	0	1	0	0	0	1	1	0	0	1	0	0	0	0	1	0	0	1	1
"txid1776379"	2	4	1	0	1	1	2	1	1	2	1	1	3	3	2	6	4	3	4	1	2	4	2	1	4	3	2	4	3	2	3	4	0	2	6	5	5	2	3	3	4	2	1	2	2	1	1	2	4	2	2	2	4	4	2	4	1	3	2	1	1	1	0	1	5	4	1	3	2	3	4	2	1	1	0	0	2	2	3	1	4	2	1	2	1	2	0	2	2	3	2	1	0	2	2	3	3	1	0	1	9	5	6	1	3	3	3	0	4	1	0	1	1	1	2	2	0	0	1	2	0	0	1	3	2	5	2	2	0	7	2
"txid840"	3	3	4	2	0	1	2	1	3	6	2	4	4	1	4	2	1	4	6	4	2	5	3	0	2	1	6	8	7	2	11	7	4	5	3	4	2	2	2	4	4	3	1	2	5	3	3	4	6	3	3	7	9	3	3	2	2	5	1	2	1	1	1	4	7	6	2	5	3	1	5	6	1	2	1	1	2	2	4	1	6	4	0	2	2	1	0	2	3	5	3	0	0	3	3	6	3	1	1	4	4	3	2	1	6	1	5	0	4	0	1	0	0	0	2	0	2	2	2	5	6	3	2	1	2	4	7	1	2	2	3
"txid439703"	1	2	1	1	0	1	1	0	2	1	0	1	3	2	2	2	0	1	1	0	2	1	2	0	0	0	0	4	6	0	3	2	2	5	3	3	2	0	1	0	0	1	1	0	1	1	1	1	1	0	1	1	1	0	1	1	4	1	0	3	0	2	3	0	4	1	0	0	1	1	0	3	1	1	1	1	1	2	0	3	1	1	0	1	0	0	0	1	1	2	0	1	0	1	0	3	0	1	1	0	2	3	4	1	1	1	0	0	0	1	0	3	0	0	0	1	0	1	2	1	3	3	1	1	0	1	0	0	1	0	1
"txid2479840"	26	42	24	34	17	20	24	20	14	35	43	28	54	34	32	37	28	58	30	22	27	33	45	22	40	46	52	69	43	25	84	55	28	43	54	39	34	35	54	50	53	55	43	22	62	36	37	39	48	44	39	42	52	27	35	50	30	43	35	26	8	3	4	9	47	43	50	26	27	23	45	30	19	14	13	16	44	41	51	38	45	46	2	7	2	14	8	17	27	40	30	5	1	21	19	46	33	21	28	13	52	45	37	29	58	19	35	0	33	6	6	22	2	11	17	14	12	29	22	38	38	43	26	16	32	33	50	50	20	12	20
"txid1676614"	397	588	441	615	309	400	526	296	268	728	825	445	775	421	420	484	595	636	513	447	411	634	555	351	395	726	543	903	886	540	1410	945	545	895	952	518	728	475	734	707	629	823	780	203	931	460	578	760	722	982	900	974	665	538	534	802	444	582	605	391	168	61	99	102	673	795	657	505	311	223	634	491	348	284	244	204	958	416	533	491	793	427	10	93	44	195	204	203	393	649	413	148	51	377	368	457	353	289	409	156	615	488	517	439	583	548	680	4	543	85	85	464	22	292	254	271	223	633	424	810	659	748	484	224	569	580	592	613	387	352	246
"txid1852370"	18	44	14	25	28	13	13	16	17	22	124	59	49	15	10	27	13	18	35	11	11	7	30	11	17	24	12	23	84	5	56	16	11	15	57	29	24	5	14	25	11	21	12	9	20	21	30	11	17	41	20	45	19	28	25	16	77	16	23	13	4	10	12	12	38	32	83	6	20	14	37	35	7	6	8	23	47	49	56	44	15	179	33	24	22	24	40	33	18	36	11	15	8	18	19	104	19	12	21	7	42	23	75	39	60	30	25	0	22	13	8	39	3	20	17	9	6	21	16	13	42	43	18	8	38	51	40	49	20	30	21
"txid742725"	0	0	1	1	0	0	0	2	2	0	0	2	5	0	2	3	1	0	2	1	0	1	1	1	0	0	0	1	2	0	0	0	0	0	0	1	0	0	0	0	0	0	0	0	0	0	0	0	0	0	0	2	0	0	0	0	3	2	0	0	0	1	3	3	0	1	0	0	2	5	0	2	0	1	3	5	0	3	1	1	0	0	4	6	1	3	3	5	2	0	1	2	0	3	2	1	0	1	0	0	0	1	1	3	2	0	1	0	0	0	0	0	0	1	0	0	0	0	0	0	0	0	0	0	0	0	0	0	0	0	0
"txid1871023"	1	1	0	3	0	5	1	2	1	5	1	2	3	0	1	1	1	1	0	2	0	4	6	0	7	3	3	4	2	0	6	2	2	2	2	4	4	1	5	2	4	2	1	0	2	0	0	0	1	1	0	1	0	0	2	0	4	0	0	0	2	1	2	2	1	3	7	2	2	0	0	4	3	4	1	3	1	3	1	1	3	2	2	3	2	4	1	3	0	5	2	3	0	1	3	3	0	1	3	0	3	3	8	2	7	5	3	0	1	2	0	3	1	3	3	3	1	3	2	2	2	3	1	1	1	1	5	0	0	2	0
"txid823"	16	14	12	23	1	13	12	23	15	9	0	9	24	5	10	20	12	5	13	6	3	13	12	9	19	9	8	14	9	5	9	9	6	8	9	56	13	2	6	11	7	8	9	5	6	6	10	18	9	4	4	9	4	7	7	5	8	5	6	8	5	18	21	28	19	16	39	17	30	100	4	19	11	13	9	29	10	47	35	24	10	45	34	39	34	13	52	52	22	19	8	26	0	8	9	59	7	12	12	2	9	15	29	20	64	14	22	0	7	7	3	23	1	4	22	8	6	4	10	27	13	49	7	3	11	9	30	19	1	4	9
"txid574930"	0	0	0	0	0	0	0	0	0	0	0	0	0	0	0	0	0	0	0	0	0	0	0	0	0	0	0	0	0	3	1	0	0	0	0	0	0	0	0	0	0	2	0	7	0	0	0	0	3	0	1	0	2	11	17	1	0	1	5	0	0	13	1	39	0	0	0	2	3	21	0	2	2	8	10	1	0	21	3	2	0	0	13	0	2	0	1	1	1	1	0	1	0	2	22	1	2	12	2	3	1	1	0	1	0	0	0	0	0	0	0	0	0	0	0	0	0	0	0	0	0	0	0	0	0	0	0	1	0	0	0
"txid387661"	3	4	0	4	0	0	1	3	1	0	0	3	1	2	1	2	0	3	1	2	2	9	3	1	5	0	2	4	2	1	2	4	4	1	0	3	3	0	2	4	2	3	1	1	1	2	3	2	1	1	2	0	4	4	3	0	2	0	3	0	1	0	1	2	0	4	2	0	3	4	0	4	1	4	5	3	1	5	5	6	2	2	2	6	1	4	3	5	0	3	3	3	0	0	1	7	5	0	6	0	3	4	6	4	8	1	4	0	2	4	1	5	1	1	2	0	2	0	1	1	2	5	0	2	2	0	15	2	0	2	3
"txid46503"	220	280	128	296	18	128	159	192	163	93	19	78	73	96	92	252	98	102	162	45	56	144	317	76	323	153	103	119	80	62	83	120	68	110	46	301	119	55	169	193	136	156	131	105	87	149	227	150	93	23	81	65	176	145	124	94	97	74	172	68	63	52	48	51	25	185	244	106	151	252	7	165	94	126	114	70	24	292	312	247	107	119	88	252	120	134	163	204	136	71	98	88	0	78	94	355	141	108	132	49	242	143	350	193	296	171	103	3	109	114	21	154	4	74	175	76	70	119	91	90	200	282	61	73	210	163	352	161	56	113	113
"txid28031"	0	0	0	0	0	0	0	0	0	0	0	0	0	0	0	0	0	0	0	0	0	0	0	0	0	0	0	0	0	0	0	0	0	0	0	0	0	0	0	0	0	0	0	0	0	0	0	0	0	0	0	0	0	0	0	0	0	0	0	0	23	0	0	0	0	0	0	0	0	0	0	0	0	0	0	0	0	0	0	0	0	0	0	0	0	0	0	0	0	0	0	0	0	0	0	0	0	0	0	6	0	0	0	0	0	0	0	2	0	0	32	0	6	0	0	2	0	0	0	0	1	0	0	0	0	0	0	0	0	0	0
"txid1562132"	0	0	0	0	0	0	0	0	0	0	0	0	0	0	0	0	0	0	0	0	0	0	0	0	0	0	0	0	0	0	0	0	0	0	0	0	0	0	0	0	0	0	0	0	0	0	0	0	0	0	0	0	0	0	0	0	0	0	0	0	3	0	0	0	0	0	0	0	0	0	0	0	0	0	0	0	0	0	0	0	0	0	0	0	0	0	0	0	0	0	0	0	0	0	0	0	0	0	0	1	0	0	0	0	0	0	0	0	0	0	10	0	6	0	0	143	0	0	0	0	0	0	0	22	1	0	0	0	0	0	0
"txid1224748"	1	0	0	0	0	3	0	0	0	0	0	0	0	0	0	0	0	0	0	0	0	0	0	0	0	0	0	0	0	0	0	0	0	0	0	0	0	0	0	0	0	0	0	0	0	0	0	0	0	0	0	0	0	0	0	0	0	0	0	10	36	0	0	0	0	0	0	0	0	0	0	0	0	0	0	0	0	0	0	0	0	0	0	0	0	0	0	0	0	0	0	0	0	0	0	0	0	0	0	640	16	1	0	0	0	0	0	102	0	0	136	0	8	28	0	29	0	2	0	0	8	0	0	26	0	0	0	0	0	6	0
"txid76853"	0	0	0	0	0	1	0	0	0	0	0	0	0	0	0	0	0	0	0	0	0	0	0	0	0	0	0	0	0	0	0	0	0	0	0	0	0	0	0	0	0	0	0	0	0	0	0	0	0	0	0	0	0	0	0	0	0	0	0	1	29	0	0	0	0	0	0	0	0	0	0	0	0	0	0	0	0	0	0	0	0	0	0	0	0	0	0	0	0	0	0	0	0	0	0	0	0	0	0	69	3	1	0	0	0	0	0	16	0	0	12	0	0	3	0	3	0	0	0	0	0	0	0	2	0	0	0	0	0	0	0
"txid46125"	1	0	1	2	0	0	1	1	1	0	0	0	0	0	1	0	0	0	0	0	0	1	0	0	0	0	0	0	1	0	0	0	0	1	0	1	0	1	0	0	0	1	0	0	1	0	0	2	0	0	0	0	0	0	0	0	0	1	0	0	0	2	23	0	2	0	0	0	2	2	0	0	2	1	2	3	0	1	0	0	0	0	2	1	0	1	0	3	0	3	1	0	0	0	1	0	0	0	0	0	1	1	0	1	1	0	0	0	0	0	0	0	0	0	1	1	0	1	1	0	1	1	0	0	0	0	1	0	0	0	0
"txid1140002"	1	2	0	0	0	0	1	5	1	1	0	0	0	3	6	1	7	0	1	5	4	1	1	8	1	0	1	0	2	0	4	9	1	1	0	19	7	0	4	1	1	1	1	1	1	4	1	0	2	3	1	1	2	1	0	1	2	1	0	2	2	2	0	1	0	2	3	5	11	0	4	2	5	0	9	1	1	0	1	1	1	3	1	1	1	0	0	2	1	1	15	11	2	4	1	1	0	36	1	3	1	5	0	0	1	5	0	7	16	7	0	0	1	1	0	1	4	5	0	1	11	0	1	4	4	1	1	8	2	9	3
"txid1351"	5	34	4	0	1	0	0	6	1	1	1	0	1	1	0	1	4	1	0	6	1	0	1	1	0	0	0	0	1	0	1	1	1	0	1	2	7	0	2	1	1	3	0	0	0	0	0	0	1	3	0	1	0	0	0	0	0	1	0	0	0	1	3	0	0	1	1	1	15	0	2	1	1	0	1	1	1	0	1	0	0	0	0	0	0	0	0	1	1	0	0	0	2	8	0	1	0	27	1	0	1	15	4	0	0	5	0	4	16	4	0	22	0	3	1	2	4	3	1	1	10	0	0	0	1	2	1	14	1	1	3
"txid160453"	2	1	1	0	0	0	5	2	1	2	1	0	0	2	3	0	9	1	0	1	5	1	1	7	0	4	0	0	1	0	0	12	0	2	0	10	7	2	6	4	6	6	4	4	0	2	1	0	9	2	5	1	5	1	0	1	2	1	0	2	3	0	0	1	0	1	15	9	24	0	1	3	3	1	10	4	0	0	2	3	1	1	0	0	2	0	0	0	1	0	9	11	5	2	0	1	0	33	1	1	1	3	0	0	1	4	0	9	16	5	0	0	0	0	3	2	9	5	1	6	36	0	0	2	12	4	1	25	0	10	6
"txid768486"	0	0	0	0	0	0	0	0	0	0	0	37	4	0	0	0	0	0	0	0	0	0	0	0	0	0	0	0	0	0	0	0	0	0	0	0	0	0	0	0	0	0	0	0	0	2	0	0	0	0	0	3	0	0	0	0	0	0	0	1	0	1	0	1	0	0	0	0	0	0	0	0	0	0	0	0	0	0	0	0	0	0	0	0	0	0	0	0	0	2	0	0	4	0	1	0	0	6	0	17	1	1	2	0	0	1	0	10	5	0	0	3	0	1	0	0	0	1	0	0	0	0	0	0	0	1	0	0	0	1	0
"txid71451"	0	0	0	0	0	0	1	1	1	1	0	0	0	1	1	0	7	1	0	1	1	0	0	2	0	0	0	0	1	0	2	9	0	0	0	8	3	3	1	1	5	6	0	1	1	1	1	0	4	2	2	0	1	0	0	0	0	0	0	2	2	1	1	0	0	2	5	3	9	0	0	1	1	0	3	2	0	1	1	0	0	1	0	1	1	0	0	0	1	0	3	2	0	0	0	0	0	17	1	1	1	2	0	0	0	3	0	7	7	2	0	0	0	0	0	0	9	1	1	1	17	0	0	1	10	2	0	12	0	2	6
"txid71452"	0	1	0	0	0	0	0	1	0	1	0	0	0	1	0	0	1	0	0	2	1	0	0	0	0	0	0	0	0	0	0	4	0	0	0	2	1	1	0	1	1	3	0	0	1	0	0	0	1	1	0	0	0	0	0	0	0	0	0	0	0	0	0	0	0	0	2	0	6	0	0	1	0	0	0	1	0	0	1	0	1	1	0	0	0	0	0	0	0	0	0	2	1	0	0	1	0	6	0	0	0	1	0	0	0	0	0	0	4	0	0	0	0	0	0	0	1	1	0	1	3	0	2	0	3	1	0	1	0	0	1
"txid1583"	1	4	6	1	0	0	1	0	1	1	0	0	0	0	0	0	4	0	0	0	0	0	0	1	0	1	0	0	0	0	0	0	0	0	0	2	0	0	0	0	0	0	0	0	0	0	0	1	0	0	0	0	0	0	0	0	1	0	0	9	0	0	0	0	0	0	0	1	1	0	0	0	0	0	0	0	1	0	0	0	0	1	0	0	1	0	0	1	0	0	1	0	0	0	0	0	5	11	1	1	0	3	0	2	0	1	0	0	7	0	0	0	0	0	3	6	17	0	0	3	12	0	0	0	0	2	0	28	1	3	6
"txid1363"	1	4	1	0	1	0	0	1	0	0	0	0	0	0	1	0	1	0	0	1	0	0	0	0	0	0	0	0	2	0	0	2	0	2	0	4	2	0	0	0	0	0	0	0	1	0	0	0	1	0	0	0	0	0	0	0	0	0	0	1	1	0	2	1	0	1	0	0	0	0	0	1	1	0	0	0	2	0	0	0	0	0	0	1	0	0	1	0	0	0	0	0	0	8	0	0	0	10	0	0	1	3	2	0	0	1	0	0	85	8	0	0	0	0	1	3	1	1	0	1	5	0	0	0	6	2	0	7	1	3	1
"txid1358"	0	0	0	0	0	0	0	0	0	0	0	0	0	0	1	1	2	0	0	0	0	0	0	0	0	1	0	0	0	0	0	0	0	0	0	0	0	0	0	0	0	0	0	0	0	0	0	0	0	0	0	0	0	0	0	0	0	0	0	0	0	0	0	0	0	1	0	2	4	0	0	0	0	0	0	0	0	0	0	0	0	0	0	0	0	0	0	0	1	0	0	0	0	6	0	0	0	1	0	0	1	0	1	0	0	5	0	0	1	0	0	0	0	0	0	0	1	5	0	9	2	0	0	0	1	14	0	5	1	1	3
"txid270498"	0	0	0	0	0	0	0	0	0	0	0	0	0	0	0	0	1	0	0	0	0	0	0	1	0	0	0	0	0	0	0	0	0	0	0	0	0	0	0	0	0	0	0	0	0	0	0	0	0	0	0	0	0	0	0	0	0	1	0	0	0	2	10	4	0	1	1	0	1	1	0	1	1	1	1	5	0	0	0	0	0	0	15	2	7	1	0	1	0	1	0	1	0	3	4	0	0	0	0	0	0	0	0	0	0	0	0	0	0	0	0	0	0	0	0	0	0	0	0	1	0	1	2	0	0	0	0	0	0	0	0
"txid626937"	0	0	1	0	0	1	0	0	0	0	0	1	2	0	0	0	0	0	2	0	0	2	1	1	0	0	0	1	1	1	0	0	0	0	2	1	0	0	0	0	0	0	0	1	0	0	0	0	0	0	0	5	0	0	0	0	1	0	0	0	0	5	12	3	0	1	1	2	9	0	0	3	1	0	1	20	0	2	0	1	1	0	8	8	15	1	9	2	0	0	2	6	0	13	4	3	0	1	0	7	0	1	0	1	1	0	3	0	0	0	0	0	0	1	1	1	0	2	0	0	1	0	2	0	0	0	0	0	0	0	0
"txid2763654"	0	0	0	0	0	0	0	1	0	0	0	0	0	0	0	0	0	0	0	0	0	0	0	0	0	0	0	0	0	0	0	0	0	0	0	0	0	0	0	0	2	0	0	0	0	0	0	0	0	0	0	0	0	0	0	0	0	0	0	0	0	10	8	0	0	1	4	0	5	0	0	2	1	5	7	5	0	9	2	4	0	0	3	2	2	5	8	10	3	1	2	6	0	1	6	1	0	0	0	0	0	0	0	0	0	0	2	0	0	0	0	0	0	0	0	0	0	0	0	0	0	0	0	0	0	0	0	0	0	0	0
"txid179628"	0	0	0	0	0	0	0	0	0	0	0	0	0	2	0	0	0	0	0	0	0	0	0	0	0	0	0	0	0	0	0	0	0	0	0	0	0	0	0	0	0	0	0	0	0	0	0	0	0	0	0	0	0	0	0	0	0	0	0	0	0	0	0	0	0	0	0	0	0	0	0	0	0	0	0	0	0	1	0	0	0	0	0	0	0	3	0	1	0	0	0	0	0	0	0	0	0	0	1	0	0	0	1	3	0	0	0	0	7	10	0	1	2	1	0	0	1	1	0	1	5	0	0	0	4	19	1	1	1	5	3
"txid2126740"	0	0	1	0	0	1	1	3	1	0	0	0	0	0	0	2	1	0	0	0	0	1	1	0	2	0	0	1	1	0	1	0	0	0	0	0	0	0	0	1	1	0	0	0	0	1	0	0	0	0	0	3	0	0	0	0	1	0	1	0	0	0	5	1	0	1	1	1	2	5	0	1	1	1	1	5	0	2	0	0	0	0	2	1	2	0	0	3	1	2	2	1	0	0	1	3	3	6	4	4	11	10	2	2	7	1	2	2	7	4	0	6	3	3	6	0	0	2	1	1	3	1	0	1	1	0	3	0	0	0	0
"txid759821"	11	7	7	9	1	10	19	55	26	5	3	2	3	3	9	5	6	5	5	3	2	5	7	5	8	12	6	7	6	12	0	6	9	8	4	19	9	1	7	5	6	11	4	14	11	14	4	10	4	2	4	4	9	13	10	4	2	7	11	5	2	27	44	33	5	13	13	15	22	24	2	8	22	36	69	49	2	23	8	9	3	1	51	34	41	12	21	30	17	14	9	19	0	10	42	6	3	9	16	3	5	8	1	10	17	12	6	1	4	7	1	9	0	10	9	8	5	11	6	10	21	5	8	9	7	5	8	4	6	3	13
"txid1347366"	0	0	0	0	0	0	0	0	0	0	0	0	1	0	0	1	2	0	1	0	0	1	0	0	0	0	0	1	2	0	0	0	0	0	0	0	0	0	0	0	0	0	0	0	0	0	0	0	0	1	0	0	0	0	0	0	0	0	0	0	0	0	0	0	0	0	0	0	0	0	0	0	1	0	1	0	0	0	15	5	0	43	0	0	1	1	1	1	2	1	0	0	0	0	0	0	0	0	4	1	0	0	0	1	0	0	0	0	0	2	0	0	0	0	0	0	0	0	0	0	3	0	0	0	0	2	0	0	0	0	0
"txid137838"	0	0	0	0	0	0	0	0	0	0	0	0	0	0	0	0	0	0	0	0	0	0	0	0	0	0	0	0	0	0	0	0	0	0	0	0	0	0	0	0	0	0	0	0	0	0	0	0	0	0	0	0	0	0	0	0	1	0	0	0	0	0	0	0	0	0	0	0	0	0	0	7	0	0	0	0	0	0	0	0	0	0	0	0	0	0	0	0	0	0	0	0	0	0	0	0	0	0	0	0	0	0	0	25	0	0	0	0	41	54	3	12	7	13	1	0	8	2	0	0	20	0	0	0	0	0	1	0	0	0	0
"txid29363"	1	1	1	0	0	8	196	8	103	1	0	0	7	14	31	3	78	0	5	1	0	4	9	4	3	5	0	15	14	1	0	1	0	8	2	92	1	1	4	6	0	8	0	2	3	4	1	4	4	1	7	8	5	9	6	2	84	18	6	7	9	22	33	26	0	0	1	1	1	0	0	20	1	11	170	41	0	2	1	0	0	0	0	0	1	1	2	2	0	0	2	0	15	31	0	0	0	4	2	4	1	9	39	35	5	2	1	2	27	478	0	0	17	1	1	0	0	0	0	0	11	1	0	1	3	1	2	0	0	0	4
"txid1650661"	3	0	2	1	0	0	2	4	2	0	0	0	2	0	9	2	9	0	2	6	0	2	5	6	1	1	2	1	3	4	4	0	0	3	4	28	0	0	0	0	0	0	0	0	0	0	0	0	0	1	0	8	0	1	0	0	21	6	1	0	0	22	29	12	0	30	31	14	14	13	0	30	16	9	15	32	1	7	14	12	2	0	15	27	17	13	20	16	25	13	11	17	0	12	16	8	1	1	1	4	5	34	7	33	12	3	15	0	0	1	0	1	0	0	19	12	0	5	4	7	3	10	8	0	0	0	0	4	0	0	4
"txid2605778"	37	12	12	10	10	13	28	25	20	5	10	37	45	12	23	7	52	9	18	7	4	17	13	14	27	7	7	26	97	10	56	9	10	19	70	31	9	5	14	11	8	12	21	23	14	10	13	29	12	53	17	70	20	15	6	10	81	17	17	62	7	49	102	59	24	35	32	38	46	35	25	23	43	29	23	84	21	33	31	14	23	38	29	17	91	26	31	53	58	22	19	69	0	46	32	41	15	20	20	21	17	34	21	33	29	27	29	2	51	46	4	60	10	28	49	65	30	50	31	30	33	33	27	24	23	34	28	25	46	31	29
"txid39493"	0	1	0	0	0	3	72	3	19	1	0	0	1	35	36	3	27	1	3	0	0	5	5	0	2	2	0	3	0	0	0	0	0	4	0	2	2	6	6	0	0	2	0	6	2	0	4	1	6	0	4	0	0	25	0	1	10	7	0	0	5	3	5	10	0	1	0	0	1	0	0	2	0	1	17	4	0	1	0	0	0	0	1	5	0	20	9	6	0	0	0	0	0	6	0	0	0	0	7	6	10	24	88	7	1	0	0	0	0	26	0	0	2	4	3	1	0	1	0	1	78	2	0	0	4	1	0	0	0	0	11
"txid1559"	0	0	0	0	0	1	20	1	10	0	0	0	0	12	9	1	7	1	1	0	0	2	2	0	0	1	0	0	0	0	0	0	0	1	0	1	0	1	2	1	0	2	0	2	0	0	1	0	1	0	3	0	0	4	2	0	4	4	0	0	2	0	2	2	0	1	0	0	0	0	0	0	0	0	7	1	0	0	0	0	0	0	0	1	0	7	5	2	0	0	0	1	0	2	0	0	1	0	1	1	3	7	23	3	0	0	0	1	0	6	1	0	1	1	1	1	0	0	0	0	19	0	0	0	2	0	0	0	0	0	3
"txid1096246"	1	1	4	1	0	7	2	6	4	1	0	0	0	2	1	2	1	0	0	4	0	0	1	0	3	0	1	0	0	1	0	0	0	0	0	22	0	1	0	0	0	0	0	1	0	1	0	0	1	0	1	0	1	1	0	0	0	1	0	9	0	158	20	164	0	1	0	0	4	11	0	1	3	4	3	17	0	4	1	0	0	0	2	8	8	6	5	24	3	3	1	16	0	3	14	0	0	6	0	0	1	2	1	1	0	1	0	1	1	4	0	0	2	0	0	0	0	1	0	1	2	0	0	0	0	0	0	0	0	0	0
"txid154046"	0	0	0	0	0	0	0	0	0	0	0	0	0	0	0	0	0	0	0	0	0	0	0	0	0	0	0	1	0	0	0	0	0	0	0	2	0	0	0	0	0	0	0	0	0	0	0	0	0	0	0	0	0	0	0	0	0	0	0	0	0	28	4	54	0	1	0	1	2	7	0	0	1	2	4	6	0	2	0	0	0	0	15	1	29	1	2	1	1	2	0	2	0	2	4	0	0	1	0	0	0	0	0	0	0	0	0	0	0	0	0	0	0	0	0	0	0	0	0	0	0	0	0	0	0	0	0	0	0	0	0
"txid384636"	1	0	1	2	1	2	2	3	5	1	0	0	1	0	1	0	3	3	0	1	1	1	0	0	1	0	0	1	0	0	0	1	0	0	1	1	0	1	2	1	0	1	0	2	3	0	0	1	0	0	0	0	0	0	1	0	0	0	1	1	1	1	5	1	1	1	2	2	0	3	0	1	3	1	0	6	0	1	2	0	2	0	4	1	7	3	1	2	1	1	1	2	0	1	2	1	1	1	1	1	2	3	2	2	1	2	2	0	4	0	0	3	0	1	4	0	0	0	1	1	2	3	0	0	1	1	1	2	2	0	1
"txid53442"	1	0	1	1	0	1	2	1	3	1	0	12	8	3	6	2	1	3	2	0	0	1	0	0	0	0	1	0	4	1	3	0	0	0	2	0	2	0	1	0	1	0	1	0	0	0	1	0	1	3	1	3	1	0	0	0	4	3	0	0	2	39	20	6	0	6	2	3	1	3	1	2	2	1	3	13	1	1	0	1	0	1	22	6	36	1	6	1	4	1	2	7	0	3	4	3	1	0	1	1	1	1	2	1	1	0	0	1	1	0	0	0	0	2	1	27	3	1	0	0	3	1	6	12	4	2	0	0	4	2	1
"txid433296"	1	0	0	0	0	1	1	1	2	0	0	0	3	0	2	1	0	1	2	0	0	1	2	0	1	2	1	0	0	1	1	2	2	0	0	0	0	0	0	0	0	0	0	0	1	0	0	0	0	0	0	8	0	0	0	0	4	0	0	0	0	8	8	23	0	2	2	0	1	2	0	1	0	1	5	16	0	6	0	1	0	0	6	4	2	3	1	2	0	0	0	2	0	0	4	6	0	1	0	0	0	1	2	0	1	0	1	0	0	0	0	1	0	2	1	1	0	0	0	1	3	0	0	2	1	0	1	0	0	0	3
"txid1776384"	3	1	1	2	0	8	11	6	9	2	0	2	13	0	4	2	1	0	15	2	0	10	9	3	5	6	3	4	6	3	4	6	6	2	1	2	0	0	0	0	0	0	0	0	11	1	0	0	0	1	0	19	1	1	4	0	22	10	4	0	0	55	45	117	0	11	15	3	20	8	0	10	3	6	14	45	0	15	6	6	1	1	24	18	27	10	19	19	11	5	3	44	0	6	18	25	0	4	1	12	1	3	1	2	3	0	4	3	0	2	0	2	0	8	2	10	0	1	2	2	17	6	8	5	2	1	2	1	1	0	3
"txid1852367"	1	0	0	0	0	1	0	1	1	0	0	0	2	0	1	3	0	0	5	2	0	2	1	0	1	0	1	1	1	1	0	0	0	1	0	0	0	0	0	0	0	0	0	1	2	0	0	0	0	0	0	3	0	0	0	0	2	2	0	0	0	7	28	11	0	13	11	0	7	5	0	3	8	4	7	23	0	8	0	4	0	0	39	11	30	4	12	7	9	2	2	31	0	1	6	11	0	3	0	5	0	0	0	0	0	0	1	0	0	0	0	0	0	1	0	0	0	1	0	0	3	1	2	0	0	0	0	0	0	0	0
"txid2764712"	1	0	0	1	0	1	1	0	0	0	0	0	1	0	1	0	0	0	2	1	0	0	1	0	0	0	0	0	0	0	0	0	0	0	0	0	0	0	0	0	0	0	0	0	0	0	0	0	0	0	0	0	0	0	0	0	2	1	0	0	0	7	5	5	0	3	8	2	2	0	0	1	0	0	5	3	0	1	1	1	0	0	6	3	6	1	6	2	1	0	2	5	0	3	1	6	0	0	1	1	0	1	1	1	0	1	1	0	0	0	0	0	0	0	1	0	0	0	0	0	0	0	1	0	0	0	0	0	0	0	2
"txid2763645"	1	0	0	1	0	1	2	5	1	0	0	0	1	0	1	0	0	0	3	2	0	2	1	0	0	0	0	0	1	0	1	0	0	0	1	0	0	0	0	0	0	0	0	0	0	0	0	0	0	0	0	3	0	0	0	0	1	0	1	0	0	1	2	4	0	1	1	0	2	2	0	0	0	0	1	2	0	1	0	1	0	0	2	2	3	0	1	1	0	0	0	1	0	1	0	2	0	0	1	0	0	0	0	0	0	0	0	0	0	1	0	0	0	0	0	1	0	0	0	0	1	1	1	2	0	0	0	0	0	0	1
"txid2818044"	0	0	0	0	0	0	0	0	0	0	0	0	0	0	0	0	0	0	0	0	0	0	0	0	0	0	0	0	0	0	0	0	0	0	0	0	0	0	0	0	0	0	0	0	0	0	0	0	0	0	0	0	0	0	0	0	0	0	0	0	0	10	1	5	0	0	2	1	1	1	0	0	1	1	2	2	0	0	1	2	0	0	3	1	2	0	3	3	1	1	1	2	0	1	8	5	0	0	0	0	0	1	0	0	0	0	2	0	0	0	0	0	0	0	0	2	0	0	0	0	0	0	0	0	0	0	0	0	0	0	0
"txid2763660"	6	0	4	0	0	0	2	1	0	0	0	0	1	0	10	0	10	1	3	2	0	3	3	6	0	1	3	4	7	2	0	2	1	4	0	10	1	0	1	0	0	5	0	5	1	1	0	0	4	1	3	11	1	1	3	0	4	4	9	0	2	2	0	3	0	3	8	6	2	1	0	3	1	0	2	1	0	1	6	6	0	0	1	0	1	0	0	4	0	0	0	1	0	6	4	1	0	2	0	0	0	4	0	9	0	0	0	0	0	0	0	0	0	0	2	2	0	0	0	0	3	1	0	0	0	0	0	0	0	0	0
"txid1812858"	1	0	1	1	0	1	0	7	2	1	0	0	1	1	1	0	0	1	1	0	1	1	1	0	3	1	2	0	1	1	0	0	0	2	3	2	1	0	0	2	3	2	0	4	3	1	0	2	1	0	1	0	0	0	1	0	2	1	1	1	1	1	5	5	0	1	1	2	1	5	0	2	5	1	9	4	0	3	2	1	2	0	4	1	6	1	2	3	3	0	0	6	0	1	3	0	0	0	0	2	0	1	0	0	1	1	0	0	2	1	0	1	0	1	1	1	1	1	0	1	2	1	1	0	1	0	1	1	1	0	0
"txid433287"	4	0	1	1	0	1	1	1	2	0	0	0	3	8	5	0	3	1	0	0	0	3	8	1	8	7	0	1	0	3	0	0	0	1	0	1	2	0	1	2	0	3	0	2	0	0	0	2	1	0	0	0	1	2	8	1	1	0	3	0	3	7	23	3	0	10	5	3	2	6	0	6	2	5	10	16	0	2	3	1	0	0	34	23	6	8	24	2	13	7	4	2	0	8	11	4	1	3	1	2	1	0	3	8	0	2	19	0	4	0	1	9	0	5	1	1	1	9	1	6	7	3	0	3	5	0	3	0	0	0	4
"txid2358141"	7	1	5	5	0	4	9	6	6	2	0	0	1	4	6	4	9	1	0	3	1	2	10	2	42	17	1	4	0	9	0	1	0	4	0	6	3	2	6	2	0	4	0	9	0	8	1	2	4	0	11	0	2	13	25	2	0	2	21	8	5	10	11	7	0	3	3	5	7	9	0	11	5	11	3	9	0	8	2	0	1	0	5	5	3	4	6	15	6	5	1	2	0	3	9	3	1	14	8	2	3	7	4	16	0	3	6	0	5	5	1	14	1	4	3	1	0	12	0	1	3	4	2	2	3	0	4	1	0	0	9
"txid2606636"	2	1	3	1	0	2	0	3	2	1	1	1	1	0	2	0	2	1	0	1	0	2	0	1	1	0	1	0	1	1	2	1	1	0	3	0	0	0	0	0	0	0	1	0	2	0	0	1	1	1	0	7	0	0	0	1	4	0	0	0	0	2	9	2	1	1	1	2	2	4	0	2	3	1	1	5	0	2	2	1	0	1	5	1	3	1	2	0	2	1	0	3	0	0	4	2	1	4	1	1	2	3	3	1	3	0	3	0	2	0	1	2	0	0	3	0	1	0	2	2	2	0	1	0	0	0	3	0	0	1	0
"txid1796615"	0	1	0	2	4	1	1	2	2	1	4	12	16	1	3	1	0	3	1	1	1	0	3	1	1	1	0	0	6	1	12	0	1	3	1	2	2	1	0	0	2	3	1	2	2	1	1	7	1	5	1	2	0	0	0	1	15	1	3	9	2	10	13	4	1	9	5	3	3	2	0	1	7	3	5	7	2	3	2	2	0	0	29	4	82	10	8	5	6	1	1	6	0	5	9	15	0	1	0	0	1	1	2	0	5	1	10	1	2	4	0	1	0	1	1	5	0	0	0	2	1	2	2	0	0	1	0	2	0	0	1
"txid536633"	3	2	7	6	25	14	9	14	4	1	25	76	80	3	22	7	9	16	10	8	7	9	17	7	5	6	1	5	41	5	94	3	6	6	5	12	3	10	1	0	4	3	5	10	15	8	2	26	3	30	4	12	1	3	7	6	79	4	7	32	3	50	70	18	4	45	20	21	10	13	4	9	83	14	31	32	7	15	22	16	3	7	226	19	449	46	41	14	34	11	9	56	0	29	45	66	3	15	6	14	5	3	33	2	36	3	31	1	25	9	1	3	1	4	10	23	2	2	3	8	1	7	4	5	4	2	3	5	1	1	3
"txid2025493"	1	0	1	0	0	0	0	1	0	0	0	0	1	0	0	0	0	0	0	0	0	1	0	0	0	1	0	0	1	0	2	1	0	0	0	1	0	1	0	0	0	0	0	0	0	0	0	0	0	0	0	0	0	0	0	0	1	0	0	0	0	2	2	1	0	2	1	2	0	0	0	2	3	1	0	1	0	0	1	0	0	2	1	2	4	2	1	0	2	1	0	2	0	0	1	0	0	0	0	0	0	0	1	0	0	1	2	0	0	1	0	3	0	4	0	4	0	0	0	0	0	0	1	0	1	0	0	0	0	0	0
"txid831"	1	0	1	0	0	0	1	1	2	0	1	0	0	0	1	0	1	0	1	0	0	0	0	0	0	0	0	0	0	0	2	0	0	1	0	1	0	1	1	0	1	0	1	1	1	0	1	1	1	0	0	1	0	0	0	0	1	2	1	1	1	0	7	4	1	1	0	0	0	2	0	2	3	3	1	5	0	0	1	2	1	1	1	0	7	1	3	2	1	0	0	1	0	0	0	1	0	1	0	0	0	3	0	1	2	0	1	0	1	2	0	1	1	0	4	0	0	1	1	1	0	2	0	1	1	0	0	0	1	2	1
"txid185008"	19	13	22	22	19	20	22	58	30	14	7	16	25	14	34	16	11	10	18	18	9	24	39	18	49	29	29	14	26	23	12	25	18	32	25	53	11	5	6	4	16	8	12	34	12	17	10	18	8	30	30	27	17	24	24	8	40	31	34	32	16	176	101	159	54	32	36	48	52	74	26	29	39	51	65	108	11	49	25	16	22	7	194	24	156	12	33	35	26	30	28	75	0	39	71	14	3	21	11	25	7	7	23	27	29	6	16	15	13	108	2	15	1	41	35	70	20	42	78	79	115	70	70	46	68	20	37	13	10	66	21
"txid673271"	1	0	1	0	0	0	1	6	3	0	0	0	0	0	2	0	0	0	0	0	0	2	1	1	2	0	0	1	1	2	0	1	2	1	0	1	0	0	0	0	0	0	1	1	3	1	0	1	1	0	0	0	2	1	1	1	1	1	1	1	1	2	2	4	0	0	1	1	2	8	0	0	1	2	7	4	0	3	0	1	0	0	4	2	4	1	5	2	3	1	1	4	0	1	4	0	0	1	0	1	0	1	0	1	1	0	0	0	0	0	0	0	0	0	1	1	1	0	0	1	3	1	2	1	0	0	1	0	0	1	0
"txid642492"	0	0	0	0	0	0	0	0	0	0	0	0	0	0	0	0	0	0	0	0	0	0	0	0	0	0	0	0	0	0	0	0	0	0	0	0	0	0	0	0	0	0	0	0	0	0	0	0	0	0	0	0	0	0	0	0	0	0	0	1	0	18	25	3	0	1	0	0	0	1	0	216	0	29	493	26	0	0	0	0	0	0	1	0	0	0	0	0	0	0	0	0	0	0	0	0	0	0	0	0	0	0	0	0	0	0	0	0	0	0	0	0	0	0	0	0	0	0	0	0	0	0	0	0	0	0	0	0	0	0	0
"txid2850323"	0	0	1	0	0	0	0	0	0	0	0	0	0	0	0	0	0	0	0	0	0	0	0	0	0	0	0	0	0	0	0	0	0	0	0	0	0	0	0	0	0	0	0	0	0	0	0	0	0	0	0	0	1	0	0	0	1	0	0	0	0	6	13	5	0	1	0	0	2	4	0	2	1	5	5	8	0	1	1	0	0	0	31	5	6	4	2	2	2	0	0	0	0	2	8	1	0	0	0	0	0	0	0	0	1	0	1	0	0	0	0	0	0	0	0	0	0	0	0	0	0	0	0	0	0	0	0	0	0	0	0
"txid1720294"	1	0	0	0	0	0	0	1	0	0	0	0	0	1	0	0	0	0	0	1	0	0	0	0	0	0	0	1	1	0	0	0	0	0	0	0	0	0	0	0	0	0	1	0	0	1	0	0	0	0	0	0	0	0	0	0	0	0	0	1	0	12	10	3	1	1	1	0	1	2	0	0	0	1	3	12	0	1	0	0	1	0	17	0	4	0	4	3	4	1	2	1	0	0	7	0	0	0	1	0	1	0	0	0	0	0	4	0	1	2	0	3	0	1	0	0	0	0	0	0	1	0	1	0	1	0	0	0	0	2	0
"txid2652274"	0	0	1	0	0	0	0	1	0	1	0	0	0	0	0	0	1	0	0	0	0	0	0	0	0	0	0	0	0	0	0	0	0	0	0	0	0	0	0	0	0	0	0	0	0	0	0	0	0	0	0	0	0	0	0	0	0	0	0	0	0	64	40	10	0	3	0	0	2	11	0	2	1	1	10	51	0	2	1	1	0	0	88	1	12	1	15	10	5	4	0	12	0	1	14	0	0	0	0	0	0	1	0	1	0	0	3	0	1	2	0	0	0	1	0	0	0	1	0	0	0	0	0	1	0	0	0	0	0	0	0
"txid1432052"	15	11	20	6	5	7	16	10	14	11	6	18	31	9	6	11	27	11	18	20	6	14	8	8	33	31	6	43	55	18	34	5	9	28	45	33	12	4	9	19	8	13	15	20	20	13	5	31	21	20	25	14	11	5	7	10	57	16	17	21	5	0	7	1	43	54	43	28	21	24	5	33	5	7	11	9	13	13	9	10	38	38	5	5	7	24	16	19	19	12	36	42	0	18	21	15	11	13	27	6	22	21	18	32	22	18	32	0	36	57	3	30	1	7	44	26	11	26	31	53	18	45	119	9	10	27	46	27	14	23	25
"txid358742"	0	0	1	1	0	1	0	3	1	0	0	2	1	1	0	0	0	0	0	1	0	0	1	0	0	0	0	1	1	0	1	1	1	0	1	4	0	0	0	0	0	0	0	1	0	0	0	1	0	1	0	1	0	2	0	0	2	0	0	1	0	0	3	1	0	0	1	2	1	1	0	0	0	1	1	1	1	0	0	0	0	1	3	1	3	2	1	0	2	0	1	1	0	0	2	0	1	0	0	0	0	0	2	1	1	1	0	0	0	0	0	1	0	0	1	1	0	1	1	2	0	2	0	0	1	0	0	1	0	0	1
"txid208479"	25	5	17	5	2	9	12	30	14	2	10	10	15	3	31	3	16	6	15	10	3	15	15	7	6	5	4	8	19	3	17	2	4	8	26	8	4	1	3	1	5	4	4	8	14	2	2	6	5	7	3	34	2	4	5	2	17	5	6	15	2	26	27	41	9	19	20	17	37	17	2	18	16	13	17	30	6	13	8	6	5	10	41	12	55	32	26	17	25	12	14	23	0	17	30	9	5	12	10	6	3	14	12	8	8	9	10	2	16	18	1	11	3	11	19	22	6	12	3	11	10	9	12	3	10	4	3	9	3	6	13
"txid358743"	2	4	18	3	0	9	9	6	5	1	1	2	5	1	12	3	5	2	0	6	0	3	9	1	10	8	0	4	5	4	1	0	2	8	3	11	3	1	4	1	2	3	1	12	1	5	2	4	4	0	4	2	4	11	19	2	4	3	19	5	6	45	16	26	4	5	4	4	6	9	2	7	0	2	12	16	1	4	2	1	2	1	8	4	10	13	6	3	13	7	4	10	0	4	9	3	1	6	1	0	0	5	7	7	6	1	4	0	1	10	0	12	0	14	4	6	1	9	2	9	21	5	7	2	1	3	4	1	0	2	3
"txid1531"	1	0	1	0	0	1	2	1	1	1	1	0	1	0	1	0	2	0	2	0	0	0	0	0	0	0	1	1	2	0	0	0	0	1	0	0	1	0	0	1	0	1	0	1	0	0	0	0	1	0	0	0	0	0	0	0	1	0	0	0	0	1	2	0	0	0	0	0	2	1	0	0	0	1	0	3	0	2	0	1	0	0	1	0	2	3	1	0	2	0	1	2	0	1	2	0	1	1	1	0	1	4	1	1	3	4	1	0	3	1	0	1	0	0	1	2	2	1	1	1	0	1	2	2	0	1	1	0	1	0	0
"txid460384"	0	0	3	0	0	1	0	1	0	0	0	0	0	0	2	0	0	0	0	0	0	0	0	0	0	0	0	1	1	1	0	0	0	0	0	0	0	0	0	0	0	0	0	0	0	0	0	0	0	0	1	0	0	0	0	0	0	0	0	0	0	3	2	19	0	3	0	1	2	9	0	2	1	3	5	2	0	1	1	0	0	0	3	1	1	1	0	0	0	0	0	5	0	2	2	0	0	1	0	0	1	1	0	2	0	0	0	0	0	0	0	0	0	0	0	0	0	0	0	0	1	0	0	0	0	0	0	0	0	0	0
"txid39482"	13	5	15	10	0	10	8	47	12	7	0	2	4	6	8	3	5	5	2	6	3	8	6	4	12	21	4	9	4	11	6	1	4	8	4	20	9	3	6	8	9	4	4	20	11	13	4	11	4	3	7	8	8	9	11	2	9	11	15	9	6	23	34	37	4	11	15	16	23	21	2	7	24	29	66	43	0	15	9	9	9	1	40	28	54	15	27	31	18	14	7	34	0	16	48	4	5	14	12	3	9	11	5	10	19	8	5	1	1	6	1	9	0	12	8	4	7	9	3	9	12	6	7	6	8	5	3	4	11	6	7
"txid1544"	1	0	0	0	0	0	1	0	0	0	0	0	0	0	0	0	0	1	1	0	0	1	0	0	1	1	0	3	1	0	1	0	0	0	2	1	0	1	0	0	0	0	1	1	0	0	0	0	0	0	0	0	0	0	1	0	1	1	0	1	0	2	1	4	0	1	0	1	0	1	0	2	1	0	5	1	0	2	0	0	0	0	22	2	7	1	1	1	0	3	1	2	0	0	3	0	0	0	0	1	0	0	1	0	0	0	0	0	1	0	0	0	0	0	0	0	0	0	0	0	1	0	0	2	0	0	0	0	0	0	0
"txid1912090"	1	1	0	1	1	2	1	2	2	0	0	1	1	0	0	0	1	0	0	1	0	1	1	1	0	0	1	0	0	0	2	0	0	0	0	1	0	0	0	0	1	0	0	0	1	0	0	0	0	1	0	1	0	0	0	0	1	0	0	0	0	2	2	0	1	0	1	0	2	1	0	0	1	1	1	0	0	0	2	0	0	1	1	2	3	3	1	1	1	0	0	3	0	1	1	1	0	1	0	0	0	1	1	0	0	0	0	0	0	1	0	1	0	0	1	0	0	2	0	1	0	0	1	1	0	0	0	1	0	0	0
"txid2885351"	1	1	0	1	1	1	1	1	1	0	0	1	1	0	1	0	2	0	2	1	0	3	0	0	1	0	1	1	0	0	1	1	0	1	1	1	0	1	0	0	1	0	1	0	1	1	0	0	0	0	0	2	0	0	0	0	0	1	0	1	0	2	5	3	0	0	2	1	2	1	0	0	1	0	1	3	0	1	0	1	1	0	1	1	5	3	3	2	2	1	1	1	0	0	0	2	2	2	1	2	0	0	2	1	2	2	0	0	0	1	0	1	0	1	1	2	0	1	0	0	0	0	0	1	0	0	1	1	1	0	0
"txid1469948"	3	3	4	3	2	3	2	6	8	1	1	2	4	0	3	3	5	0	2	3	1	2	0	1	1	1	1	2	3	2	1	0	1	2	3	6	1	2	2	0	1	2	1	2	2	2	1	7	1	2	0	8	3	0	0	0	7	3	0	6	1	6	15	12	1	5	6	9	7	4	0	11	7	5	3	6	0	3	6	1	2	1	6	6	23	9	4	9	6	1	6	6	0	3	6	2	3	4	1	1	1	3	5	5	3	1	3	0	1	8	0	5	1	3	4	4	2	3	1	4	3	2	3	4	6	2	3	4	3	3	0
"txid1512"	0	0	1	0	0	2	1	2	3	0	0	0	0	0	0	0	0	0	0	1	0	1	1	0	1	0	0	1	0	1	0	0	0	1	0	1	0	0	0	0	0	0	0	1	0	0	0	0	0	0	0	0	0	0	0	0	0	0	0	0	0	5	3	13	0	0	0	2	1	6	0	0	2	5	5	4	0	0	1	1	0	0	8	4	9	3	0	4	3	2	0	1	0	0	4	0	0	1	0	0	0	0	0	1	0	0	0	1	0	4	0	0	0	0	0	0	0	0	0	0	4	0	0	0	0	0	0	0	0	0	1
"txid1917870"	4	2	5	2	1	7	4	10	15	1	3	8	7	1	8	1	3	3	1	2	1	2	3	1	4	0	1	6	12	2	5	1	5	1	9	2	2	1	3	2	1	2	2	1	2	2	0	6	1	10	2	10	2	2	2	1	6	3	1	3	0	2	19	6	6	8	8	6	3	4	1	3	5	5	3	16	5	5	4	3	7	11	40	6	27	23	8	6	10	6	2	6	0	3	16	3	1	5	3	3	2	9	5	8	4	1	5	2	4	5	0	7	0	6	13	7	3	2	4	13	3	5	5	4	2	1	5	1	2	2	7
"txid1852382"	9	5	7	4	2	2	4	7	13	1	4	9	8	4	9	5	5	6	3	3	1	5	3	5	10	6	3	15	17	3	8	2	5	4	17	2	2	2	4	4	3	5	5	3	5	2	2	6	4	19	4	20	6	2	6	4	23	5	3	8	1	2	4	2	11	15	22	10	13	4	10	10	9	3	4	8	4	7	4	2	14	9	7	4	9	5	8	8	15	6	9	6	0	7	6	6	4	6	6	1	5	6	8	8	10	15	3	1	21	13	2	26	4	12	9	7	8	10	22	21	10	18	5	5	10	4	17	7	7	10	6
"txid253257"	9	6	15	12	1	16	11	45	16	4	2	1	4	4	6	4	9	5	3	3	1	8	10	4	11	10	5	1	5	9	4	5	5	4	1	26	7	1	6	6	6	5	9	12	9	12	3	12	6	1	7	9	5	7	8	4	5	10	16	7	5	28	47	47	5	11	17	14	24	20	0	16	33	40	75	42	2	18	9	6	13	3	68	38	49	21	29	25	27	12	7	42	0	12	48	6	3	20	9	2	9	13	6	14	22	8	3	1	4	19	1	10	0	14	13	12	9	9	4	11	16	5	4	3	11	5	10	2	5	5	6
"txid1286362"	3	1	4	1	0	2	0	5	3	1	0	1	0	0	0	0	0	0	0	2	0	1	1	1	3	3	0	2	2	1	1	1	0	0	1	0	0	0	0	0	0	0	0	0	2	2	0	0	0	0	0	4	1	0	2	0	4	1	3	2	0	2	17	4	0	6	1	0	5	3	0	2	1	2	2	13	0	2	1	1	1	0	2	4	29	3	3	2	4	2	3	6	0	1	4	3	1	3	3	2	5	5	1	4	4	1	5	0	1	1	0	3	1	1	4	3	1	2	2	9	5	2	2	2	1	1	2	1	1	1	1
"txid69825"	1	0	0	1	0	0	1	2	1	0	0	0	0	1	0	0	0	0	1	1	0	1	1	1	1	0	0	1	1	1	2	0	0	0	0	0	0	0	0	0	0	0	0	1	0	0	0	0	0	0	1	2	0	1	3	0	2	0	1	0	0	0	10	0	0	1	1	1	1	1	0	0	2	1	1	6	0	1	2	1	0	0	4	0	12	0	1	2	2	2	0	2	0	1	1	1	0	1	0	1	1	1	0	0	3	3	1	0	0	0	0	1	0	1	2	1	1	0	1	1	0	0	0	1	1	1	1	0	0	0	0
"txid84030"	1	1	0	1	0	1	1	3	2	0	0	1	0	0	1	0	0	0	1	0	0	2	1	0	1	1	1	0	0	0	1	1	0	0	0	1	0	0	0	0	1	1	0	1	0	1	0	0	1	0	1	0	0	1	1	0	0	0	1	0	0	3	5	4	0	1	1	0	0	1	0	1	3	1	3	6	0	3	1	0	0	0	6	1	2	4	1	1	0	1	0	2	0	2	4	1	1	1	1	2	3	1	0	0	3	1	2	1	2	3	1	3	0	2	1	0	0	1	1	0	1	0	0	0	0	0	0	0	0	0	1
"txid29370"	0	0	1	0	0	0	0	1	0	0	0	0	0	0	0	0	0	0	0	0	0	1	0	0	0	0	0	0	0	0	1	0	0	0	1	0	0	0	0	0	1	0	0	0	0	0	0	0	1	0	0	0	0	0	0	0	0	0	1	0	0	0	1	1	0	1	1	0	3	0	0	1	1	0	1	1	0	0	0	0	0	0	1	0	5	0	1	5	1	1	0	2	0	1	4	4	3	5	7	2	24	17	3	2	6	6	0	2	4	6	0	15	0	6	6	3	0	2	1	2	1	0	2	0	0	0	0	0	1	0	0
"txid2219695"	0	0	1	0	0	1	1	0	0	0	0	0	0	1	0	0	1	0	0	0	1	0	2	0	1	1	0	0	1	1	0	0	0	0	0	0	0	0	0	0	1	0	0	2	0	0	0	0	0	1	0	0	0	2	3	0	1	0	1	1	1	12	1	14	0	0	0	0	1	0	1	0	1	1	7	3	0	2	0	1	0	0	11	0	5	0	0	1	0	0	0	7	0	0	1	0	0	0	0	0	0	0	0	0	0	0	0	0	0	0	0	0	0	4	0	0	0	1	0	0	3	0	0	0	0	0	0	0	0	0	1
"txid168384"	4	2	1	1	1	10	3	8	3	3	0	1	3	0	3	0	7	3	3	1	1	3	0	2	2	1	2	6	4	2	6	1	5	3	0	0	0	0	1	1	2	1	1	1	2	1	1	1	4	1	1	3	2	4	1	0	4	1	0	6	2	11	23	8	4	5	3	6	6	1	2	5	3	4	4	11	1	2	3	4	2	1	10	0	10	10	5	5	8	1	1	13	0	3	6	6	2	9	4	2	1	3	7	4	4	2	3	0	5	9	0	4	0	1	6	5	2	3	3	2	1	4	3	4	1	1	3	0	1	2	3
"txid2594882"	7	3	10	4	0	1	2	4	3	0	0	0	0	8	10	5	3	0	0	7	1	3	38	9	15	14	2	1	0	4	0	0	0	4	0	2	0	0	0	0	0	0	0	9	0	2	0	0	5	0	4	0	2	6	31	0	0	2	6	1	7	33	3	35	0	1	0	2	4	2	0	0	2	1	5	5	0	1	1	1	0	0	18	12	11	2	5	2	8	2	0	8	0	2	5	0	0	13	0	1	0	1	0	0	0	0	0	1	0	0	0	0	0	2	1	0	0	1	0	0	3	1	3	0	0	0	0	0	0	0	0
"txid1720300"	7	7	11	7	0	3	8	7	4	1	0	0	0	15	22	4	7	0	2	13	0	15	64	13	25	17	2	3	0	9	0	4	4	8	0	4	1	0	2	1	1	1	1	18	0	5	0	1	9	0	7	0	10	16	48	0	0	7	10	3	15	47	8	61	0	2	0	1	4	2	0	1	2	10	5	6	0	5	2	2	0	0	26	15	24	4	6	3	9	1	1	13	0	0	7	0	0	15	0	2	0	3	0	1	0	0	0	0	0	0	0	0	0	3	0	4	0	0	0	0	3	0	7	0	0	0	0	0	0	0	5
"txid796944"	12	12	17	9	2	15	9	10	16	7	4	4	5	13	13	5	15	12	9	16	9	11	5	4	13	7	6	10	12	3	6	6	15	8	12	11	3	3	4	5	6	4	4	11	5	7	3	9	2	5	4	8	9	2	2	2	14	7	5	13	2	19	33	24	9	6	9	10	18	17	2	20	9	11	11	39	2	12	13	6	12	5	14	7	40	30	17	19	15	6	10	21	0	6	10	10	7	19	6	5	9	13	17	12	18	13	13	1	8	10	3	17	0	4	18	11	11	11	4	11	10	11	2	7	9	2	17	7	8	5	8
"txid796943"	203	229	346	217	89	703	211	313	356	162	100	161	127	179	220	103	379	169	211	201	122	353	183	130	227	96	127	223	145	114	190	108	170	214	115	246	107	78	157	129	105	134	148	174	149	142	123	252	111	122	174	206	136	107	161	86	223	134	172	313	109	467	806	485	210	194	277	389	311	288	71	264	253	252	222	665	65	263	191	123	194	115	263	111	664	450	296	412	282	82	165	505	0	190	320	234	309	320	173	229	171	288	300	249	248	339	187	22	190	365	35	262	40	179	329	196	194	207	156	211	168	238	148	200	129	92	282	104	107	144	191
"txid237576"	100	94	155	108	47	153	128	143	222	78	52	87	67	107	138	45	199	116	105	98	68	117	75	67	144	56	69	114	71	46	104	75	114	132	97	101	45	38	79	51	87	72	72	97	91	64	46	129	52	68	76	106	62	37	85	42	103	70	91	133	45	228	388	262	97	80	118	196	185	163	44	164	165	145	147	361	37	145	130	76	103	70	120	73	297	179	146	202	95	71	81	283	0	106	159	95	156	142	90	83	111	169	201	152	130	167	114	15	136	125	17	157	9	120	190	127	98	96	85	135	104	120	59	101	77	47	145	76	60	58	104
"txid2606632"	1	2	3	1	1	0	1	1	4	2	2	2	1	2	4	1	8	0	0	4	1	3	1	0	1	0	0	4	2	1	3	2	3	3	2	2	0	3	0	0	1	1	1	2	2	2	1	0	0	1	2	0	1	2	2	1	1	2	1	2	1	4	7	2	2	0	2	7	7	0	0	4	3	3	0	7	0	1	0	1	2	3	0	1	5	6	2	7	4	1	3	7	0	2	6	2	3	3	1	1	3	1	0	3	4	5	5	0	2	5	1	3	0	1	3	3	2	2	1	1	2	3	0	5	1	0	2	0	1	0	5
"txid180332"	0	1	2	1	0	1	1	7	2	1	0	0	0	0	0	0	0	1	0	2	0	1	1	1	2	0	0	1	1	1	0	1	1	4	1	0	2	0	1	1	1	0	1	2	2	3	1	1	1	0	2	0	1	0	0	0	0	1	2	2	0	2	2	2	0	0	1	3	1	2	0	1	1	3	7	13	0	2	1	1	0	0	6	5	7	2	1	3	1	1	1	4	0	2	5	0	1	1	1	0	1	2	0	1	2	1	1	0	1	1	1	1	0	2	1	1	0	0	1	0	2	0	1	3	0	0	0	0	0	1	1
"txid585394"	0	0	0	0	1	0	0	1	0	0	2	2	4	1	2	0	0	1	1	1	0	1	1	0	5	4	1	1	6	0	2	0	0	0	3	0	0	0	0	0	0	0	0	0	0	0	0	0	0	3	0	0	0	0	0	0	1	0	0	0	0	0	0	0	5	0	0	0	0	0	0	0	0	0	0	0	1	0	0	0	0	1	14	10	0	0	1	1	1	2	0	1	0	2	1	0	1	1	0	0	1	1	0	0	0	1	0	0	0	7	1	0	0	4	2	1	0	1	0	2	3	3	1	3	1	0	3	0	0	2	2
"txid2606635"	3	6	6	5	7	7	5	13	7	4	10	5	11	0	5	4	15	1	5	7	1	2	2	7	3	1	3	4	6	2	6	2	4	3	4	4	2	0	1	1	1	0	1	3	7	5	1	2	1	7	2	17	0	0	3	0	10	1	3	3	0	4	15	3	6	9	15	9	6	8	1	8	3	7	5	18	2	6	6	4	3	7	21	8	27	45	13	15	13	5	8	23	0	7	12	8	3	7	3	6	4	8	12	5	4	5	9	0	6	13	0	5	0	5	4	3	1	5	5	8	3	5	6	5	5	6	3	4	2	1	2
"txid2763667"	73	28	52	29	5	105	31	37	35	7	5	13	13	12	21	7	40	7	14	15	8	34	17	5	18	6	9	24	19	10	16	7	15	7	16	22	8	7	9	8	7	9	5	14	12	9	7	21	6	11	11	32	13	6	4	4	31	10	11	32	6	96	128	41	16	28	35	17	20	37	4	16	24	25	13	108	2	18	21	9	8	14	83	18	132	55	33	27	33	11	26	50	0	24	39	32	10	26	11	30	9	21	8	16	26	13	24	1	14	48	1	50	6	33	65	39	14	47	12	22	92	23	16	21	14	4	30	9	4	9	30
"txid169435"	0	0	6	2	0	3	3	4	0	0	0	0	3	0	0	1	0	0	0	1	0	0	1	0	0	2	0	0	2	0	1	0	0	2	3	0	0	0	0	0	0	0	0	0	0	0	0	0	0	0	0	0	0	0	0	0	0	0	0	0	0	3	25	5	0	6	8	2	5	10	0	2	5	6	12	24	0	2	5	4	0	0	22	16	42	3	2	5	3	1	3	7	0	3	11	1	0	4	0	0	1	0	0	23	0	0	5	0	0	4	0	3	0	0	0	0	0	5	0	10	4	2	3	0	0	0	0	0	0	0	2
"txid1871018"	0	0	0	0	0	0	0	0	0	0	0	0	0	0	0	0	0	0	0	0	0	0	0	0	0	0	0	0	0	0	0	0	0	0	0	0	0	0	0	0	0	0	0	0	0	0	0	0	0	0	0	0	0	0	0	0	0	0	0	0	0	2	5	0	0	1	1	0	1	0	0	6	1	5	9	1	0	5	0	0	0	0	5	14	7	1	26	0	4	1	0	0	0	4	2	0	0	0	0	0	0	0	0	0	0	0	0	0	0	0	0	0	0	0	0	0	0	0	0	0	0	0	0	0	0	0	0	0	0	0	0
"txid642589"	0	0	3	1	0	0	0	1	0	0	0	0	0	0	2	0	1	0	0	0	0	0	0	1	0	1	0	0	0	5	0	0	0	0	0	0	0	0	0	0	0	0	0	0	0	0	0	0	0	0	0	0	0	1	0	0	0	5	1	0	0	7	3	4	0	3	1	1	1	2	0	5	0	1	1	3	0	0	1	1	0	0	1	2	7	3	3	3	1	6	2	7	0	5	14	2	1	6	0	1	0	1	0	0	0	0	3	0	0	0	0	7	0	2	0	0	0	1	0	0	1	0	1	0	0	0	0	0	0	0	0
"txid292800"	27	3	39	10	0	4	11	39	14	0	1	6	15	18	26	5	14	1	4	6	2	4	30	12	40	9	5	2	8	12	4	1	2	6	3	43	4	0	14	1	5	7	1	36	2	6	1	20	16	2	19	9	1	4	21	2	32	5	22	18	12	177	60	179	17	8	10	14	17	35	3	11	7	14	31	34	2	8	2	4	9	10	109	47	63	16	21	26	19	14	8	27	0	12	33	2	1	34	2	3	7	13	9	55	9	7	19	2	19	82	1	38	1	38	26	8	1	22	5	30	41	19	13	8	18	9	5	1	2	3	20
"txid2764322"	2	0	3	0	0	0	3	3	1	1	0	0	0	3	27	3	2	0	0	0	0	1	1	1	1	1	2	0	0	14	0	0	0	12	0	28	1	0	0	0	0	0	0	8	0	0	0	0	1	0	0	0	0	0	2	0	0	7	0	0	1	23	10	8	0	4	0	1	3	4	0	6	16	17	17	9	0	8	3	9	0	0	1	1	8	1	3	6	4	0	3	7	0	3	5	1	0	1	0	3	0	0	0	1	0	0	0	1	0	0	0	1	0	0	0	2	0	0	0	0	0	0	0	0	0	0	0	0	0	0	0
"txid1841867"	0	0	1	0	0	0	1	2	0	0	0	0	0	0	0	0	6	0	0	0	0	0	0	0	0	0	0	0	0	2	0	0	0	0	0	0	0	0	0	0	0	0	0	0	0	0	0	0	0	0	0	0	0	0	1	0	0	0	1	3	0	2	13	0	0	1	1	2	1	9	0	15	1	3	5	13	0	0	3	1	0	0	13	2	3	1	5	3	6	0	1	2	0	3	3	1	0	0	0	0	0	0	0	5	2	0	3	0	0	1	0	1	0	3	0	0	0	5	0	1	4	2	0	0	3	0	0	0	0	0	0
"txid1550024"	2	3	7	1	0	3	2	5	5	0	0	0	0	3	13	1	4	0	0	0	0	3	7	1	3	3	1	3	0	6	0	0	1	1	0	8	0	0	0	0	0	3	0	6	0	0	0	1	1	0	0	0	1	4	6	0	0	4	2	3	2	29	47	32	0	0	0	0	3	17	0	11	1	5	23	30	0	8	5	4	0	0	63	24	23	1	21	17	6	6	5	11	0	4	22	2	1	6	0	1	0	3	0	6	0	0	2	1	0	6	0	5	0	2	1	0	0	1	0	0	3	4	1	0	0	0	0	0	0	0	0
"txid44749"	1	0	5	0	0	0	0	1	0	0	0	0	0	0	2	0	0	0	1	2	0	3	4	1	1	1	0	0	0	2	0	0	0	0	0	1	0	0	0	0	1	0	0	1	0	0	0	0	0	0	0	0	0	2	3	0	0	2	3	0	0	7	11	1	0	3	1	2	2	0	0	4	2	1	3	1	0	1	2	0	1	0	1	4	2	2	1	3	2	1	4	2	0	1	3	0	0	1	0	2	0	2	1	3	0	0	3	0	0	0	0	0	0	0	7	3	0	1	0	0	1	3	0	0	0	0	0	0	0	0	0
"txid1535"	1	0	0	1	0	0	0	1	0	0	0	0	0	0	0	0	0	0	0	0	0	0	2	1	0	0	0	0	0	1	0	0	0	0	0	1	0	0	1	0	0	0	0	0	0	0	0	0	0	0	0	0	0	0	1	0	0	0	0	0	0	3	3	16	0	4	1	0	0	1	0	0	0	1	3	1	0	0	2	0	0	0	16	2	20	2	3	1	0	0	1	2	0	1	6	0	0	0	0	0	0	0	0	0	0	0	0	0	0	0	0	0	0	1	0	0	0	0	0	0	3	1	2	0	0	0	0	0	0	0	0
"txid2741"	5	1	1	1	1	0	2	3	1	0	1	3	3	0	0	0	2	2	0	0	1	0	2	1	2	1	0	0	1	1	1	0	0	2	1	1	0	0	0	0	0	0	1	0	4	2	0	0	0	0	0	2	1	0	1	0	5	0	3	2	0	35	43	12	1	3	3	2	1	1	1	3	1	1	5	33	2	2	1	1	1	0	46	11	22	10	17	6	2	1	1	14	0	2	1	6	1	1	0	0	0	2	12	1	11	0	1	1	18	11	0	3	2	0	1	4	0	1	2	1	2	3	1	4	1	0	3	1	0	1	2
"txid2211183"	0	0	1	1	0	1	1	4	1	0	0	0	0	0	2	1	0	0	0	0	0	0	0	1	1	0	0	0	0	0	0	0	0	0	0	3	0	0	0	0	0	0	0	0	0	0	0	0	0	0	0	0	0	0	0	0	0	2	1	0	0	8	29	9	0	14	17	3	5	7	0	2	9	8	7	26	0	7	7	5	0	0	15	24	22	5	22	3	13	3	9	26	0	4	5	5	0	1	0	6	0	0	0	1	0	0	1	0	0	0	0	5	0	6	0	16	0	0	0	0	0	3	15	0	0	0	0	0	0	0	0
"txid1702285"	12	1	14	6	0	2	7	13	6	5	0	0	2	0	11	2	0	0	9	9	0	2	4	4	1	5	1	0	7	5	6	0	2	0	24	13	0	0	0	0	0	0	0	0	3	0	0	0	0	4	0	23	1	1	2	0	6	5	1	0	0	14	37	5	0	47	41	7	11	21	0	14	17	14	11	28	3	4	8	5	3	0	47	41	40	22	24	14	30	24	24	22	0	52	24	21	1	5	2	7	5	12	4	6	7	2	22	0	0	2	0	0	0	1	16	9	0	4	2	1	1	7	8	0	0	0	0	0	0	0	0
"txid2606629"	1	1	1	0	2	1	1	1	0	2	2	2	2	0	0	1	0	2	0	0	0	0	0	1	0	2	0	0	2	0	0	0	0	0	1	1	2	3	0	0	0	2	1	0	0	0	0	1	0	0	0	0	1	0	0	0	2	0	0	0	0	2	1	0	0	3	0	0	2	0	0	0	0	1	0	3	1	2	0	0	2	0	1	1	3	2	1	1	3	1	1	5	1	1	1	2	1	0	1	0	1	3	1	0	0	1	0	0	0	3	1	2	0	0	1	3	0	0	2	1	3	0	2	4	1	0	2	0	0	1	1
"txid33025"	0	0	0	0	0	1	0	0	0	0	0	0	0	0	0	0	0	0	0	0	0	0	0	0	0	0	0	0	0	0	0	0	0	0	0	2	0	0	0	0	0	0	0	1	0	0	0	0	1	0	0	0	0	0	0	0	0	0	0	0	0	182	13	115	0	1	0	0	0	0	0	0	0	1	0	23	0	0	0	0	0	0	4	0	0	0	0	0	0	0	0	0	0	0	0	0	0	0	0	0	0	0	0	0	0	0	0	0	0	0	0	0	0	0	0	0	0	0	1	0	0	0	0	0	2	0	1	1	0	0	0
"txid2654621"	0	0	0	1	54	0	0	0	0	0	88	185	233	1	172	12	7	0	76	51	3	6	3	29	3	2	5	29	292	0	438	0	5	0	256	0	0	0	0	0	1	0	0	1	154	0	0	0	1	197	1	380	0	0	0	0	431	0	1	0	0	7	19	0	351	70	51	7	9	37	54	39	21	52	19	35	128	6	68	33	3	187	178	113	103	32	80	10	354	174	193	19	0	113	47	113	4	27	10	9	0	2	139	6	25	0	231	5	1	1	0	40	0	1	1	1	7	1	7	18	2	3	54	0	1	1	0	4	1	1	1
"txid742816"	614	500	362	872	1574	550	568	316	254	1245	557	1233	565	620	345	1022	339	867	749	958	846	408	338	666	449	612	812	1096	758	1015	688	820	1091	817	1249	289	1363	1946	796	818	783	977	840	1073	1152	1165	1071	1002	938	602	766	694	847	1173	674	1219	393	1031	775	541	602	11	81	13	1161	514	503	269	220	61	588	401	574	417	211	133	798	390	616	957	1215	1073	13	405	111	562	668	191	670	675	1254	104	219	537	596	693	639	155	507	174	748	486	386	103	253	738	958	9	349	103	122	457	45	148	393	211	96	486	655	485	306	175	776	669	446	677	423	850	325	878	686
"txid158847"	43	28	16	42	130	23	27	20	15	77	40	73	73	57	23	61	31	76	52	64	83	28	10	24	42	34	73	94	89	61	79	68	88	43	156	16	58	135	37	30	75	36	52	88	75	62	53	45	61	49	44	67	61	83	48	69	43	60	31	33	32	2	6	0	127	39	25	18	20	5	63	33	39	29	18	11	81	26	43	67	94	117	1	46	12	71	50	20	47	47	106	11	11	39	57	56	40	10	37	10	37	29	29	5	23	52	63	0	36	12	4	32	4	9	23	20	6	20	34	28	8	11	47	49	22	32	32	28	21	62	47
"txid491921"	139	99	49	166	119	117	101	51	47	209	46	143	75	175	67	173	52	258	122	152	235	53	71	100	124	123	227	196	16	193	8	182	240	137	68	53	246	392	133	154	233	175	182	303	238	222	197	182	195	19	179	13	165	214	135	233	3	214	162	82	109	0	9	2	24	73	76	34	38	9	20	63	68	54	31	26	15	70	106	190	171	18	1	16	3	12	28	20	88	111	142	7	55	71	46	139	101	12	72	38	111	83	54	16	52	98	178	0	42	13	18	75	8	28	51	40	16	88	85	73	51	20	124	113	83	114	68	145	64	187	133
"txid82376"	0	1	0	0	0	0	0	0	0	0	0	0	1	1	1	0	0	0	1	0	0	1	0	1	0	0	0	1	0	0	0	0	0	1	1	5	1	0	0	0	0	0	0	0	1	0	0	0	0	0	0	0	0	0	0	0	0	0	0	1	0	3	0	1	0	0	0	0	0	0	0	0	0	0	0	0	0	0	0	0	0	0	0	1	1	0	1	1	0	0	1	0	0	0	0	0	1	5	0	1	0	1	1	0	0	3	0	0	37	6	0	1	0	0	9	4	6	1	6	1	2	0	1	4	2	1	0	2	3	9	0
"txid39950"	1	1	0	1	2	0	0	3	3	0	0	0	0	0	2	0	0	0	2	3	0	2	0	0	0	0	0	0	0	1	0	1	0	1	0	0	0	2	1	3	0	1	2	1	1	2	1	1	3	0	1	0	5	0	2	1	0	3	1	2	0	2	5	4	1	0	0	6	9	2	0	8	3	2	2	2	1	0	5	2	0	1	1	2	4	3	3	6	2	4	0	4	0	3	1	1	4	7	2	3	1	3	0	6	9	3	0	0	6	4	0	3	0	0	5	0	6	2	2	4	9	5	0	5	1	0	4	0	4	3	0
"txid308994"	428	416	720	404	506	322	478	617	736	278	703	158	21	297	247	154	656	170	296	256	203	429	231	274	313	206	213	335	48	238	34	256	369	378	14	537	340	211	385	345	319	303	322	371	188	282	207	290	366	138	381	27	289	219	235	208	10	491	328	413	186	419	874	863	205	434	466	750	889	818	424	940	426	613	550	734	208	441	525	367	334	167	132	610	691	567	667	900	512	440	340	1072	189	487	690	282	559	884	450	295	475	564	303	958	691	696	476	36	848	1393	41	698	69	418	815	486	1435	512	538	782	1018	714	436	498	403	456	726	401	544	541	512
"txid742743"	1	0	0	0	0	1	0	3	0	0	0	0	0	0	0	0	0	0	0	1	0	2	0	0	0	0	0	3	0	0	0	0	2	3	0	0	0	0	0	0	0	0	0	0	0	0	0	0	1	0	0	0	0	1	0	0	0	2	0	1	0	1	1	0	0	1	1	0	2	0	1	2	1	1	0	1	0	0	0	1	0	0	0	2	2	0	0	3	0	1	0	2	1	1	1	0	1	2	1	0	1	1	0	1	1	0	0	0	1	2	0	1	0	1	1	0	1	0	1	2	5	2	0	0	1	1	0	0	2	3	0
"txid1064535"	32	31	23	21	25	27	33	25	37	36	26	21	26	56	58	34	28	58	34	42	54	44	27	45	30	18	46	10	20	38	5	31	41	28	27	9	14	26	25	22	35	23	28	41	32	25	30	11	47	18	24	11	30	22	23	28	6	32	13	13	14	3	5	9	22	32	7	31	32	17	43	12	37	32	19	11	27	25	26	29	25	25	2	26	6	30	19	27	24	11	32	16	11	38	11	17	33	41	43	9	21	34	23	20	16	14	10	0	16	15	10	23	0	17	24	47	36	23	40	20	18	19	30	37	40	40	18	15	40	39	57
"txid879612"	31	25	22	14	21	23	20	20	23	27	13	14	22	36	46	33	28	32	35	45	47	31	18	32	22	21	39	8	16	29	8	32	27	26	13	5	13	30	23	14	37	16	17	30	20	13	29	14	30	17	15	8	34	26	21	29	7	35	13	11	9	6	3	5	27	16	8	31	24	11	35	11	20	19	10	3	24	27	30	20	27	9	2	19	3	36	27	21	20	8	23	19	5	41	20	13	35	47	46	7	19	21	23	20	15	11	10	1	20	16	6	20	2	14	26	33	35	17	39	20	8	23	22	27	34	30	13	22	34	24	26
"txid1232428"	1505	1634	1420	1105	1596	1473	1497	1214	1763	1325	1469	1094	952	1884	1930	1757	1425	1547	1752	1754	2088	1794	1482	2244	1084	1493	1706	638	880	1747	541	1427	1553	1216	762	487	1020	1151	1536	1482	1619	1222	1235	1472	879	1042	1652	933	1504	1464	1155	594	1473	1239	869	1282	371	1277	939	455	678	124	180	296	1147	927	649	1495	1109	734	1870	716	1422	1246	864	263	1451	885	1106	1335	997	776	81	809	209	1315	868	831	890	305	1211	635	493	1448	694	653	1771	1704	2075	493	1268	1308	950	1276	642	874	580	20	684	602	267	995	55	1312	1397	1761	2060	1391	1977	999	800	1198	1703	1568	1989	2031	706	1336	2449	1332	1726
"txid349095"	14	8	9	3	6	7	9	11	8	15	7	5	9	12	16	18	11	12	10	14	17	13	7	11	8	7	9	7	2	9	5	12	13	16	5	2	4	9	6	7	8	6	10	9	8	6	10	8	18	6	5	2	7	19	13	5	1	15	4	5	4	0	1	3	16	6	0	21	10	5	14	6	16	14	1	3	5	8	18	16	12	6	0	8	0	16	6	10	9	3	5	10	0	7	4	5	12	16	26	5	13	12	7	13	8	12	3	0	4	5	2	8	0	16	20	25	25	15	24	11	14	11	18	23	22	14	14	17	33	16	24
"txid2144175"	66	67	49	39	61	73	60	62	74	65	65	44	56	141	115	89	74	114	96	79	160	79	83	109	81	83	120	35	37	79	28	71	81	62	39	19	51	57	76	76	134	67	62	121	48	52	79	52	83	67	50	26	79	61	60	62	17	64	37	25	35	7	9	17	51	57	34	77	43	35	107	50	72	63	47	20	68	46	70	64	50	44	2	33	12	69	59	36	48	20	71	38	31	64	42	34	81	83	119	42	59	64	43	57	36	38	24	3	45	31	9	53	4	55	61	101	89	60	99	54	44	61	81	88	88	84	50	59	129	95	112
"txid2045301"	3	1	0	1	0	1	2	2	1	3	0	0	0	0	1	4	2	0	6	4	0	1	0	1	0	0	0	0	0	0	0	2	0	2	0	0	0	3	0	0	0	0	2	0	0	1	0	0	1	0	0	0	2	2	2	1	0	4	1	0	1	0	0	0	2	0	0	1	5	0	2	2	2	2	0	0	1	2	4	3	0	0	0	0	0	2	0	0	3	0	2	0	0	3	0	2	4	4	6	0	0	3	3	3	1	2	0	0	0	0	0	3	0	4	4	3	4	2	3	2	0	3	4	3	3	2	0	2	4	3	2
"txid856"	0	1	2	2	0	6	2	1	2	0	0	0	0	4	1	2	23	5	1	0	0	1	6	0	0	0	0	15	0	0	0	0	0	4	0	115	3	0	0	7	1	5	0	1	0	1	0	7	0	0	2	0	1	10	3	0	0	0	1	17	5	41	1	31	0	0	0	2	7	17	0	6	0	0	1	2	0	4	0	0	0	0	4	1	2	3	0	6	1	1	1	15	0	1	1	0	0	5	1	7	1	0	19	47	9	3	0	0	238	131	1	0	11	0	14	3	1	0	2	27	11	5	0	8	13	7	59	100	0	0	3
"txid2743470"	0	0	0	0	0	0	0	0	0	0	0	0	0	0	0	0	0	0	0	0	0	0	0	0	0	0	0	0	0	0	0	0	0	0	0	0	0	0	0	0	0	0	0	0	0	0	0	0	0	0	0	0	0	0	0	0	0	0	0	1	0	0	0	0	0	0	0	0	0	0	0	0	0	0	0	0	0	0	0	0	0	0	0	0	0	0	0	0	0	1	0	0	0	0	0	0	0	0	0	151	15	0	0	0	0	1	0	0	0	0	4	0	4	0	0	0	0	1	0	0	0	0	0	0	0	0	0	0	0	0	0
"txid2606214"	0	0	0	0	0	2	1	4	0	0	0	7	0	0	0	1	0	0	0	0	1	1	1	0	1	6	6	1	0	1	0	1	0	0	1	1	0	1	3	1	4	0	0	1	0	2	2	1	1	0	1	0	0	0	1	1	0	1	0	2	0	2	2	4	0	1	2	0	1	1	0	0	1	1	0	1	0	2	2	6	0	1	0	0	0	1	0	4	2	0	4	4	0	1	5	3	0	0	0	0	1	0	0	0	0	0	1	0	0	0	0	0	0	1	0	0	0	0	0	0	0	1	0	0	0	0	1	0	0	2	1
"txid183670"	0	1	1	3	0	2	2	23	3	5	0	32	3	0	0	2	1	0	1	0	1	3	2	3	2	12	34	6	1	2	0	4	10	2	3	8	7	7	12	11	3	3	6	3	13	13	22	7	10	0	4	0	5	4	2	2	0	7	3	14	2	6	15	14	0	8	12	5	5	1	0	2	3	2	0	3	0	15	9	8	3	9	1	1	2	4	3	24	2	3	21	23	0	1	13	10	0	0	0	0	5	1	1	0	0	1	0	0	1	1	1	0	0	1	1	0	0	0	0	1	0	11	6	4	0	0	0	4	5	0	2
"txid1852381"	4	7	2	6	3	4	7	3	8	11	13	6	2	3	2	5	3	7	6	2	2	3	4	2	9	5	3	3	2	2	3	5	4	3	3	10	4	0	4	2	3	4	4	3	2	4	3	1	3	9	2	13	5	1	3	2	9	3	1	2	1	2	6	5	4	3	4	3	11	9	14	4	2	3	11	5	2	4	5	1	5	5	0	1	1	3	2	8	4	0	2	10	0	5	4	6	7	2	3	4	4	3	7	5	5	4	3	0	14	2	3	5	1	13	8	6	6	13	5	8	25	18	15	7	3	21	15	6	9	10	5
"txid2584944"	1	0	1	1	0	0	1	0	0	0	2	4	7	0	0	0	0	0	0	0	0	1	0	0	1	1	1	1	2	0	4	0	0	2	3	1	0	0	1	0	1	0	0	0	1	0	1	1	0	2	0	4	0	1	0	1	2	0	0	0	0	0	2	0	1	1	0	0	0	2	0	0	0	1	0	3	2	2	2	1	0	4	0	0	0	4	0	2	2	0	1	0	18	0	1	8	1	1	0	0	0	0	2	0	4	2	2	0	1	0	0	1	0	0	1	1	0	1	1	0	1	1	0	0	1	2	1	0	0	0	1
"txid1944635"	4	2	3	5	1	3	2	4	2	1	1	9	9	2	2	4	1	0	2	1	2	2	2	0	2	2	2	4	11	2	6	0	4	2	11	4	1	0	2	1	1	0	1	2	2	3	5	5	2	2	2	7	2	0	1	2	7	1	2	0	0	4	5	4	2	8	8	4	9	9	2	3	1	1	3	10	3	13	5	7	3	15	3	6	8	12	11	12	2	2	4	3	31	4	6	32	5	4	2	3	2	1	9	1	7	4	3	0	18	10	1	3	2	1	0	2	3	1	3	6	3	7	3	3	3	2	12	5	1	1	3
"txid70586"	0	0	0	0	0	2	0	0	0	0	0	0	1	0	0	0	0	0	0	0	0	0	0	0	6	0	21	2	0	0	0	0	0	0	3	7	4	0	6	4	4	0	0	2	0	0	0	7	0	0	0	0	1	0	3	0	0	0	1	0	0	0	0	0	0	0	4	0	0	3	0	0	0	0	0	7	0	0	0	0	0	0	0	0	2	3	0	0	0	0	0	0	0	0	0	4	0	0	0	0	0	0	0	0	0	0	0	0	0	0	0	0	0	0	0	0	0	0	0	0	0	0	0	0	0	0	0	0	0	0	0
"txid70584"	0	0	0	0	0	1	0	0	0	0	0	0	1	0	0	0	0	0	0	0	1	0	0	1	2	0	8	1	0	1	0	0	0	0	0	0	0	0	4	0	3	1	1	1	0	2	2	2	2	0	0	0	0	2	0	1	0	2	4	2	0	0	0	0	0	3	0	0	0	1	0	0	0	0	0	3	0	2	2	0	0	0	0	0	0	0	1	3	0	0	1	4	0	1	3	3	0	0	0	0	0	0	0	0	0	0	0	0	0	0	0	0	0	0	0	0	0	0	0	0	0	1	1	0	0	0	0	0	0	0	0
"txid1056810"	2	0	0	35	3	1	0	0	0	0	0	0	0	0	0	0	0	0	0	6	0	0	0	0	0	0	0	2	1	0	0	0	0	0	4	1	0	0	0	0	0	0	165	0	1	0	0	0	1	8	0	0	0	0	0	0	7	1	0	183	124	0	0	1	0	0	0	0	0	0	0	0	0	0	0	0	0	0	0	0	0	1	0	0	0	0	0	0	0	1	0	0	0	0	0	0	0	0	0	370	3	1	0	0	0	3	0	2574	0	1	177	0	5	0	0	1	0	1	0	0	2	0	0	2	1	0	0	0	0	0	0
"txid28898"	130	53	132	57	16	39	84	53	27	32	103	132	177	87	77	54	40	106	38	84	72	44	169	124	363	162	55	56	87	143	62	57	17	51	62	26	48	21	39	38	45	82	51	115	62	193	55	136	52	87	154	153	150	159	370	124	48	78	248	116	108	184	3	73	31	6	3	22	28	12	184	10	53	101	58	15	82	20	16	14	67	91	27	84	5	22	18	41	19	43	19	43	2	77	49	12	42	46	63	24	38	54	38	33	24	40	65	1	52	35	8	132	7	77	46	16	13	76	23	29	61	41	17	11	40	13	98	30	59	27	116
"txid2267891"	58	13	38	53	14	33	47	78	34	29	54	45	101	32	17	19	29	67	20	41	18	21	77	54	105	56	34	15	77	56	20	12	18	35	27	33	43	33	29	24	44	32	24	43	20	126	23	55	26	86	60	159	49	50	148	63	79	35	162	29	64	168	43	66	13	108	52	73	111	29	74	15	94	201	142	53	43	12	16	17	46	30	51	211	11	53	132	64	24	57	47	80	147	88	141	14	5	41	31	26	24	69	49	29	19	71	88	1	12	18	8	65	6	79	58	27	7	35	22	9	43	16	8	5	27	10	24	12	45	16	49
"txid2040648"	157	106	233	166	123	99	87	149	112	104	189	235	248	157	131	91	93	161	92	142	122	83	259	143	296	301	187	141	272	178	107	84	86	164	127	136	79	37	104	130	72	163	71	119	114	381	140	187	108	215	248	293	191	264	608	213	234	141	405	167	143	368	73	330	90	60	55	107	160	75	262	66	215	241	195	64	168	40	76	54	149	197	116	257	104	85	79	160	44	76	52	192	76	131	101	48	166	65	104	64	90	124	100	138	93	102	119	4	93	109	29	251	34	100	181	72	196	352	99	98	141	80	72	37	96	117	171	128	213	66	170
"txid222136"	45	31	58	49	34	37	26	48	29	31	54	63	110	80	37	26	29	65	22	41	61	32	86	45	140	116	78	34	90	43	30	28	16	46	39	41	25	10	39	42	39	53	20	46	20	95	40	60	29	76	75	74	60	65	185	64	65	35	141	45	37	101	15	97	21	15	12	26	48	16	86	15	53	51	58	26	50	10	14	14	54	52	40	81	26	21	23	49	11	23	16	33	23	34	22	14	43	20	34	15	24	28	31	36	26	33	45	0	27	32	6	67	5	24	47	23	42	88	28	23	43	16	14	14	21	28	52	27	40	12	32
"txid1591088"	2	1	5	2	1	0	2	3	1	1	4	3	2	2	2	1	1	2	2	2	3	0	3	2	6	2	2	1	6	4	3	2	3	2	3	1	2	1	1	0	2	2	2	2	2	6	2	2	1	1	3	5	3	5	8	5	4	4	9	4	3	6	1	7	1	1	1	3	5	2	3	1	2	3	4	1	2	1	1	1	0	0	1	9	2	1	1	5	1	3	0	2	0	2	3	1	3	1	1	1	0	1	1	2	2	1	2	0	0	2	0	5	0	2	3	1	1	2	0	0	3	3	0	2	1	1	3	1	1	0	4
"txid2293435"	1	1	0	2	3	0	0	0	2	1	1	2	2	0	0	0	1	3	1	0	1	0	0	0	3	1	1	0	5	0	2	1	1	2	0	0	0	0	0	0	0	0	0	1	1	2	1	0	1	3	2	8	1	2	6	3	9	1	1	1	0	7	0	2	1	0	0	0	2	0	4	0	0	1	1	0	2	2	1	0	0	3	2	3	0	0	1	0	0	0	0	1	0	2	0	0	1	0	1	0	1	4	3	0	1	4	2	0	1	1	1	3	1	0	2	0	1	0	0	1	4	0	0	1	1	0	0	0	1	0	1
"txid762983"	32	11	7	11	1	1	16	11	16	17	3	6	14	15	10	11	41	16	18	8	10	4	6	5	13	9	3	12	8	5	21	4	4	5	2	8	7	5	7	10	6	4	4	5	6	3	4	0	1	4	15	19	5	7	17	2	18	2	14	0	5	1	8	5	7	29	27	9	10	13	3	29	11	5	7	12	8	13	14	9	25	5	17	7	6	6	11	7	12	16	10	2	0	6	5	16	9	6	1	0	25	38	18	12	26	26	28	0	10	11	1	50	2	20	24	18	5	14	2	11	11	10	7	7	11	5	14	9	0	10	5
"txid35703"	6	11	0	0	0	0	0	0	0	1	0	0	1	18	0	1	2	0	0	0	0	0	28	0	0	5	0	0	0	0	3	1	0	2	0	7	4	0	0	0	2	0	2	1	0	1	0	0	0	0	0	0	0	0	0	0	24	0	2	17	196	0	0	0	0	0	0	0	0	0	0	1	1	0	1	1	0	0	0	0	1	0	0	0	0	0	0	0	1	4	0	5	21	5	1	0	0	4	9	1	2	0	4	1	1	1	0	112	10	5	413	1	290	15	1	69	1	0	4	1	9	0	0	192	0	1	8	17	0	38	0
"txid57706"	0	0	0	0	0	0	0	0	0	0	0	0	0	0	0	0	1	0	0	0	1	0	0	0	0	0	0	0	0	0	0	0	0	0	0	4	0	0	0	0	0	0	0	0	0	0	0	0	0	0	0	0	0	0	0	0	1	0	0	0	0	0	0	0	0	0	0	0	0	0	0	0	0	0	0	0	0	0	0	0	0	0	0	0	0	0	0	0	0	0	0	0	3	0	0	0	0	0	0	22	1	0	0	0	0	0	0	27	1	0	1	0	33	0	0	1	0	0	0	0	0	0	0	1	0	0	0	1	0	3	0
"txid1748967"	0	1	0	0	0	0	0	0	0	0	0	0	0	1	0	0	1	0	0	0	0	0	0	0	0	0	0	0	1	0	0	0	0	0	0	1	0	0	0	0	0	0	1	0	0	0	0	0	0	0	0	0	0	0	0	0	0	0	0	0	0	0	0	0	0	0	0	0	1	0	0	0	0	0	0	0	0	0	0	0	0	0	7	0	0	0	0	0	0	1	0	0	31	15	0	0	0	0	0	113	1	0	0	0	0	0	2	99	16	3	2	0	5	0	0	0	0	0	1	0	0	0	0	1	0	0	0	2	0	3	0
"txid67824"	1	3	0	0	1	0	0	0	0	0	0	0	1	5	0	0	0	0	0	1	0	0	0	0	0	0	0	0	0	0	0	3	0	0	0	2	1	0	0	0	0	0	0	0	0	0	0	0	0	0	1	0	1	0	2	1	1	0	0	1	180	0	0	0	7	0	0	0	1	0	0	0	1	0	1	0	2	0	0	0	0	0	0	0	0	0	0	0	0	0	0	0	2	0	0	0	0	1	2	2	0	0	0	0	0	0	0	5	10	4	2378	0	156	1	0	11	0	0	0	3	0	0	0	42	0	0	1	3	1	10	0
"txid1006003"	1	0	0	0	0	0	0	1	0	0	0	0	1	0	0	0	3	0	0	0	1	0	1	0	0	0	0	0	0	0	1	0	0	0	0	216	0	0	0	0	1	0	5	0	0	0	0	0	0	0	0	0	0	13	0	0	0	0	0	0	5	0	0	0	0	0	0	0	2	0	0	2	1	0	0	0	0	0	0	0	0	0	0	0	0	0	0	0	9	0	0	0	14	1	0	0	0	1	0	117	0	0	0	6	0	0	0	194	18	11	0	0	158	0	0	0	0	0	0	6	0	0	0	7	0	0	0	10	0	2	0
"txid67829"	2	1	0	0	0	0	0	1	0	0	0	0	3	0	0	0	0	0	0	0	1	0	1	0	0	0	0	0	0	0	2	0	0	0	0	1	0	0	0	0	1	2	1	0	0	0	0	0	0	0	0	0	0	1	0	0	0	0	0	0	2	0	0	0	0	0	0	0	0	0	0	2	0	0	0	0	0	0	0	0	0	0	0	0	0	0	0	0	1	0	0	0	5	1	0	0	0	0	0	39	1	0	0	2	0	0	0	41	14	10	2	0	98	0	0	1	0	1	0	9	0	0	0	9	0	0	0	1	0	2	0
"txid1563222"	1	0	0	0	0	0	0	0	0	0	0	0	0	0	0	0	2	0	0	0	0	0	0	0	0	0	0	0	0	0	0	0	0	0	0	26	0	0	0	0	0	0	3	0	0	0	0	0	0	0	0	0	0	0	0	0	0	0	0	0	0	0	0	0	0	0	0	0	0	0	0	0	0	0	0	0	0	0	0	0	0	0	0	0	0	0	0	0	0	0	0	0	0	2	0	0	0	0	0	3	1	0	0	0	0	0	0	0	1	0	0	0	31	0	0	0	0	0	0	0	0	0	0	0	0	0	0	9	0	0	0
"txid2653932"	1	4	0	0	0	0	0	4	0	0	1	0	0	16	0	0	2	0	3	0	0	0	12	0	0	1	0	1	0	0	1	1	0	7	0	11	3	0	2	6	0	1	0	0	1	1	0	0	0	0	10	0	0	0	11	14	3	0	1	11	305	0	0	0	0	1	0	0	0	0	0	0	0	0	0	0	1	0	3	24	0	0	0	0	0	0	0	1	0	2	0	0	15	3	1	0	0	7	0	5	2	2	2	7	0	0	0	611	45	20	118	1	830	23	1	51	0	0	1	10	1	0	0	76	0	0	3	12	0	50	0
"txid133448"	0	6	0	0	0	0	0	0	0	0	0	1	0	0	0	0	0	0	3	0	0	0	0	0	0	0	0	0	0	0	1	0	0	0	0	18	1	0	1	0	0	0	0	0	0	0	0	0	0	0	0	0	0	0	0	0	1	0	1	0	11	0	0	0	0	0	0	0	0	0	1	0	0	0	0	0	0	0	0	0	0	0	0	0	0	0	0	0	0	1	0	0	1	0	0	0	0	0	0	0	0	0	0	0	0	0	0	3	3	1	1	0	7	0	0	1	1	0	2	0	3	0	0	14	0	0	2	1	0	0	0
"txid208224"	0	0	0	0	0	0	0	0	0	0	0	0	0	0	0	0	0	0	0	0	0	0	0	0	0	0	0	0	0	0	0	0	0	0	0	0	0	0	0	0	0	0	0	0	0	0	0	0	0	0	0	0	0	0	0	0	1	0	0	1	0	0	0	0	0	0	0	0	0	0	0	0	0	0	0	0	0	0	0	0	0	0	0	0	0	0	0	0	0	8	0	0	0	0	0	0	0	0	0	78	1	0	0	0	0	0	0	0	0	0	0	0	0	0	0	0	0	4	0	0	0	0	0	0	0	0	0	0	0	1	0
"txid2497436"	2	8	0	0	0	0	0	0	0	0	0	0	0	3	0	0	0	0	0	0	0	0	0	0	0	0	0	0	2	0	3	2	0	0	0	6	9	0	0	2	1	0	1	0	0	0	0	0	0	0	0	0	0	0	0	0	0	0	0	1	6	0	0	0	0	0	1	0	0	0	0	0	3	0	0	1	0	0	0	0	0	0	0	0	0	0	0	0	0	4	0	0	1	0	0	0	0	1	0	0	3	0	0	0	0	0	0	12	0	0	0	0	20	3	0	0	0	0	0	0	0	0	0	0	0	1	1	0	0	0	0
"txid585054"	1	1	0	1	8	1	0	1	0	0	2	4	0	6	0	0	0	0	0	5	0	0	32	0	0	21	0	0	2	0	0	0	0	0	0	0	0	0	0	0	0	0	1	0	0	0	0	0	0	45	0	0	0	0	0	0	249	0	0	0	125	0	0	1	4	0	0	0	2	0	0	0	1	0	1	0	0	1	1	0	0	0	2	0	0	0	0	0	0	20	2	1	1142	1	9	0	0	13	0	83	1	0	0	18	0	1	0	185	0	1	18	1	47	631	0	75	0	0	0	1	3	0	0	15	4	2	0	0	2	75	20
"txid2058152"	0	0	0	0	0	0	0	0	0	0	0	0	0	0	0	0	0	0	0	0	0	0	0	0	0	0	0	0	0	0	0	0	0	0	0	0	0	0	0	0	0	0	0	1	0	0	0	0	0	0	0	0	0	0	0	0	2	0	0	0	3	0	0	0	0	0	0	0	0	0	1	1	0	0	0	0	0	0	0	0	0	0	0	0	0	5	0	0	0	1	0	0	1	1	0	1	0	0	0	0	0	0	0	0	0	0	0	1	1	0	1	0	52	4	0	0	0	0	0	0	0	0	0	0	0	0	0	0	0	0	0
"txid571"	0	12	0	0	0	0	0	0	0	0	0	0	2	7	1	0	0	0	1	1	1	0	0	0	0	0	0	0	3	0	27	11	0	1	0	8	2	1	2	6	2	2	2	0	0	0	2	0	1	3	1	5	1	0	0	0	19	1	0	1	143	1	0	0	2	0	0	0	0	0	1	4	5	0	3	2	1	0	0	0	0	1	0	0	0	18	1	1	1	2	0	1	6	1	1	2	1	0	4	3	1	0	0	3	0	0	0	17	17	0	88	0	366	5	1	107	1	0	7	1	0	0	0	61	0	0	0	1	0	2	0
"txid2587529"	0	1	0	0	0	0	0	0	1	0	0	0	1	0	0	0	0	0	0	0	1	0	0	0	1	0	0	0	1	0	5	0	0	0	0	1	1	0	1	0	0	0	0	0	0	0	0	0	0	0	0	0	0	0	0	0	1	0	0	0	6	0	0	0	0	0	0	0	2	0	0	4	0	0	3	0	0	0	0	0	0	0	0	0	0	7	0	0	0	1	0	0	2	0	0	0	0	0	0	1	0	0	0	0	0	1	0	5	3	0	0	0	95	2	0	1	0	0	0	1	0	0	0	0	0	0	0	0	0	0	0
"txid573"	0	24	0	0	0	0	0	0	0	0	1	0	0	7	0	0	0	2	1	0	0	0	0	0	0	0	0	2	3	0	9	1	0	0	0	8	5	0	0	1	4	1	3	2	0	0	0	0	3	1	0	0	1	1	0	0	12	0	0	3	44	0	0	0	3	0	0	0	3	0	0	8	0	0	1	1	0	0	0	1	0	0	0	0	0	0	0	0	0	1	0	0	122	1	1	0	0	2	1	0	0	3	1	1	1	1	2	0	22	1	0	0	35	0	0	3	1	0	0	17	1	0	0	12	0	1	1	0	0	0	0
"txid73098"	2	17	0	0	0	0	0	0	1	0	1	0	1	0	0	0	0	0	1	1	19	0	0	0	0	0	0	0	1	0	10	7	0	1	0	50	51	0	0	6	11	0	1	4	0	0	0	0	13	0	2	1	0	0	0	0	1	0	0	0	7	0	0	0	3	0	0	0	1	0	0	0	1	0	2	1	1	0	17	25	0	1	0	0	0	0	0	0	1	6	1	0	31	5	4	0	0	4	0	5	0	1	1	1	1	0	0	3	66	8	0	0	82	0	0	4	1	0	1	6	0	0	0	152	0	0	0	13	0	4	0
"txid623"	1	2	1	1	8	0	0	0	0	0	1	3	0	8	0	0	0	0	1	3	0	0	33	0	0	17	0	1	7	0	0	0	0	0	0	1	0	0	0	0	0	0	1	1	0	0	0	0	0	34	0	1	0	0	1	0	294	0	0	0	121	0	0	0	2	0	0	0	0	0	0	0	1	0	1	0	1	0	0	0	0	0	0	1	0	0	0	0	0	40	2	0	1292	1	8	0	0	14	1	87	1	3	0	19	0	2	0	187	0	0	17	0	41	626	0	73	0	0	0	0	3	0	1	19	3	0	0	0	0	73	16
"txid624"	0	0	0	0	0	0	0	0	0	0	0	0	0	0	0	0	0	0	0	0	0	0	0	0	0	0	0	0	0	0	0	0	0	0	0	0	0	0	0	0	0	0	0	0	0	0	0	0	0	0	0	0	0	0	0	0	0	0	0	0	1	0	0	0	0	0	0	0	1	0	0	0	0	0	0	0	0	0	0	0	0	0	0	0	0	0	0	0	0	22	0	0	397	0	4	0	0	1	1	5	0	2	0	3	0	0	0	1	0	0	0	0	6	4	0	1	0	0	0	0	0	0	0	1	0	0	0	0	0	1	0
"txid182337"	0	0	0	0	1	1	0	0	1	0	0	0	0	0	0	0	0	0	0	0	0	0	0	0	0	0	0	0	0	0	0	2	0	0	0	0	0	0	0	0	0	0	0	0	0	0	0	0	0	0	0	0	0	0	0	0	0	0	0	0	0	0	0	0	0	0	1	0	0	0	0	0	0	0	0	0	0	4	0	2	0	1	0	0	0	0	1	0	0	0	0	0	0	0	0	0	0	0	0	0	0	0	0	0	0	0	0	0	0	0	3	1	0	7	0	0	0	0	0	1	0	46	0	0	0	0	2	1	1	0	1
"txid55211"	0	0	0	0	0	0	0	0	0	0	0	0	0	0	0	0	0	0	0	0	0	0	0	0	0	0	0	0	0	0	0	0	0	0	0	0	0	0	0	0	0	0	1	0	0	0	0	0	0	0	0	0	0	0	0	0	0	0	0	0	0	0	0	0	0	0	1	0	1	0	0	0	0	0	0	0	0	0	1	1	0	2	0	0	0	0	0	0	0	0	0	0	0	0	0	0	0	0	0	0	1	0	1	0	0	0	0	0	0	0	0	0	0	3	0	0	0	1	0	0	0	0	0	0	0	0	66	0	0	0	0
"txid582"	0	1	0	0	1	0	0	1	0	0	0	0	18	0	39	0	21	7	1	1	2	0	6	3	0	0	0	2	1	9	11	11	0	5	0	3	8	0	7	9	6	20	12	2	0	0	0	0	5	2	0	0	0	0	0	1	6	1	0	0	57	0	0	0	0	1	3	5	21	0	0	0	0	0	1	0	0	0	0	0	0	0	0	0	0	0	0	0	2	6	0	0	41	14	3	3	0	4	2	0	0	1	0	1	0	0	1	2	13	3	1	1	24	0	1	4	1	2	1	1	0	0	0	1	1	2	0	2	0	1	0
"txid584"	7	2	0	0	0	0	0	0	0	0	0	0	1	0	0	0	0	0	0	0	0	0	0	0	0	0	0	0	1	0	16	1	0	0	0	4	0	0	0	1	0	0	0	0	0	0	0	0	0	0	0	0	0	0	0	0	0	0	0	0	3	0	0	0	0	0	0	0	0	0	0	0	0	0	0	0	0	0	0	0	0	0	0	0	0	0	0	0	0	2	0	0	47	0	9	0	0	0	0	0	0	0	0	0	0	0	0	0	66	20	0	0	36	2	0	4	0	0	0	0	0	0	0	0	0	0	0	1	0	5	0
"txid626774"	1	3	0	0	0	0	0	0	0	0	0	0	11	1	2	0	1	1	0	0	0	0	0	3	0	0	0	1	1	0	19	6	0	0	0	1	0	0	0	3	4	0	1	1	0	0	0	4	0	0	0	1	0	0	0	3	47	1	0	1	170	0	0	0	0	0	1	0	0	0	0	0	0	0	0	0	37	0	1	0	0	0	0	0	1	0	0	1	1	0	0	0	193	43	45	17	0	1	0	0	1	39	3	0	1	0	5	10	13	1	1	1	1519	0	0	35	0	0	0	0	0	0	0	2	0	0	0	1	1	0	0
"txid520999"	0	0	0	0	0	0	0	0	0	0	0	0	0	0	0	0	0	0	0	0	0	0	0	0	0	0	0	0	0	0	0	0	0	0	0	0	0	0	0	0	0	0	0	0	0	0	0	0	0	0	0	0	0	0	0	0	0	0	0	0	0	0	0	0	0	0	0	0	0	0	0	0	0	0	0	0	0	0	0	0	0	0	0	0	0	0	0	0	0	0	0	0	0	0	0	0	0	0	0	0	0	0	0	10	0	0	0	0	0	0	0	0	0	1	0	0	0	0	0	0	0	0	0	0	0	0	0	0	0	203	0
"txid2027290"	0	0	0	0	0	0	0	0	0	0	0	0	0	0	0	0	0	0	0	0	0	0	1	0	0	0	0	0	0	0	0	1	0	4	0	6	0	0	0	0	1	0	0	0	0	0	0	0	0	0	0	0	0	0	0	0	5	0	2	0	10	0	0	0	0	4	3	0	0	0	0	0	0	0	0	0	86	0	0	0	0	0	0	0	0	0	0	0	0	0	0	0	2	1	0	1	0	0	0	0	0	0	0	1	0	0	0	0	0	0	0	0	4	0	0	0	0	0	0	0	0	0	0	0	1	0	0	9	4	16	0
"txid587"	1	1	0	0	0	0	0	0	0	0	0	0	0	0	0	0	6	1	0	0	2	0	0	13	0	0	0	4	0	0	5	6	0	0	0	54	15	1	0	0	1	4	0	0	0	0	0	0	0	0	0	5	0	0	0	0	92	0	24	1	168	2	0	1	0	63	36	0	0	0	0	0	1	0	0	0	71	0	2	1	0	0	0	0	1	0	0	0	0	3	0	0	5	8	4	54	0	0	0	0	0	3	1	3	1	0	24	0	1	2	0	0	66	0	0	33	0	0	0	0	0	0	0	3	0	0	0	2	1	6	0
"txid71656"	2	4	1	0	0	0	0	1	0	0	8	0	0	0	2	0	1	0	0	0	0	0	1	0	0	0	2	2	1	0	0	1	0	0	1	6	3	0	2	1	0	0	0	2	0	0	0	0	0	0	2	2	2	0	0	0	15	0	0	0	1	0	0	1	0	0	0	0	0	0	0	3	0	1	0	0	0	0	1	1	0	1	0	0	0	0	2	4	0	0	0	2	1	2	1	10	0	1	1	0	3	6	2	1	4	3	1	0	10	3	0	0	0	1	5	1	3	4	2	0	1	0	0	4	1	0	3	5	0	0	3
"txid2703885"	0	0	0	0	0	1	0	0	1	0	0	0	0	0	0	0	0	0	0	0	0	0	0	0	0	0	0	0	1	0	0	0	0	0	0	0	0	0	0	0	0	0	0	0	0	0	0	0	3	0	0	0	1	0	0	0	0	0	0	0	0	0	0	0	1	0	0	0	0	0	0	0	2	0	0	0	0	10	0	0	0	2	0	0	0	0	0	0	0	1	0	0	0	0	0	0	0	4	0	1	0	0	1	0	11	10	0	0	0	0	4	0	0	4	3	2	1	3	0	0	0	3	0	0	0	0	3	0	2	0	0
"txid58169"	0	0	0	0	0	0	0	0	0	0	0	0	0	0	0	0	0	0	0	0	0	0	0	0	0	0	0	1	0	0	0	0	0	0	0	0	0	0	0	0	0	0	0	0	0	0	0	0	0	0	0	0	0	0	0	0	0	0	0	0	1	0	0	0	0	0	0	0	0	0	0	0	0	0	0	0	0	3	0	0	0	22	0	9	2	0	0	0	0	2	0	0	0	0	0	1	0	0	1	0	2	0	0	0	12	15	0	0	0	0	1	2	0	4	4	0	0	1	0	0	0	0	0	0	0	0	0	1	1	1	0
"txid106649"	0	0	0	0	0	0	0	0	0	0	0	0	0	0	0	0	0	0	0	0	0	0	0	0	0	0	0	0	0	0	0	0	0	0	0	0	0	0	0	0	0	0	0	0	0	0	0	0	0	0	0	0	0	0	0	0	0	0	0	0	0	0	0	0	0	0	0	0	0	0	0	0	0	0	0	0	0	0	0	0	0	0	0	0	0	0	0	0	0	0	0	0	0	0	0	0	0	0	0	0	0	0	0	0	0	0	0	0	0	0	83	0	0	0	0	0	0	0	2	1	0	2	0	0	0	0	0	0	0	0	0
"txid2699469"	6	0	0	0	0	0	0	0	0	0	0	0	0	0	0	0	0	0	0	0	0	0	0	0	0	0	0	0	0	0	0	0	0	0	0	0	0	0	0	0	0	1	87	0	0	0	1	0	0	4	0	1	0	0	1	0	0	0	0	593	208	0	0	0	0	0	0	0	0	0	0	0	0	0	0	0	0	0	0	0	0	0	0	0	0	0	0	0	0	0	0	0	0	0	0	0	0	0	0	0	0	0	0	0	0	0	0	0	0	0	0	0	0	0	0	0	0	0	0	0	0	1	0	7	0	0	0	0	0	0	0
"txid2715163"	0	0	0	0	0	0	0	0	0	0	0	0	0	0	0	0	0	0	0	0	0	0	0	0	0	0	0	0	0	0	0	0	0	0	1	0	0	0	0	0	0	0	33	0	0	0	0	0	0	2	0	0	0	0	0	0	0	0	0	171	65	0	0	0	0	0	0	0	0	0	0	0	0	0	0	0	0	0	0	0	0	0	0	0	0	0	0	0	0	0	0	0	0	0	0	0	0	0	0	0	0	0	0	0	0	0	0	5	0	0	0	0	0	0	0	0	0	0	0	0	0	0	0	2	0	0	0	0	0	0	0
"txid28090"	1	0	0	1	1	0	0	0	0	0	0	0	0	0	0	0	0	0	0	2	0	0	0	0	0	0	0	0	1	0	0	0	0	0	1	0	0	0	0	0	0	0	57	0	0	0	0	0	0	2	0	0	0	0	0	0	2	0	0	61	18	0	0	0	0	0	0	0	0	0	0	0	0	0	0	0	0	0	0	0	0	0	0	0	0	0	0	0	0	4	0	0	1	0	0	0	0	0	1	510	16	3	2	0	0	2	0	239	0	0	180	0	5	0	0	2	0	1	0	0	0	0	0	5	0	0	0	0	0	0	0
"txid742719"	1	0	0	0	0	0	0	1	0	0	0	0	0	0	0	0	0	0	1	0	0	0	0	0	0	0	0	0	0	0	0	0	0	0	0	0	0	0	0	0	0	0	18	0	1	0	0	0	0	0	0	0	0	0	0	0	1	0	0	91	31	0	0	0	0	0	0	0	1	0	0	0	0	0	0	0	0	0	0	0	0	0	0	0	0	0	0	0	0	0	0	0	0	0	0	0	0	0	0	0	0	0	0	1	0	0	0	0	0	0	6	0	0	0	0	0	0	1	1	0	0	0	0	6	0	0	0	0	0	0	0
"txid40216"	0	0	0	0	0	0	0	0	0	0	0	0	0	0	0	0	0	0	0	0	0	0	0	0	0	0	0	0	0	0	0	0	0	0	0	0	0	0	0	0	0	0	0	0	0	0	0	0	0	0	0	0	0	0	0	0	0	0	0	0	0	0	0	0	0	0	0	0	0	0	0	0	0	0	0	0	0	0	0	0	0	0	0	0	0	0	0	0	0	103	0	0	0	0	0	0	0	0	0	260	5	1	1	1	0	2	0	83	0	0	78	2	39	1	0	5	1	0	0	1	9	0	0	12	0	0	0	0	0	15	0
"txid108981"	1	0	0	0	0	0	0	0	0	0	0	0	0	0	0	0	0	0	0	0	0	0	0	0	0	1	0	0	0	0	0	0	0	0	1	0	0	0	0	0	0	0	12	0	1	0	0	0	0	0	0	0	0	0	0	0	2	0	0	7	1	0	0	0	0	0	0	0	0	0	0	0	0	0	0	0	0	0	0	0	0	0	0	0	0	0	0	0	0	0	0	0	0	0	0	0	0	0	0	8	0	1	0	0	0	3	0	31	0	0	179	0	9	3	0	4	0	0	0	0	1	0	0	15	0	0	0	0	0	0	1
"txid180588"	0	0	0	0	0	0	0	0	0	0	0	0	0	0	0	0	0	0	0	0	0	0	0	0	0	0	0	0	0	0	0	0	0	0	0	0	0	0	0	0	0	0	0	0	0	0	0	0	0	0	0	0	0	0	0	0	0	0	0	5	0	0	0	0	0	0	0	0	0	0	0	0	0	0	0	0	0	0	0	0	0	0	0	0	0	0	0	0	0	566	0	0	0	0	0	0	0	0	0	7	0	0	0	0	0	0	0	2	0	0	0	0	0	0	0	0	0	0	0	0	0	0	0	0	0	0	0	0	0	0	0
"txid2316085"	1	0	0	1	0	1	1	0	1	0	0	0	0	0	0	0	0	1	0	0	0	0	0	0	3	0	0	1	0	0	0	0	0	1	0	0	0	0	0	70	0	0	1	0	0	0	0	0	0	0	0	0	0	0	0	0	6	0	0	0	2	1	0	0	3	0	0	1	9	0	1	5	2	0	1	1	0	32	3	3	0	24	3	12	9	0	2	1	1	0	11	2	0	7	4	5	5	0	0	0	3	2	4	10	3	98	1	0	0	0	35	0	40	0	2	0	1	9	11	10	0	30	0	3	7	3	0	1	14	1	8
"txid296"	0	0	0	0	0	0	1	0	0	0	0	0	0	0	0	0	0	1	0	0	0	0	0	0	0	0	0	1	0	0	0	0	0	4	0	1	0	0	0	21	0	0	3	2	0	0	0	1	0	0	0	0	0	0	1	0	1	0	0	1	5	0	1	0	4	0	5	4	11	1	0	2	1	1	0	0	0	30	1	5	1	34	20	55	6	1	4	1	2	3	5	6	0	14	7	4	3	0	1	1	1	0	1	19	2	17	0	0	2	0	36	0	82	17	2	0	0	0	10	5	0	11	5	0	1	1	1	2	1	0	0
"txid1608996"	0	0	0	0	0	0	0	0	0	0	2	0	0	0	2	0	0	0	0	0	0	0	0	0	0	0	0	5	0	0	0	0	0	0	0	12	0	0	0	2	0	0	0	0	1	0	0	0	0	1	0	0	0	0	0	0	1	0	0	0	2	0	0	0	1	12	10	1	3	1	23	2	4	0	1	1	0	0	1	3	0	7	0	14	2	0	1	1	0	1	0	1	0	0	2	1	0	0	0	0	6	1	0	0	15	1	0	0	0	0	1	0	1	0	0	0	0	0	1	0	0	1	2	1	0	0	96	45	11	0	0
"txid2482751"	0	0	0	0	0	0	0	0	0	0	0	0	0	0	0	0	0	0	0	0	0	0	0	0	0	0	0	0	0	0	0	0	0	0	0	0	0	0	0	0	0	0	1	0	0	0	0	0	0	0	0	0	0	0	0	0	0	0	0	0	0	0	0	0	0	0	0	0	0	0	0	0	0	0	0	0	0	0	0	0	0	0	0	0	0	0	0	0	0	12	0	0	0	0	0	0	0	0	0	59	1	0	0	0	0	0	0	0	0	0	0	0	0	0	0	0	0	0	0	0	0	0	0	0	0	0	0	0	0	0	0
"txid2606638"	0	0	0	0	0	2	0	1	0	0	0	0	0	0	0	0	0	0	0	0	0	1	0	0	0	0	0	4	0	0	0	1	1	0	0	10	1	2	2	0	2	1	1	1	0	0	1	2	0	0	0	0	1	0	0	0	0	1	0	2	0	10	25	3	0	27	33	5	10	19	0	2	4	12	1	21	0	7	16	5	1	0	32	24	9	18	17	10	11	14	7	10	0	2	6	19	0	0	0	0	1	1	1	3	4	0	9	0	0	3	0	1	1	0	1	0	0	1	1	1	0	3	1	0	0	0	1	1	0	0	0
"txid2153"	6	1	2	0	4	20	2	22	3	1	18	9	4	1	1	5	0	1	2	1	12	8	6	24	1	11	33	7	2	3	4	11	14	1	4	6	18	10	11	11	6	21	4	1	2	7	1	2	4	9	11	6	5	4	4	4	1	1	7	0	1	0	2	11	2	1	13	2	0	5	5	2	1	1	4	0	6	6	2	0	3	2	0	2	2	3	1	5	1	1	2	3	8	2	1	1	19	3	4	2	4	3	2	0	3	3	1	0	6	3	0	3	0	4	4	4	4	2	2	4	8	1	3	2	4	1	7	2	1	11	4
